transaction_id,customer_name,restaurant,category,country,quantity,unit_price,rating,transaction_date
1,Customer_457,Pizza Hut,Burger,India,4,1127.92,1.4,2025-10-16
2,Customer_2234,Pizza Hut,Sandwich,Sri Lanka,1,921.63,1.9,2026-01-28
3,Customer_109,Subway,Pizza,Singapore,4,2521.44,2.1,2025-09-08
4,Customer_27,KFC,Sandwich,Australia,5,1199.66,4.8,2026-06-09
5,Customer_419,Pizza Hut,Sandwich,Sri Lanka,6,4313.72,3.4,2024-12-10
6,Customer_178,Dominos,Fast Food,Singapore,2,2984.18,4.3,2026-04-06
7,Customer_1482,Subway,Pizza,Sri Lanka,1,3475.68,4.1,2025-09-25
8,Customer_954,Pizza Hut,Sandwich,Australia,8,3360.58,2.5,2024-03-22
9,Customer_1456,KFC,Burger,Sri Lanka,10,3357.4,3.1,2025-01-14
10,Customer_670,Dominos,Sandwich,Australia,9,1488.27,2.3,2024-09-07
11,,KFC,Fast Food,Australia,7,1704.83,1.8,2026-02-25
12,Customer_2941,Burger King,Pizza,Singapore,7,4481.07,3.6,2025-08-03
13,Customer_1085,KFC,Pizza,Australia,10,2427.95,3.3,2024-05-26
14,Customer_899,KFC,Sandwich,Sri Lanka,1,4374.96,1.6,2025-01-05
15,Customer_2788,Dominos,Fast Food,Singapore,7,3181.5,2.9,2024-06-12
16,Customer_2267,Pizza Hut,Fast Food,Australia,6,1001.98,2.7,2024-09-14
17,Customer_14,Burger King,Pizza,Sri Lanka,5,4287.51,3.0,2025-04-09
18,Customer_627,Burger King,Pizza,Sri Lanka,10,1958.7,1.1,2024-07-22
19,Customer_1260,KFC,Fast Food,India,10,4761.27,1.3,2025-01-06
20,Customer_284,Subway,Pizza,India,8,4760.82,1.7,2025-05-12
21,Customer_2485,Dominos,Pizza,sri lanka,5,2295.47,3.7,2025-06-24
22,Customer_1795,Subway,Sandwich,SRI LANKA,4,1511.14,2.4,2025-01-17
23,Customer_2269,KFC,fast food,Sri Lanka,2,3685.28,1.2,2025-08-25
24,Customer_129,Burger King,Fast Food,India,5,3510.4,1.9,2024-03-10
25,Customer_2963,Subway,Sandwich,India,8,4133.74,1.8,2024-05-15
26,Customer_2700,Dominos,Burger,Singapore,7,2601.61,3.9,2024-04-09
27,Customer_2677,Pizza Hut,Fast Food,Singapore,6,4102.67,1.4,2025-11-20
28,Customer_780,Subway,Sandwich,India,7,1325.7,2.9,2024-07-15
29,Customer_309,Dominos,Fast Food,Sri Lanka,9,4262.12,4.9,2026-06-14
30,Customer_969,KFC,Sandwich,Singapore,8,1461.86,2.6,2026-02-10
31,Customer_675,Dominos,Fast Food,Singapore,5,-500.0,4.1,2024-03-01
32,Customer_1733,Subway,Sandwich,India,4,1835.19,4.9,2024-10-19
33,Customer_2221,Pizza Hut,Burger,Sri Lanka,1,3128.8,3.0,2025-08-16
34,Customer_2176,KFC,Fast Food,Sri Lanka,3,808.35,1.3,2026-05-23
35,Customer_964,Dominos,Fast Food,India,10,3175.34,3.5,2026-06-01
36,Customer_2693,Subway,Burger,Australia,4,3513.77,2.3,2025-03-05
37,Customer_1622,KFC,Burger,Singapore,6,4680.58,4.7,2024-09-28
38,Customer_1878,Subway,Fast Food,Sri Lanka,9,1459.19,2.1,2024-01-10
39,Customer_282,KFC,Burger,Australia,3,2471.83,3.2,2024-12-23
40,Customer_2506,Subway,Fast Food,Australia,2,4725.19,1.5,2024-11-05
41,Customer_439,Subway,Pizza,Australia,5,3221.73,6.0,2024-04-28
42,Customer_2816,Burger King,Sandwich,Australia,1,915.34,2.7,2024-07-27
43,Customer_181,Pizza Hut,Burger,India,5,1227.12,2.8,2024-10-10
44,Customer_1752,Subway,Fast Food,Sri Lanka,2,4752.73,3.8,2025-12-23
45,Customer_2235,Pizza Hut,Burger,India,7,1073.5,2.2,2024-06-01
46,Customer_164,Burger King,Pizza,India,2,2091.55,3.2,2026-03-26
47,Customer_1665,Subway,Pizza,India,3,4892.93,4.2,2026-06-14
48,Customer_102,KFC,Burger,Singapore,4,1700.63,4.1,2025-02-26
49,Customer_1567,Pizza Hut,Sandwich,India,4,4174.64,2.8,2024-04-20
50,Customer_933,KFC,Fast Food,India,7,1977.18,4.5,2024-11-08
51,Customer_1144,Burger King,Sandwich,Australia,1,1019.04,4.9,2026-03-02
52,Customer_2379,Burger King,Fast Food,Sri Lanka,10,2455.54,3.9,2024-07-01
53,Customer_1788,Subway,Fast Food,Singapore,10,1355.35,1.2,2024-11-17
54,Customer_7,Subway,Pizza,Australia,7,814.88,3.7,2025-03-22
55,Customer_2553,Burger King,Fast Food,Australia,9,1891.78,2.6,2024-12-04
56,Customer_2856,Burger King,Pizza,India,7,3492.18,2.5,2025-02-16
57,Customer_713,Subway,Burger,Singapore,9,4251.76,2.2,2026-02-05
58,Customer_1761,Subway,Burger,Singapore,8,2489.72,1.9,2024-08-03
59,Customer_696,Pizza Hut,Burger,Australia,2,4182.91,4.0,2025-04-29
60,Customer_1272,KFC,Pizza,India,1,707.96,4.9,2025-11-19
61,Customer_299,Dominos,Sandwich,India,7,2724.7,2.0,2025-09-17
62,Customer_2817,Pizza Hut,Fast Food,Singapore,4,1291.49,4.8,2025-11-02
63,Customer_1903,Pizza Hut,Pizza,Sri Lanka,8,1100.03,2.9,2025-06-14
64,Customer_2290,Subway,Burger,Singapore,10,4167.53,4.6,2025-06-27
65,Customer_2245,Dominos,Pizza,Singapore,8,1666.36,2.0,2025-03-12
66,Customer_1136,Subway,Sandwich,India,5,2479.43,3.9,2025-10-14
67,Customer_1113,Burger King,Burger,Sri Lanka,3,1178.74,2.5,2024-08-28
68,Customer_2894,KFC,Fast Food,Singapore,7,1988.97,2.9,2024-06-05
69,Customer_848,Dominos,Sandwich,Sri Lanka,10,2211.71,1.0,2024-03-04
70,Customer_1224,Dominos,Sandwich,India,8,1487.4,2.7,2024-12-26
71,Customer_1593,Burger King,Sandwich,India,8,4637.94,4.9,2024-01-30
72,Customer_111,Dominos,Fast Food,Sri Lanka,7,1110.65,2.8,2025-06-30
73,Customer_1066,Dominos,Burger,India,8,1970.81,4.0,2024-02-21
74,Customer_1140,Dominos,Burger,Sri Lanka,8,587.22,3.2,2025-01-23
75,Customer_919,Pizza Hut,Fast Food,Sri Lanka,4,1397.12,1.1,2024-12-24
76,Customer_978,KFC,Sandwich,Sri Lanka,10,4764.91,2.9,2024-06-05
77,Customer_1511,KFC,Fast Food,India,5,986.44,1.1,2024-09-19
78,Customer_2359,Dominos,Sandwich,India,2,3164.44,4.3,2024-11-15
79,Customer_418,Burger King,Fast Food,Sri Lanka,6,2897.35,3.6,2024-09-05
80,Customer_2073,Burger King,Fast Food,Singapore,8,974.92,4.8,2024-03-11
81,Customer_1884,KFC,Sandwich,India,9,4844.63,2.1,2025-10-12
82,Customer_2205,Dominos,Sandwich,Singapore,10,1707.78,4.4,2026-04-07
83,Customer_355,Burger King,Sandwich,India,8,3064.32,3.7,2026-04-30
84,Customer_118,Dominos,Burger,India,8,1454.54,4.2,2024-12-10
85,Customer_1146,Subway,Burger,Sri Lanka,9,4766.28,1.3,2024-12-14
86,Customer_1665,Dominos,Pizza,Singapore,8,2516.79,1.1,2026-01-07
87,Customer_908,Dominos,Pizza,Australia,10,2160.59,3.2,2024-10-28
88,Customer_1743,Subway,Burger,Australia,8,1719.12,2.0,2024-12-18
89,Customer_2955,KFC,Burger,Sri Lanka,9,4778.95,3.8,2024-05-03
90,Customer_887,Dominos,Burger,Australia,2,4246.83,2.2,2024-07-15
91,Customer_735,Burger King,Fast Food,India,5,704.82,1.2,2025-01-04
92,Customer_2857,KFC,Sandwich,Sri Lanka,1,3083.29,2.9,2024-10-26
93,Customer_1396,KFC,Fast Food,Australia,8,1013.39,1.3,2025-03-27
94,Customer_304,Subway,Fast Food,India,3,4150.14,4.8,2025-05-18
95,Customer_1017,Pizza Hut,Sandwich,India,9,2211.7,4.6,2024-03-28
96,Customer_2411,Dominos,Burger,Sri Lanka,10,4820.49,1.4,2024-10-31
97,Customer_852,KFC,Burger,Sri Lanka,3,1579.39,3.2,2026-02-20
98,Customer_11,Dominos,Sandwich,Singapore,5,646.88,2.2,2024-06-09
99,Customer_2880,Dominos,Fast Food,India,5,4045.23,3.5,2024-10-16
100,Customer_811,Dominos,Fast Food,India,3,4587.85,4.3,2025-11-08
101,Customer_245,KFC,Burger,,8,1059.59,3.8,2024-03-14
102,Customer_1649,Burger King,Sandwich,Singapore,2,3191.16,4.6,2025-12-17
103,Customer_1321,Subway,Burger,Sri Lanka,2,1530.16,3.7,2026-01-22
104,Customer_2357,Subway,Fast Food,Australia,10,681.04,4.0,2026-05-31
105,Customer_2126,Dominos,Burger,India,10,2461.48,4.3,2025-04-26
106,Customer_1926,Burger King,Sandwich,Australia,6,3515.6,4.4,2024-04-03
107,Customer_1687,Dominos,Burger,Singapore,9,665.14,1.4,2024-12-03
108,Customer_1325,Pizza Hut,Sandwich,Sri Lanka,9,2578.89,1.2,2024-09-15
109,Customer_1482,Subway,Sandwich,Singapore,1,1416.01,3.2,2025-06-14
110,Customer_1795,Dominos,Fast Food,Sri Lanka,10,4096.91,3.8,2024-10-21
111,Customer_2257,Pizza Hut,Sandwich,Sri Lanka,4,4965.16,4.7,2024-11-14
112,Customer_482,KFC,Sandwich,Australia,9,3674.35,2.7,2025-04-17
113,Customer_1935,KFC,Sandwich,India,7,1357.75,3.4,2025-05-09
114,Customer_560,Pizza Hut,Burger,Singapore,6,4704.12,3.0,2026-02-03
115,Customer_11,Burger King,Burger,Singapore,3,2509.46,2.9,2026-04-20
116,Customer_2261,Subway,Sandwich,Singapore,6,4413.21,4.9,2024-12-06
117,Customer_2343,Dominos,Pizza,Singapore,1,1931.79,2.9,2024-09-01
118,Customer_1562,Dominos,Pizza,Singapore,1,1068.11,4.9,2026-04-10
119,Customer_412,Dominos,Fast Food,Singapore,1,3751.0,2.6,2024-12-05
120,Customer_633,Pizza Hut,Sandwich,Australia,6,3304.67,2.6,2025-11-01
121,Customer_1346,Subway,Sandwich,Australia,8,4425.72,1.1,2024-03-23
122,Customer_962,Burger King,Pizza,Sri Lanka,7,4902.52,4.0,2024-03-11
123,Customer_412,Dominos,Pizza,Australia,1,706.96,4.2,2025-12-21
124,Customer_1469,Burger King,Sandwich,India,4,2890.25,3.3,2024-10-27
125,Customer_738,KFC,Pizza,Sri Lanka,10,4418.78,3.5,2026-03-22
126,Customer_2039,Subway,Pizza,India,8,3370.57,2.8,2024-09-03
127,Customer_39,Dominos,Burger,India,2,2487.78,2.4,2025-11-13
128,Customer_1226,Dominos,Burger,Singapore,5,1396.48,2.5,2025-08-24
129,Customer_437,KFC,Sandwich,Australia,10,1831.43,3.8,2025-05-09
130,Customer_2697,Dominos,Burger,Sri Lanka,10,4392.8,4.1,2024-01-23
131,Customer_2484,Dominos,Burger,India,10,4108.69,1.9,2024-02-20
132,Customer_2544,Burger King,Pizza,Sri Lanka,1,1890.2,2.8,2024-07-13
133,Customer_1495,KFC,Fast Food,Australia,6,3863.66,1.7,2025-08-16
134,Customer_2210,Burger King,Burger,India,5,4613.22,4.8,2024-05-15
135,Customer_1209,Burger King,Fast Food,Singapore,2,1133.41,4.9,2026-04-05
136,Customer_2771,Dominos,Burger,Sri Lanka,7,562.63,3.1,2026-05-30
137,Customer_1510,Burger King,Sandwich,Australia,2,3536.76,2.9,2025-04-10
138,Customer_2300,Burger King,Pizza,Sri Lanka,8,4592.24,2.2,2025-09-26
139,Customer_478,KFC,Fast Food,Sri Lanka,5,4981.67,1.5,2025-02-22
140,Customer_2202,KFC,Sandwich,Singapore,6,3517.19,4.0,2024-08-28
141,Customer_1717,Subway,Pizza,Singapore,2,4251.62,3.5,2025-07-07
142,Customer_135,Burger King,Pizza,Singapore,8,4777.5,4.4,2024-10-13
143,Customer_2809,Burger King,Burger,Sri Lanka,7,1741.47,4.9,2024-04-11
144,Customer_1863,Pizza Hut,Pizza,Sri Lanka,1,4040.58,2.0,2026-05-18
145,Customer_2313,KFC,Fast Food,India,10,1471.78,4.5,2024-05-08
146,Customer_605,Subway,Fast Food,Australia,3,4943.87,3.2,2024-12-02
147,Customer_715,Pizza Hut,Fast Food,India,1,2112.09,4.2,2026-03-28
148,Customer_1327,Pizza Hut,Pizza,Australia,1,1070.41,2.7,2025-08-25
149,Customer_261,Dominos,Sandwich,Australia,9,3171.5,2.8,2024-04-26
150,Customer_2520,Pizza Hut,Burger,Singapore,1,773.71,2.9,2024-08-14
151,Customer_1747,Pizza Hut,Sandwich,Singapore,2,4546.7,2.3,2025-02-15
152,Customer_270,KFC,Burger,Australia,7,4975.82,3.1,2024-05-31
153,Customer_2071,Subway,Sandwich,Sri Lanka,2,4337.57,3.6,2025-04-09
154,Customer_2259,KFC,Sandwich,Singapore,4,2362.16,4.3,2026-02-26
155,Customer_1704,Pizza Hut,Burger,Singapore,6,3492.99,2.5,2025-02-12
156,Customer_2814,Dominos,Fast Food,Sri Lanka,2,919.54,1.4,2024-06-05
157,Customer_1527,KFC,Fast Food,Australia,2,2348.64,4.5,2026-01-26
158,Customer_1733,Pizza Hut,Burger,Australia,6,966.2,3.0,2026-02-07
159,Customer_2690,Dominos,Pizza,Sri Lanka,6,4304.18,2.5,2024-06-07
160,Customer_1142,Subway,Pizza,Singapore,9,4885.46,4.3,2026-02-19
161,Customer_2765,Subway,Fast Food,Australia,1,1311.87,3.8,2025-09-20
162,Customer_1392,Burger King,Fast Food,India,3,3048.44,2.6,2024-11-12
163,Customer_2594,Pizza Hut,Fast Food,India,7,2389.25,2.4,2024-05-25
164,Customer_1277,Burger King,Fast Food,Sri Lanka,3,1208.34,3.5,2025-01-13
165,Customer_335,Burger King,Sandwich,Singapore,8,3231.84,2.7,2025-11-21
166,Customer_2099,Pizza Hut,Burger,Singapore,2,1774.61,3.7,2024-08-08
167,Customer_2159,Burger King,Fast Food,India,7,4930.01,1.2,2025-05-13
168,Customer_1235,KFC,Pizza,Australia,5,1976.55,1.0,2024-07-28
169,Customer_1764,KFC,Pizza,Singapore,9,3666.52,3.0,2026-02-03
170,Customer_2737,Burger King,Fast Food,Singapore,1,2462.99,2.8,2026-05-03
171,Customer_1283,Subway,Sandwich,Singapore,7,1802.82,2.6,2024-03-20
172,Customer_704,Subway,Sandwich,Australia,2,2465.2,1.4,2024-11-28
173,Customer_2413,Dominos,Fast Food,Singapore,5,3856.12,1.9,2025-03-22
174,Customer_689,Pizza Hut,Fast Food,India,6,2079.95,4.8,2026-03-08
175,Customer_605,KFC,Fast Food,India,5,1387.72,3.4,2025-10-22
176,Customer_2685,Pizza Hut,Pizza,Singapore,8,3895.01,4.0,2026-02-17
177,Customer_2790,Subway,Burger,Australia,3,2478.93,2.9,2025-04-04
178,Customer_1241,Burger King,Fast Food,Australia,9,833.86,2.8,2025-10-08
179,Customer_234,Burger King,Burger,Sri Lanka,2,3267.54,3.0,2024-02-08
180,Customer_2378,Subway,Fast Food,Singapore,10,3433.27,2.3,2025-04-18
181,Customer_2054,KFC,Fast Food,Singapore,2,4149.35,4.3,2025-05-02
182,Customer_346,Subway,Pizza,Sri Lanka,4,3684.3,5.0,2026-01-01
183,Customer_2142,Subway,Pizza,Australia,6,4630.72,2.5,2025-06-20
184,Customer_1386,Subway,Fast Food,Australia,2,1983.61,3.2,2026-03-04
185,Customer_1164,Burger King,Pizza,Australia,2,3122.33,1.6,2025-01-30
186,Customer_1271,Dominos,Pizza,Sri Lanka,5,3015.15,3.6,2024-12-24
187,Customer_524,Subway,Fast Food,Singapore,9,2128.23,2.5,2024-12-02
188,Customer_878,Burger King,Sandwich,India,4,4999.89,1.6,2024-07-03
189,Customer_415,Subway,Fast Food,Australia,10,1089.72,2.5,2024-10-29
190,Customer_741,Subway,Pizza,Singapore,1,2348.86,3.7,2024-06-15
191,Customer_1820,Subway,Burger,Singapore,4,2903.05,2.2,2024-08-31
192,Customer_1922,KFC,Burger,Singapore,8,3962.47,4.1,2026-04-08
193,Customer_2161,Dominos,Pizza,India,10,1122.79,2.0,2025-05-29
194,Customer_1969,Burger King,Fast Food,Sri Lanka,5,877.44,1.6,2025-10-18
195,Customer_2103,KFC,Sandwich,Sri Lanka,4,4175.16,4.5,2025-04-05
196,Customer_1700,Pizza Hut,Sandwich,Australia,4,2237.75,1.3,2024-01-28
197,Customer_116,Burger King,Fast Food,Australia,3,1119.2,2.1,2024-08-17
198,Customer_1936,KFC,Sandwich,Singapore,10,523.63,1.3,2026-04-29
199,Customer_884,KFC,Sandwich,Sri Lanka,5,1569.38,1.5,2024-09-19
200,Customer_1720,Subway,Sandwich,Sri Lanka,2,4265.09,3.0,2024-09-01
201,Customer_68,Subway,Pizza,India,5,2431.58,3.5,2025-07-02
202,Customer_2338,Dominos,Pizza,Sri Lanka,9,4885.95,1.3,2024-09-03
203,Customer_2229,Subway,Fast Food,Singapore,8,695.9,2.5,2025-06-22
204,Customer_1039,Pizza Hut,Burger,Sri Lanka,6,1585.07,3.6,2025-01-17
205,Customer_2384,Burger King,Pizza,Sri Lanka,6,2957.06,4.3,2024-04-16
206,Customer_2805,Dominos,Sandwich,India,3,783.95,4.1,2024-06-28
207,Customer_152,Burger King,Pizza,Sri Lanka,4,4486.06,2.3,2025-04-13
208,Customer_2112,Dominos,Sandwich,Australia,1,3889.81,1.8,2024-11-13
209,Customer_196,Burger King,Burger,Sri Lanka,6,2466.28,2.6,2024-12-31
210,Customer_1584,Burger King,Pizza,Singapore,8,2153.06,4.2,2025-03-26
211,Customer_339,Dominos,Fast Food,Singapore,10,4977.94,1.7,2024-09-30
212,Customer_1316,Pizza Hut,Fast Food,Australia,5,1879.23,3.4,2024-10-27
213,Customer_683,Dominos,Burger,Singapore,1,3770.66,4.6,2025-03-12
214,Customer_1782,Burger King,Fast Food,Sri Lanka,7,2134.9,4.2,2025-09-21
215,Customer_656,Pizza Hut,Pizza,Singapore,1,1068.04,1.9,2025-11-26
216,Customer_1501,Burger King,Sandwich,Sri Lanka,10,1190.47,2.8,2025-10-22
217,Customer_1524,Dominos,Fast Food,India,9,2151.27,2.3,2025-01-14
218,Customer_1023,Pizza Hut,Fast Food,India,8,2829.85,4.7,2024-10-12
219,Customer_1073,Burger King,Sandwich,India,10,1785.1,4.7,2024-04-30
220,Customer_820,Pizza Hut,Pizza,Sri Lanka,8,1276.95,3.9,2025-05-17
221,Customer_2794,Burger King,Burger,Sri Lanka,9,2939.77,4.6,2024-03-30
222,Customer_646,KFC,Burger,India,2,4933.1,4.2,2026-05-21
223,Customer_2024,Pizza Hut,Burger,Australia,8,4116.48,3.2,2024-08-30
224,Customer_354,Pizza Hut,Burger,Singapore,8,2865.63,4.1,2025-09-18
225,Customer_2355,Pizza Hut,Pizza,Australia,2,2524.89,3.7,2026-04-23
226,Customer_526,Subway,Pizza,India,7,2762.89,4.5,2024-12-18
227,Customer_509,Subway,Pizza,Australia,3,1228.85,4.7,2026-05-01
228,Customer_1418,Subway,Burger,Sri Lanka,5,1383.36,4.8,2024-08-18
229,Customer_513,Burger King,Fast Food,India,10,4737.23,1.6,2024-10-08
230,Customer_2558,Subway,Burger,Sri Lanka,1,865.5,4.8,2025-11-05
231,Customer_2363,Burger King,Pizza,Singapore,10,3375.46,3.0,2026-02-28
232,Customer_2235,Burger King,Burger,Singapore,4,4121.1,3.7,2025-10-04
233,Customer_1858,Pizza Hut,Fast Food,India,8,2370.3,2.9,2024-10-31
234,Customer_2485,KFC,Burger,Australia,6,4889.18,1.5,2024-12-14
235,Customer_2110,Subway,Fast Food,Australia,4,2599.13,2.1,2025-01-14
236,Customer_578,Pizza Hut,Fast Food,Australia,7,4388.74,2.7,2024-09-10
237,Customer_655,Burger King,Burger,India,3,2742.19,3.1,2026-06-05
238,Customer_1264,Dominos,Fast Food,Sri Lanka,7,2774.5,4.9,2025-05-25
239,Customer_2390,Burger King,Fast Food,Sri Lanka,5,2727.02,4.5,2024-08-08
240,Customer_2755,Dominos,Burger,Sri Lanka,2,2439.17,4.5,2025-10-31
241,Customer_1499,Dominos,Burger,Sri Lanka,7,730.21,3.2,2026-01-14
242,Customer_2267,Burger King,Fast Food,Singapore,9,2526.59,3.2,2025-01-06
243,Customer_2553,Subway,Fast Food,India,2,2272.57,4.2,2026-04-25
244,Customer_2285,Burger King,Pizza,India,10,2791.05,3.0,2024-12-13
245,Customer_160,KFC,Burger,Singapore,9,2556.45,3.4,2024-02-16
246,Customer_573,Burger King,Burger,India,7,4957.77,4.0,2025-06-11
247,Customer_2432,Burger King,Sandwich,Australia,8,4170.87,2.5,2024-11-02
248,Customer_449,Dominos,Burger,Sri Lanka,10,2635.66,4.9,2025-11-20
249,Customer_2370,Subway,Pizza,Sri Lanka,10,2662.02,3.1,2026-03-12
250,Customer_2539,Dominos,Pizza,India,1,3076.57,3.8,2026-01-08
251,Customer_78,Dominos,Burger,Singapore,3,2358.32,1.8,2024-07-14
252,Customer_2505,Dominos,Fast Food,India,9,1433.04,2.3,2025-05-28
253,Customer_1960,Subway,Sandwich,Australia,3,2568.49,3.1,2025-11-09
254,Customer_1452,Burger King,Sandwich,India,4,1755.53,2.2,2025-07-13
255,Customer_1184,KFC,Sandwich,Australia,8,2069.61,4.7,2024-10-31
256,Customer_2956,Burger King,Burger,Sri Lanka,10,3544.8,2.5,2026-03-25
257,Customer_1414,KFC,Burger,Sri Lanka,5,4798.91,1.3,2025-02-08
258,Customer_2687,Burger King,Sandwich,India,4,4225.78,2.1,2025-03-28
259,Customer_2852,Burger King,Pizza,Sri Lanka,10,3834.01,2.0,2025-07-29
260,Customer_2744,Subway,Pizza,India,1,950.89,2.3,2024-02-21
261,Customer_412,KFC,Fast Food,India,7,3438.02,4.5,2025-04-28
262,Customer_1956,KFC,Burger,Australia,5,3406.54,4.6,2025-05-02
263,Customer_2672,Subway,Pizza,Sri Lanka,3,2380.48,4.4,2024-04-01
264,Customer_1627,Dominos,Pizza,Australia,1,541.7,3.3,2024-02-07
265,Customer_1373,Burger King,Sandwich,Singapore,3,4329.77,2.9,2024-04-19
266,Customer_462,Burger King,Pizza,Singapore,5,3733.69,1.1,2024-07-16
267,Customer_1209,Subway,Pizza,India,10,4352.66,4.6,2024-12-11
268,Customer_1752,Subway,Burger,Sri Lanka,7,3511.65,1.7,2026-04-26
269,Customer_1956,Burger King,Pizza,Sri Lanka,5,2226.08,2.8,2024-05-23
270,Customer_1351,Burger King,Fast Food,Australia,6,3617.46,1.2,2024-09-30
271,Customer_1907,Burger King,Pizza,Singapore,9,4653.98,4.6,2024-05-01
272,Customer_1274,Pizza Hut,Burger,Australia,10,1493.82,4.8,2026-02-27
273,Customer_628,Dominos,Burger,Singapore,9,4607.59,4.0,2025-05-04
274,Customer_2721,KFC,Pizza,Sri Lanka,9,2510.37,3.8,2026-04-01
275,Customer_2311,Pizza Hut,Fast Food,India,10,2914.97,1.7,2024-03-20
276,Customer_2132,Dominos,Fast Food,India,10,2699.73,4.6,2026-05-24
277,Customer_228,Dominos,Pizza,Singapore,8,3037.6,3.2,2025-04-01
278,Customer_1263,Pizza Hut,Sandwich,Australia,1,3856.12,3.3,2025-11-19
279,Customer_1736,Burger King,Fast Food,Sri Lanka,2,4937.62,2.9,2024-02-16
280,Customer_1675,KFC,Pizza,Singapore,6,4967.85,2.5,2024-10-20
281,Customer_1547,Dominos,Fast Food,India,6,1033.85,5.0,2026-06-09
282,Customer_2167,KFC,Pizza,Sri Lanka,1,4903.21,2.9,2025-02-06
283,Customer_2231,Dominos,Sandwich,India,4,2572.81,1.6,2026-01-06
284,Customer_2970,Pizza Hut,Fast Food,Singapore,10,3947.24,4.5,2024-07-12
285,Customer_986,KFC,Fast Food,Sri Lanka,10,651.09,3.4,2024-01-17
286,Customer_200,KFC,Fast Food,Singapore,8,1554.53,1.9,2025-12-21
287,Customer_232,KFC,Burger,India,10,1935.07,3.4,2026-06-03
288,Customer_1314,KFC,Burger,India,9,1494.69,2.2,2025-11-19
289,Customer_2281,Subway,Pizza,Singapore,9,2730.29,4.9,2024-03-03
290,Customer_2750,Dominos,Burger,Singapore,7,1171.48,2.5,2025-10-20
291,Customer_2204,Dominos,Pizza,India,5,4358.94,1.6,2026-02-11
292,Customer_237,Subway,Sandwich,Singapore,9,2884.96,2.6,2025-04-19
293,Customer_833,Burger King,Fast Food,Singapore,6,916.09,3.9,2024-09-18
294,Customer_212,Burger King,Sandwich,Sri Lanka,2,1346.73,4.0,2024-07-14
295,Customer_2751,Subway,Pizza,Singapore,4,4412.63,2.3,2026-01-11
296,Customer_868,KFC,Fast Food,Singapore,4,3630.32,3.8,2024-01-16
297,Customer_981,Subway,Burger,Australia,7,2598.13,3.6,2025-02-10
298,Customer_1072,Burger King,Sandwich,Singapore,2,4112.67,3.9,2024-11-11
299,Customer_1312,KFC,Burger,Australia,7,705.72,4.5,2026-02-18
300,Customer_598,Pizza Hut,Burger,Singapore,5,1185.85,2.3,2026-01-29
301,Customer_2334,KFC,Sandwich,Australia,5,3935.12,3.0,2025-01-23
302,Customer_2629,Dominos,Sandwich,India,6,1261.7,3.9,2026-01-10
303,Customer_754,Subway,Fast Food,Sri Lanka,2,4753.35,3.7,2025-05-15
304,Customer_27,Dominos,Pizza,India,2,3682.26,1.0,2026-02-21
305,Customer_1868,Burger King,Fast Food,Singapore,8,570.79,3.1,2025-06-01
306,Customer_49,Pizza Hut,Burger,Australia,1,2759.97,3.8,2025-02-25
307,Customer_735,Pizza Hut,Fast Food,India,4,1363.69,3.1,2025-03-16
308,Customer_1452,Burger King,Sandwich,Sri Lanka,6,4816.84,2.8,2026-04-14
309,Customer_2856,KFC,Burger,Sri Lanka,1,920.75,2.5,2024-09-06
310,Customer_1950,Pizza Hut,Fast Food,India,2,2749.36,2.7,2025-07-19
311,Customer_1357,Subway,Fast Food,Sri Lanka,4,1451.38,4.5,2026-03-14
312,Customer_1948,Burger King,Fast Food,Sri Lanka,5,4546.9,3.3,2025-08-03
313,Customer_735,Burger King,Fast Food,India,10,1148.86,4.3,2024-02-03
314,Customer_1632,Pizza Hut,Burger,India,10,1582.12,4.3,2026-04-20
315,Customer_2774,Subway,Burger,Singapore,3,4057.24,3.8,2025-02-02
316,Customer_2052,Burger King,Fast Food,Sri Lanka,7,1544.65,1.3,2024-03-21
317,Customer_2515,Subway,Sandwich,Australia,1,3353.55,4.1,2025-09-11
318,Customer_2010,KFC,Burger,Singapore,7,1335.82,3.3,2025-04-06
319,Customer_352,Subway,Burger,India,2,869.17,1.6,2025-01-24
320,Customer_2597,KFC,Sandwich,Australia,6,979.48,1.0,2025-12-29
321,Customer_1822,Burger King,Burger,Sri Lanka,3,892.84,2.7,2024-11-11
322,Customer_2273,Subway,Sandwich,Sri Lanka,1,903.28,3.2,2025-07-24
323,Customer_2450,Burger King,Sandwich,Sri Lanka,5,2362.15,4.1,2025-09-03
324,Customer_2292,KFC,Pizza,Singapore,3,1124.78,2.2,2026-01-12
325,Customer_598,Pizza Hut,Pizza,Singapore,5,2394.96,2.9,2025-05-19
326,Customer_1480,Burger King,Pizza,Singapore,10,3275.01,2.8,2024-03-19
327,Customer_1248,Pizza Hut,Sandwich,Australia,10,2209.5,4.4,2024-05-18
328,Customer_1372,Dominos,Pizza,Australia,6,3214.45,3.8,2025-03-26
329,Customer_1287,KFC,Sandwich,Australia,5,3806.93,3.5,2025-05-05
330,Customer_993,Burger King,Sandwich,Australia,7,2142.57,4.7,2025-08-12
331,Customer_2426,Subway,Pizza,Sri Lanka,8,4743.39,1.8,2024-07-23
332,Customer_1194,Pizza Hut,Sandwich,Singapore,3,3350.01,2.0,2026-03-27
333,Customer_632,Dominos,Sandwich,Sri Lanka,8,4958.15,2.9,2025-11-05
334,Customer_2189,Subway,Sandwich,Sri Lanka,6,3657.35,4.2,2025-02-14
335,Customer_2614,Pizza Hut,Fast Food,India,6,1248.52,3.5,2025-08-31
336,Customer_2643,Dominos,Burger,Singapore,2,547.46,2.0,2025-07-30
337,Customer_2125,Subway,Pizza,Singapore,6,2260.1,4.1,2025-06-06
338,Customer_2829,Subway,Pizza,Australia,1,2672.47,2.2,2025-08-25
339,Customer_476,KFC,Burger,Australia,6,2549.0,1.8,2024-03-28
340,Customer_1427,Dominos,Fast Food,Singapore,8,1935.09,2.2,2025-05-09
341,Customer_2912,Pizza Hut,Fast Food,Australia,2,3547.13,1.7,2026-04-09
342,Customer_1000,Subway,Pizza,India,6,3019.32,4.8,2026-01-28
343,Customer_1660,KFC,Pizza,Singapore,7,631.37,3.5,2024-08-25
344,Customer_1842,Subway,Sandwich,Singapore,1,3671.31,1.8,2024-07-21
345,Customer_2883,Pizza Hut,Fast Food,India,6,1966.93,2.8,2026-02-09
346,Customer_2748,Dominos,Burger,Singapore,10,2266.45,1.5,2024-09-25
347,Customer_1876,Subway,Pizza,Australia,10,3155.76,3.7,2024-12-26
348,Customer_483,KFC,Burger,Sri Lanka,3,2179.88,1.6,2024-11-16
349,Customer_1714,Subway,Pizza,Singapore,7,1335.89,3.5,2025-02-01
350,Customer_2643,KFC,Pizza,Singapore,5,1131.33,2.3,2025-12-11
351,Customer_2538,Pizza Hut,Burger,Sri Lanka,8,1114.41,4.3,2025-04-06
352,Customer_2071,Dominos,Sandwich,Singapore,7,3695.64,2.8,2025-07-29
353,Customer_339,Subway,Fast Food,India,5,647.13,1.9,2024-06-20
354,Customer_689,Dominos,Sandwich,Sri Lanka,10,1013.93,4.1,2024-10-22
355,Customer_1503,Subway,Fast Food,Singapore,9,1483.44,2.7,2026-04-23
356,Customer_2678,KFC,Burger,Sri Lanka,8,1682.67,4.4,2026-01-23
357,Customer_1799,Pizza Hut,Pizza,India,10,3601.1,4.4,2024-03-30
358,Customer_2592,Dominos,Pizza,India,4,4160.88,4.2,2025-09-16
359,Customer_1437,Subway,Burger,India,6,4905.5,2.2,2025-08-06
360,Customer_1096,Subway,Fast Food,India,7,4634.46,5.0,2025-08-09
361,Customer_2687,KFC,Pizza,India,3,3701.28,4.3,2026-06-06
362,Customer_2770,Dominos,Sandwich,India,10,3345.81,3.5,2026-02-18
363,Customer_1852,Pizza Hut,Fast Food,Singapore,9,3874.11,3.8,2025-01-19
364,Customer_1512,Dominos,Sandwich,Australia,10,511.13,4.1,2026-06-17
365,Customer_382,Dominos,Burger,Sri Lanka,9,2289.72,4.9,2026-01-20
366,Customer_868,Dominos,Burger,Australia,5,2019.9,3.3,2026-04-24
367,Customer_1988,Burger King,Fast Food,Sri Lanka,2,3317.81,4.3,2025-08-02
368,Customer_509,KFC,Sandwich,Singapore,1,4963.27,2.7,2024-01-17
369,Customer_541,Burger King,Pizza,Australia,2,3445.65,2.0,2025-12-06
370,Customer_2722,KFC,Fast Food,Singapore,5,3766.95,4.0,2025-01-15
371,Customer_2685,Pizza Hut,Fast Food,Sri Lanka,4,2645.63,1.5,2025-03-15
372,Customer_2128,Dominos,Fast Food,Sri Lanka,6,4176.99,5.0,2024-08-19
373,Customer_2843,KFC,Sandwich,Sri Lanka,4,2223.81,3.9,2025-03-08
374,Customer_423,Burger King,Burger,Australia,3,2222.24,4.3,2024-04-14
375,Customer_546,KFC,Fast Food,Sri Lanka,10,3425.09,2.8,2026-06-14
376,Customer_873,KFC,Sandwich,Singapore,4,890.1,1.4,2026-01-09
377,Customer_505,Subway,Sandwich,Australia,7,1915.27,1.6,2026-02-09
378,Customer_2641,Pizza Hut,Pizza,Australia,1,4315.51,3.6,2024-10-10
379,Customer_842,Subway,Pizza,Singapore,5,3407.76,4.1,2024-11-04
380,Customer_981,Dominos,Sandwich,Sri Lanka,4,2748.12,3.4,2026-03-23
381,Customer_50,Burger King,Burger,India,7,4373.66,3.3,2025-06-24
382,Customer_2238,KFC,Sandwich,Sri Lanka,1,3143.14,1.1,2025-01-09
383,Customer_164,Pizza Hut,Sandwich,Australia,9,3952.0,2.7,2024-08-08
384,Customer_338,Subway,Pizza,Australia,2,1894.58,3.0,2025-02-15
385,Customer_637,Subway,Burger,Singapore,10,3354.32,4.3,2024-07-27
386,Customer_2635,Pizza Hut,Burger,Singapore,4,760.58,1.3,2025-11-28
387,Customer_476,Dominos,Fast Food,Australia,3,1037.49,3.8,2025-03-20
388,Customer_47,KFC,Sandwich,Australia,9,2827.5,4.3,2025-12-19
389,Customer_684,Burger King,Pizza,Australia,2,3971.44,1.1,2024-09-22
390,Customer_1759,Burger King,Fast Food,Australia,10,3323.9,3.0,2026-04-06
391,Customer_1476,Pizza Hut,Sandwich,India,6,1207.89,4.1,2025-06-07
392,Customer_2762,Pizza Hut,Pizza,Sri Lanka,1,4364.1,1.0,2025-08-10
393,Customer_1933,Burger King,Sandwich,India,3,4690.22,4.4,2024-02-17
394,Customer_2925,Dominos,Pizza,Australia,4,2373.15,3.9,2025-07-20
395,Customer_320,Subway,Burger,Sri Lanka,9,3529.97,1.2,2024-10-04
396,Customer_2113,Pizza Hut,Sandwich,Sri Lanka,8,4397.15,4.1,2024-08-16
397,Customer_1341,Pizza Hut,Sandwich,Sri Lanka,6,1403.02,3.3,2024-11-14
398,Customer_2551,KFC,Sandwich,Australia,10,4873.36,5.0,2024-11-07
399,Customer_801,Subway,Pizza,India,1,4695.79,1.1,2026-03-05
400,Customer_1419,Pizza Hut,Burger,Sri Lanka,7,4320.53,3.9,2025-07-08
401,Customer_841,Subway,Pizza,Singapore,8,4825.33,4.9,2024-04-16
402,Customer_2915,Burger King,Fast Food,Sri Lanka,4,4537.79,3.1,2024-05-25
403,Customer_1526,Dominos,Fast Food,Sri Lanka,9,1100.81,4.3,2025-12-18
404,Customer_2425,Subway,Fast Food,Singapore,3,1565.47,2.0,2024-03-17
405,Customer_1610,Burger King,Burger,Singapore,5,1551.25,4.8,2024-11-18
406,Customer_2395,Pizza Hut,Pizza,Sri Lanka,3,2523.05,2.3,2024-05-19
407,Customer_2196,Burger King,Pizza,Singapore,5,2585.06,4.4,2024-05-03
408,Customer_646,Burger King,Fast Food,India,6,1167.46,3.8,2024-04-02
409,Customer_1624,Subway,Fast Food,Australia,5,4190.4,1.7,2024-12-30
410,Customer_1853,Subway,Pizza,Sri Lanka,8,958.58,4.2,2025-02-18
411,Customer_49,Pizza Hut,Pizza,India,4,4206.53,2.5,2024-05-04
412,Customer_2641,Pizza Hut,Burger,Sri Lanka,1,4987.23,1.8,2025-10-07
413,Customer_1817,KFC,Fast Food,Australia,2,692.13,2.8,2025-10-23
414,Customer_2351,Dominos,Sandwich,Singapore,1,2222.28,2.7,2024-06-21
415,Customer_880,KFC,Burger,Australia,8,4475.41,1.1,2024-12-28
416,Customer_2528,KFC,Burger,Singapore,7,4472.5,2.9,2025-09-26
417,Customer_1146,Dominos,Pizza,Singapore,4,3391.94,4.2,2024-03-30
418,Customer_2584,Subway,Fast Food,Singapore,6,2658.58,4.1,2024-09-12
419,Customer_2317,Subway,Burger,Singapore,5,1309.17,2.3,2024-12-18
420,Customer_121,Burger King,Fast Food,Singapore,9,2108.45,3.3,2024-08-12
421,Customer_654,Pizza Hut,Pizza,India,5,2901.6,4.2,2024-08-26
422,Customer_230,KFC,Sandwich,Australia,3,1292.45,3.4,2026-01-24
423,Customer_2858,Burger King,Fast Food,Australia,10,3036.23,3.3,2026-04-05
424,Customer_2017,Subway,Burger,India,8,670.84,1.2,2024-07-11
425,Customer_897,Pizza Hut,Sandwich,Sri Lanka,6,4630.53,1.8,2025-09-08
426,Customer_1396,KFC,Burger,Sri Lanka,1,1164.7,3.8,2024-05-13
427,Customer_455,Subway,Burger,Sri Lanka,6,3670.42,3.6,2024-05-25
428,Customer_414,Burger King,Burger,Australia,3,4891.37,3.9,2025-08-23
429,Customer_2619,Dominos,Burger,India,9,3621.02,4.7,2025-03-23
430,Customer_1462,KFC,Pizza,Singapore,5,3802.98,2.2,2026-03-16
431,Customer_2986,Pizza Hut,Sandwich,Sri Lanka,3,3210.75,4.7,2024-06-30
432,Customer_905,Subway,Fast Food,Singapore,3,1990.26,1.3,2025-09-18
433,Customer_1309,KFC,Fast Food,Australia,8,551.28,1.8,2024-12-21
434,Customer_278,Burger King,Burger,Sri Lanka,1,716.66,2.8,2025-12-10
435,Customer_682,Dominos,Sandwich,Singapore,6,2957.11,1.4,2025-03-05
436,Customer_2368,KFC,Pizza,Singapore,2,4096.38,1.1,2025-05-05
437,Customer_1306,Burger King,Fast Food,Sri Lanka,6,1265.47,2.5,2024-01-21
438,Customer_308,Subway,Fast Food,Australia,10,4933.74,4.6,2026-01-19
439,Customer_127,Dominos,Pizza,Singapore,3,741.0,2.3,2025-12-22
440,Customer_1677,Subway,Burger,Australia,5,1568.97,1.2,2024-07-13
441,Customer_2252,Dominos,Pizza,Sri Lanka,6,517.17,1.4,2025-08-08
442,Customer_2712,Subway,Sandwich,India,2,615.81,1.7,2026-04-23
443,Customer_336,Dominos,Fast Food,Australia,7,2619.25,4.6,2024-10-25
444,Customer_374,Subway,Sandwich,India,6,4484.72,2.5,2024-09-28
445,Customer_183,Burger King,Sandwich,Singapore,5,1518.09,2.1,2025-04-01
446,Customer_620,Pizza Hut,Fast Food,Australia,9,2362.94,4.0,2024-03-04
447,Customer_2268,Pizza Hut,Sandwich,Singapore,9,3591.81,4.7,2024-08-20
448,Customer_966,Dominos,Burger,Sri Lanka,7,4562.5,3.9,2025-08-09
449,Customer_2340,Subway,Pizza,Sri Lanka,8,1277.96,4.9,2025-05-29
450,Customer_790,KFC,Fast Food,Singapore,2,4947.26,2.7,2024-08-04
451,Customer_2570,KFC,Burger,Australia,2,891.62,3.2,2026-04-22
452,Customer_1336,Burger King,Sandwich,Sri Lanka,10,3144.09,4.1,2025-07-19
453,Customer_1698,KFC,Pizza,Sri Lanka,2,3032.08,1.4,2024-04-25
454,Customer_2194,Burger King,Sandwich,Australia,7,3446.54,3.3,2024-10-19
455,Customer_154,KFC,Burger,Singapore,3,3282.1,3.7,2025-04-29
456,Customer_159,Dominos,Burger,India,1,3855.87,4.7,2025-02-15
457,Customer_83,Burger King,Burger,Australia,5,4292.81,4.4,2025-01-16
458,Customer_403,KFC,Pizza,Australia,8,3983.14,2.3,2025-12-02
459,Customer_1708,Subway,Fast Food,India,8,1451.26,4.3,2026-01-16
460,Customer_1985,Subway,Burger,Sri Lanka,9,4061.71,1.3,2026-01-28
461,Customer_2076,Dominos,Pizza,Sri Lanka,3,1367.44,4.3,2025-12-27
462,Customer_237,KFC,Fast Food,Singapore,1,4631.14,3.8,2026-05-07
463,Customer_1509,Dominos,Sandwich,Sri Lanka,1,1588.72,3.0,2024-10-07
464,Customer_728,Dominos,Burger,Australia,3,4269.44,2.0,2025-04-01
465,Customer_2822,Pizza Hut,Burger,Sri Lanka,7,723.43,4.4,2026-04-30
466,Customer_878,KFC,Pizza,India,5,3432.14,3.1,2026-03-09
467,Customer_2795,Pizza Hut,Sandwich,India,3,3205.14,1.0,2026-06-04
468,Customer_2492,Burger King,Burger,Singapore,7,4332.14,2.8,2024-09-15
469,Customer_1912,Burger King,Sandwich,Sri Lanka,1,2801.81,3.6,2024-08-11
470,Customer_1533,Subway,Burger,Australia,2,2667.82,2.3,2026-05-13
471,Customer_2624,Burger King,Burger,Australia,5,1347.62,3.1,2024-10-10
472,Customer_233,Subway,Sandwich,Australia,3,3745.77,3.6,2024-09-03
473,Customer_1063,Dominos,Sandwich,Singapore,1,3123.61,5.0,2024-10-29
474,Customer_778,Burger King,Pizza,Singapore,6,2782.92,4.4,2026-04-15
475,Customer_2694,Subway,Pizza,Australia,2,2618.51,4.0,2026-05-10
476,Customer_2290,KFC,Burger,Sri Lanka,4,2098.78,4.0,2026-01-12
477,Customer_1723,Burger King,Burger,Australia,10,1823.23,4.4,2024-11-10
478,Customer_220,Subway,Fast Food,Singapore,4,2752.15,4.5,2025-04-26
479,Customer_2171,Burger King,Sandwich,Sri Lanka,3,1118.14,1.8,2025-01-25
480,Customer_2333,Dominos,Pizza,Australia,3,4005.24,3.0,2025-02-23
481,Customer_725,Burger King,Fast Food,Sri Lanka,8,1730.88,4.0,2025-10-08
482,Customer_2361,KFC,Sandwich,Sri Lanka,3,3265.16,3.5,2024-06-21
483,Customer_1758,Dominos,Sandwich,Sri Lanka,1,2902.02,3.9,2025-02-17
484,Customer_1320,Subway,Pizza,Sri Lanka,1,3320.09,2.0,2024-01-15
485,Customer_1411,Burger King,Pizza,Sri Lanka,7,2765.01,2.2,2025-12-11
486,Customer_188,Burger King,Burger,Singapore,9,3183.66,2.4,2024-03-07
487,Customer_549,Burger King,Sandwich,Australia,4,1241.98,4.6,2025-12-04
488,Customer_1653,Pizza Hut,Pizza,India,3,1450.36,1.1,2026-04-11
489,Customer_693,Pizza Hut,Burger,Sri Lanka,7,4444.45,2.0,2025-05-31
490,Customer_2553,Pizza Hut,Fast Food,Sri Lanka,1,717.06,1.5,2025-07-01
491,Customer_1558,Pizza Hut,Burger,Singapore,3,1424.73,3.7,2025-03-30
492,Customer_1234,Dominos,Fast Food,Australia,10,3225.35,1.5,2024-01-10
493,Customer_430,Subway,Fast Food,Australia,2,4031.42,3.0,2026-04-30
494,Customer_819,Burger King,Pizza,Australia,7,1829.08,1.2,2025-09-15
495,Customer_851,Dominos,Burger,India,1,557.37,1.4,2025-05-23
496,Customer_2352,Dominos,Pizza,Sri Lanka,9,837.72,3.9,2024-04-23
497,Customer_2640,KFC,Sandwich,Australia,5,2589.25,1.4,2024-09-19
498,Customer_162,Burger King,Burger,Australia,7,3823.43,1.4,2024-06-27
499,Customer_188,Pizza Hut,Pizza,India,6,2108.87,2.8,2026-02-15
500,Customer_1099,Pizza Hut,Burger,Australia,3,1012.24,2.6,2025-09-28
501,Customer_1114,Dominos,Sandwich,Singapore,3,1008.75,,2025-04-12
502,Customer_653,Pizza Hut,Sandwich,Singapore,10,3552.77,1.7,2024-03-01
503,Customer_1469,Subway,Fast Food,India,8,4641.79,1.5,2025-01-23
504,Customer_1806,Pizza Hut,Fast Food,Australia,6,555.62,4.5,2025-02-25
505,Customer_2362,Subway,Pizza,Australia,9,2853.96,3.8,2025-06-21
506,Customer_1773,KFC,Sandwich,Australia,7,1168.95,4.3,2024-04-07
507,Customer_224,Pizza Hut,Pizza,Singapore,8,4412.37,1.3,2025-09-19
508,Customer_1314,KFC,Burger,Australia,1,2781.18,3.2,2025-05-18
509,Customer_1652,KFC,Fast Food,Singapore,8,4105.68,2.8,2025-01-22
510,Customer_2042,Dominos,Burger,Sri Lanka,8,3853.58,1.1,2026-05-27
511,Customer_1689,Pizza Hut,Fast Food,Sri Lanka,10,4834.27,3.6,2025-02-17
512,Customer_2304,KFC,Sandwich,Australia,6,4213.9,4.3,2025-06-04
513,Customer_1862,Burger King,Sandwich,Australia,8,1013.11,4.0,2026-05-14
514,Customer_9,Burger King,Burger,Australia,9,2848.93,3.8,2024-08-15
515,Customer_673,Dominos,Pizza,Singapore,2,1644.3,1.8,2024-02-16
516,Customer_1610,KFC,Sandwich,India,6,984.95,2.7,2024-05-03
517,Customer_2754,Subway,Fast Food,Singapore,8,3463.06,4.8,2025-10-10
518,Customer_2044,Pizza Hut,Fast Food,Singapore,10,2673.19,3.0,2024-05-17
519,Customer_2834,Subway,Pizza,India,2,2243.33,3.4,2024-06-30
520,Customer_2065,Dominos,Sandwich,India,5,2290.41,2.4,2024-11-25
521,Customer_1855,KFC,Pizza,Singapore,10,3650.06,4.0,2024-10-28
522,Customer_2874,Subway,Burger,India,4,1443.71,3.9,2024-11-02
523,Customer_1415,KFC,Pizza,Australia,2,3923.49,3.2,2025-12-04
524,Customer_2338,Dominos,Burger,Singapore,1,2852.28,1.1,2025-08-19
525,Customer_218,Pizza Hut,Pizza,Australia,3,4925.9,3.7,2024-05-28
526,Customer_255,Burger King,Pizza,Sri Lanka,6,4163.12,1.4,2024-05-29
527,Customer_2767,Subway,Pizza,Singapore,4,2799.15,4.2,2026-06-07
528,Customer_1179,Pizza Hut,Sandwich,Singapore,7,4805.16,4.9,2025-12-13
529,Customer_2262,Pizza Hut,Fast Food,Australia,4,3292.53,4.1,2024-11-16
530,Customer_1815,KFC,Burger,India,4,1823.8,1.7,2026-06-10
531,Customer_306,KFC,Pizza,Sri Lanka,7,682.85,2.1,2025-11-30
532,Customer_533,KFC,Burger,Sri Lanka,6,2598.49,4.7,2024-09-27
533,Customer_630,Burger King,Fast Food,Australia,8,4054.59,3.2,2024-02-10
534,Customer_2899,Burger King,Pizza,India,9,806.79,3.0,2024-03-15
535,Customer_2225,Subway,Sandwich,Sri Lanka,6,1495.39,1.9,2025-03-01
536,Customer_1357,Burger King,Burger,India,10,2887.25,5.0,2024-12-05
537,Customer_2660,Pizza Hut,Fast Food,Australia,8,1581.57,3.6,2026-04-23
538,Customer_999,Pizza Hut,Burger,Singapore,2,2236.44,3.2,2025-09-28
539,Customer_102,Subway,Burger,Singapore,8,697.33,4.6,2024-10-16
540,Customer_1313,Subway,Fast Food,Sri Lanka,3,4872.33,4.1,2024-07-16
541,Customer_31,Pizza Hut,Pizza,India,7,4260.49,1.8,2025-06-30
542,Customer_2879,Dominos,Fast Food,India,1,2566.51,2.3,2026-04-28
543,Customer_301,Pizza Hut,Pizza,Australia,9,816.99,4.3,2024-03-30
544,Customer_1670,Dominos,Sandwich,Singapore,7,1923.82,2.6,2024-09-21
545,Customer_2191,Pizza Hut,Fast Food,Sri Lanka,2,2109.65,3.0,2024-05-01
546,Customer_2810,Burger King,Fast Food,Australia,8,2216.36,4.3,2024-10-23
547,Customer_1942,KFC,Pizza,India,7,4085.47,4.4,2024-02-01
548,Customer_2598,KFC,Burger,Australia,1,2990.86,3.2,2024-10-29
549,Customer_172,Pizza Hut,Sandwich,Sri Lanka,5,1445.24,4.0,2024-05-06
550,Customer_1409,KFC,Sandwich,India,3,1327.97,3.5,2026-01-13
551,Customer_796,Pizza Hut,Pizza,Sri Lanka,9,2575.69,3.2,2024-09-15
552,Customer_2752,Pizza Hut,Burger,Sri Lanka,4,3765.15,2.9,2024-10-24
553,Customer_1463,KFC,Pizza,Sri Lanka,5,3287.82,4.6,2024-12-04
554,Customer_1991,Dominos,Burger,Australia,10,1185.78,3.3,2024-11-21
555,Customer_1296,Dominos,Pizza,Sri Lanka,6,1607.79,1.9,2026-04-07
556,Customer_2625,Dominos,Burger,Australia,3,3558.11,2.3,2026-01-27
557,Customer_1896,Dominos,Burger,Australia,8,2982.52,1.7,2025-05-06
558,Customer_336,Burger King,Pizza,India,5,3800.95,3.5,2025-09-13
559,Customer_309,Pizza Hut,Fast Food,Singapore,10,1457.42,1.1,2026-01-14
560,Customer_2227,Subway,Sandwich,India,6,2266.24,4.6,2024-09-23
561,Customer_1192,KFC,Sandwich,Sri Lanka,7,2137.4,1.0,2025-08-26
562,Customer_2516,KFC,Pizza,Singapore,3,1306.15,4.8,2024-09-01
563,Customer_599,Dominos,Burger,Sri Lanka,4,3926.63,1.9,2025-11-06
564,Customer_1514,KFC,Fast Food,India,9,4584.77,2.4,2024-09-27
565,Customer_1863,Pizza Hut,Fast Food,Australia,2,3666.81,3.1,2025-04-25
566,Customer_1121,Burger King,Pizza,Singapore,7,2143.84,3.6,2026-04-29
567,Customer_319,Subway,Burger,Singapore,4,2823.67,2.4,2026-05-05
568,Customer_1414,Dominos,Sandwich,Sri Lanka,9,4469.15,2.8,2026-06-07
569,Customer_316,Subway,Burger,India,3,1341.08,2.4,2024-08-23
570,Customer_485,KFC,Sandwich,Australia,2,2666.82,2.9,2026-01-04
571,Customer_2420,KFC,Sandwich,Sri Lanka,4,694.15,3.3,2024-08-03
572,Customer_552,Subway,Fast Food,India,1,1248.54,4.7,2024-06-13
573,Customer_1661,Subway,Fast Food,Australia,2,1474.67,3.4,2025-06-13
574,Customer_1973,KFC,Pizza,Singapore,10,1142.2,3.3,2025-04-27
575,Customer_745,Subway,Burger,India,6,4650.58,3.4,2026-02-24
576,Customer_942,Dominos,Sandwich,India,2,574.53,3.1,2024-03-11
577,Customer_2804,Dominos,Pizza,Sri Lanka,3,2641.41,3.5,2025-05-31
578,Customer_2177,Subway,Fast Food,Sri Lanka,8,3467.27,4.6,2024-02-09
579,Customer_5,Dominos,Sandwich,Australia,1,3639.39,2.7,2025-07-06
580,Customer_1975,Dominos,Burger,Sri Lanka,7,1102.47,2.9,2026-04-01
581,Customer_344,Burger King,Sandwich,Australia,4,524.61,4.0,2024-08-26
582,Customer_2368,Subway,Fast Food,Sri Lanka,7,3445.46,3.8,2024-01-08
583,Customer_1675,Burger King,Fast Food,India,7,3432.09,2.0,2024-11-19
584,Customer_2196,Dominos,Burger,Australia,7,3897.37,2.7,2026-05-25
585,Customer_2284,Dominos,Pizza,Australia,9,2997.1,2.0,2026-03-13
586,Customer_2367,Burger King,Sandwich,India,2,3865.16,2.8,2024-11-10
587,Customer_663,Pizza Hut,Pizza,Singapore,6,4103.84,3.5,2025-12-17
588,Customer_2896,Pizza Hut,Pizza,Singapore,1,4119.66,4.3,2025-12-01
589,Customer_2459,Dominos,Fast Food,Sri Lanka,5,1497.97,1.3,2025-04-27
590,Customer_2968,Dominos,Sandwich,Australia,10,758.58,4.1,2024-02-08
591,Customer_2623,Dominos,Sandwich,Sri Lanka,4,4327.55,4.7,2024-06-28
592,Customer_1172,KFC,Fast Food,India,10,1262.67,1.1,2025-06-14
593,Customer_2683,Pizza Hut,Pizza,Sri Lanka,5,4008.53,2.4,2024-09-01
594,Customer_1661,Subway,Pizza,Sri Lanka,2,4636.3,3.2,2025-02-08
595,Customer_2291,Subway,Burger,Australia,5,1518.33,4.9,2026-01-13
596,Customer_1655,Subway,Fast Food,Australia,3,2332.11,1.4,2025-04-10
597,Customer_2061,Burger King,Burger,Sri Lanka,9,4805.19,4.5,2024-03-15
598,Customer_2355,Burger King,Sandwich,Singapore,10,2676.33,2.0,2026-04-12
599,Customer_1880,Dominos,Fast Food,Singapore,2,1660.19,2.5,2024-12-13
600,Customer_903,KFC,Burger,Singapore,6,2824.27,1.0,2026-03-18
601,Customer_1079,KFC,Burger,Sri Lanka,7,3531.64,4.3,2026-05-02
602,Customer_2272,KFC,Sandwich,Australia,6,1483.55,3.3,2024-03-18
603,Customer_2799,KFC,Sandwich,India,4,3809.43,4.5,2024-07-06
604,Customer_939,KFC,Pizza,Australia,3,4005.22,1.5,2024-07-30
605,Customer_2769,Dominos,Fast Food,Sri Lanka,8,2170.38,2.3,2024-03-21
606,Customer_1126,Dominos,Pizza,Australia,7,1499.42,3.3,2025-08-11
607,Customer_2154,Dominos,Sandwich,Sri Lanka,9,2062.8,4.4,2024-02-25
608,Customer_716,Dominos,Fast Food,Singapore,6,3601.45,1.0,2026-03-05
609,Customer_1555,Subway,Fast Food,Australia,6,3257.5,2.0,2024-08-03
610,Customer_1077,KFC,Burger,Singapore,10,2043.93,1.7,2025-07-15
611,Customer_863,Dominos,Burger,Australia,7,1758.33,1.7,2025-03-10
612,Customer_2359,KFC,Fast Food,Australia,4,2999.03,4.4,2024-05-14
613,Customer_598,KFC,Sandwich,Sri Lanka,3,2396.84,1.5,2024-07-19
614,Customer_2584,Subway,Burger,Singapore,5,1629.38,4.4,2026-05-19
615,Customer_1632,Pizza Hut,Pizza,Sri Lanka,4,4162.18,2.9,2024-02-18
616,Customer_395,Dominos,Burger,Australia,6,2121.38,3.2,2025-10-06
617,Customer_1056,Burger King,Fast Food,Singapore,2,2079.91,3.7,2026-04-09
618,Customer_815,Subway,Pizza,Australia,6,1962.91,3.0,2025-09-12
619,Customer_1831,Pizza Hut,Sandwich,Australia,8,3342.7,1.6,2026-03-04
620,Customer_2624,Burger King,Sandwich,Singapore,2,856.0,2.4,2024-06-20
621,Customer_1298,Burger King,Burger,Singapore,5,4494.61,4.1,2024-11-17
622,Customer_2405,Subway,Sandwich,Singapore,3,1327.49,1.1,2025-01-06
623,Customer_962,Burger King,Fast Food,India,3,2286.71,1.4,2026-01-15
624,Customer_1939,Subway,Fast Food,Sri Lanka,7,2857.92,5.0,2026-06-18
625,Customer_1076,Subway,Pizza,Sri Lanka,7,1892.17,2.0,2024-04-16
626,Customer_1816,KFC,Pizza,India,1,658.2,2.4,2024-10-17
627,Customer_1951,Dominos,Burger,Singapore,3,4862.94,3.8,2024-11-29
628,Customer_2421,Subway,Sandwich,Singapore,9,3379.04,3.1,2024-06-30
629,Customer_1973,Subway,Pizza,Sri Lanka,8,1885.41,2.6,2024-12-21
630,Customer_1244,Pizza Hut,Fast Food,India,6,1790.43,3.1,2024-06-08
631,Customer_2015,Dominos,Burger,Sri Lanka,7,4090.84,3.4,2025-12-05
632,Customer_30,Subway,Burger,India,7,4469.73,2.7,2026-03-26
633,Customer_669,Dominos,Sandwich,India,5,856.44,3.5,2024-09-12
634,Customer_2512,Burger King,Burger,Australia,7,1346.0,1.3,2025-06-13
635,Customer_1187,Pizza Hut,Sandwich,Singapore,5,3652.13,3.0,2024-05-19
636,Customer_80,KFC,Fast Food,Sri Lanka,3,4875.5,2.1,2024-11-24
637,Customer_2930,Dominos,Fast Food,India,2,1178.08,3.0,2024-05-08
638,Customer_1722,Burger King,Sandwich,Australia,8,3636.21,1.1,2024-12-16
639,Customer_599,Pizza Hut,Burger,Singapore,2,2944.36,1.7,2024-03-23
640,Customer_1025,Dominos,Fast Food,Sri Lanka,4,2231.59,4.9,2026-05-11
641,Customer_138,KFC,Sandwich,Sri Lanka,9,3497.04,1.8,2024-09-10
642,Customer_2792,Burger King,Burger,India,1,3851.26,3.2,2025-02-02
643,Customer_1038,Dominos,Burger,India,6,4493.84,4.5,2024-05-05
644,Customer_463,KFC,Sandwich,Australia,1,1253.12,2.1,2024-08-11
645,Customer_1622,KFC,Fast Food,Sri Lanka,10,4025.64,2.9,2024-05-02
646,Customer_635,Burger King,Fast Food,India,3,2749.64,3.7,2025-09-02
647,Customer_2561,Pizza Hut,Fast Food,Australia,3,3655.98,4.2,2024-12-12
648,Customer_1999,KFC,Burger,Australia,8,3799.35,1.1,2024-05-08
649,Customer_1468,KFC,Burger,Sri Lanka,8,3679.82,3.2,2025-01-21
650,Customer_2856,Dominos,Pizza,India,9,2064.49,3.9,2025-07-09
651,Customer_2453,Subway,Pizza,Sri Lanka,9,1197.61,2.2,2024-10-08
652,Customer_2219,Burger King,Sandwich,Sri Lanka,9,2205.7,1.7,2024-09-26
653,Customer_2539,Burger King,Pizza,Australia,2,3462.3,3.2,2024-01-20
654,Customer_778,Subway,Sandwich,India,10,1774.08,2.6,2025-01-31
655,Customer_453,Pizza Hut,Fast Food,Sri Lanka,3,1303.87,1.1,2024-11-25
656,Customer_1989,KFC,Fast Food,Sri Lanka,10,3387.88,2.6,2024-04-19
657,Customer_2154,Subway,Burger,Sri Lanka,6,1493.25,3.9,2025-05-16
658,Customer_855,Dominos,Fast Food,Singapore,1,2124.17,4.0,2024-01-14
659,Customer_1512,Pizza Hut,Burger,Sri Lanka,2,4255.05,1.3,2025-03-01
660,Customer_2128,Pizza Hut,Fast Food,India,9,2233.99,1.8,2024-08-09
661,Customer_1019,Subway,Pizza,Singapore,2,3948.28,3.3,2025-11-03
662,Customer_1879,Dominos,Fast Food,India,3,2974.84,3.0,2025-11-21
663,Customer_648,Subway,Sandwich,Australia,6,2975.37,5.0,2025-11-04
664,Customer_1523,Dominos,Sandwich,Australia,10,1583.25,3.2,2026-05-15
665,Customer_2254,Burger King,Burger,Singapore,8,4819.21,1.0,2025-01-19
666,Customer_1166,Subway,Fast Food,India,5,529.56,4.9,2024-02-05
667,Customer_1290,Pizza Hut,Burger,India,2,669.81,2.4,2024-08-07
668,Customer_1086,Burger King,Pizza,India,5,4149.83,1.4,2024-05-21
669,Customer_2331,KFC,Fast Food,Australia,8,1278.06,4.3,2025-02-13
670,Customer_2879,Subway,Fast Food,Australia,1,3788.55,3.3,2025-12-07
671,Customer_230,Burger King,Burger,Singapore,7,4686.11,1.5,2024-03-21
672,Customer_929,Subway,Fast Food,Singapore,1,1871.53,1.2,2026-02-27
673,Customer_2314,KFC,Burger,India,3,727.34,3.9,2025-07-06
674,Customer_1826,Subway,Fast Food,India,7,1804.02,2.6,2025-02-06
675,Customer_1377,Pizza Hut,Sandwich,Sri Lanka,9,2296.36,1.3,2024-05-15
676,Customer_1780,KFC,Pizza,Singapore,9,1391.49,2.6,2025-05-28
677,Customer_804,Subway,Pizza,India,2,1698.16,2.7,2025-08-08
678,Customer_2360,Pizza Hut,Fast Food,Singapore,7,2143.7,1.8,2025-12-02
679,Customer_2433,Pizza Hut,Burger,India,6,3272.99,5.0,2024-12-18
680,Customer_2553,KFC,Sandwich,Sri Lanka,4,1398.58,2.5,2025-03-28
681,Customer_2984,Pizza Hut,Fast Food,Sri Lanka,4,4770.23,4.7,2026-02-14
682,Customer_1179,Pizza Hut,Burger,Sri Lanka,5,2525.28,1.1,2026-06-08
683,Customer_2204,KFC,Pizza,Australia,9,2673.62,3.9,2024-08-02
684,Customer_2848,Pizza Hut,Sandwich,Sri Lanka,5,1266.44,2.1,2024-05-24
685,Customer_2853,Subway,Burger,Sri Lanka,8,3446.41,1.0,2026-03-19
686,Customer_2705,Burger King,Burger,Sri Lanka,1,1816.23,4.5,2025-02-01
687,Customer_947,Dominos,Fast Food,Australia,8,4400.48,3.1,2025-01-30
688,Customer_815,Subway,Sandwich,Sri Lanka,1,1613.26,3.1,2024-07-09
689,Customer_2007,Dominos,Pizza,Sri Lanka,6,3579.4,2.4,2024-12-07
690,Customer_968,Subway,Burger,Sri Lanka,5,4454.05,4.6,2024-11-05
691,Customer_121,Subway,Burger,India,3,2038.04,2.6,2026-04-14
692,Customer_360,Dominos,Pizza,Singapore,4,3078.04,2.7,2024-05-20
693,Customer_2480,Burger King,Sandwich,India,4,3436.13,3.3,2024-11-15
694,Customer_829,KFC,Burger,India,7,4980.59,4.9,2025-12-01
695,Customer_2688,Subway,Pizza,Australia,2,3008.03,4.8,2024-05-28
696,Customer_755,Burger King,Pizza,Sri Lanka,6,4460.59,2.7,2024-05-01
697,Customer_1243,Dominos,Burger,India,4,980.47,1.7,2025-02-25
698,Customer_2507,Subway,Burger,India,10,1544.82,3.7,2026-02-19
699,Customer_326,Dominos,Pizza,Singapore,6,1327.89,2.5,2025-01-02
700,Customer_564,KFC,Pizza,India,1,2338.65,4.9,2025-04-30
701,Customer_1692,KFC,Pizza,India,2,1296.85,4.8,2024-10-03
702,Customer_2528,Dominos,Burger,Singapore,4,2424.0,4.1,2025-03-25
703,Customer_1559,Burger King,Sandwich,Sri Lanka,9,991.92,2.8,2025-09-14
704,Customer_174,KFC,Sandwich,Sri Lanka,9,2243.29,4.1,2026-06-17
705,Customer_778,Burger King,Sandwich,Singapore,5,3981.55,2.1,2024-02-20
706,Customer_1731,Burger King,Fast Food,India,8,4234.52,2.8,2024-06-19
707,Customer_2051,Pizza Hut,Pizza,India,7,2361.02,2.8,2026-01-09
708,Customer_1859,Subway,Pizza,Singapore,2,1625.37,3.8,2024-07-02
709,Customer_672,Pizza Hut,Fast Food,Sri Lanka,8,3353.33,1.3,2025-12-29
710,Customer_1574,Subway,Pizza,Singapore,9,2212.73,4.1,2025-12-25
711,Customer_2317,KFC,Pizza,India,3,3961.21,1.2,2024-12-09
712,Customer_1268,Dominos,Burger,India,2,4543.44,4.8,2024-11-11
713,Customer_2551,Burger King,Fast Food,Singapore,8,4349.35,3.2,2024-01-04
714,Customer_2491,Dominos,Pizza,India,10,3467.62,2.8,2024-01-06
715,Customer_326,Subway,Fast Food,India,9,1751.51,3.5,2025-03-28
716,Customer_851,Pizza Hut,Pizza,India,1,3439.75,1.1,2026-04-19
717,Customer_133,Subway,Burger,Australia,2,720.64,2.7,2026-05-24
718,Customer_661,Burger King,Pizza,Singapore,10,2120.85,1.1,2024-07-01
719,Customer_1226,Burger King,Burger,Singapore,2,3912.99,4.4,2026-02-25
720,Customer_1200,Dominos,Pizza,Sri Lanka,5,1981.44,2.7,2024-03-07
721,Customer_2851,KFC,Fast Food,Sri Lanka,10,3783.78,3.5,2024-08-02
722,Customer_1982,Subway,Burger,Singapore,10,4315.09,2.0,2024-03-30
723,Customer_2553,Burger King,Pizza,Singapore,9,3781.33,3.0,2025-08-11
724,Customer_737,Subway,Pizza,Australia,4,507.11,1.1,2026-04-07
725,Customer_484,KFC,Sandwich,Singapore,1,2002.07,3.2,2025-10-02
726,Customer_870,Pizza Hut,Pizza,Australia,5,4055.88,2.2,2025-10-14
727,Customer_2253,Burger King,Fast Food,Sri Lanka,6,2036.13,3.9,2025-06-02
728,Customer_120,KFC,Pizza,Australia,6,4650.26,2.9,2025-09-22
729,Customer_146,KFC,Sandwich,India,8,4514.26,3.1,2025-04-30
730,Customer_1895,Dominos,Fast Food,Australia,10,3762.34,2.3,2024-12-09
731,Customer_77,KFC,Burger,Australia,2,4863.26,2.1,2025-07-02
732,Customer_1390,Dominos,Pizza,Singapore,3,3178.36,4.5,2024-02-01
733,Customer_1263,Burger King,Fast Food,Australia,7,890.59,4.5,2026-02-08
734,Customer_1852,Burger King,Pizza,Australia,3,1005.04,4.1,2025-01-15
735,Customer_828,Pizza Hut,Sandwich,Sri Lanka,8,4572.3,1.6,2026-03-07
736,Customer_1981,Subway,Burger,Australia,3,3962.67,1.4,2024-12-14
737,Customer_2772,KFC,Pizza,Sri Lanka,8,2244.15,4.5,2025-06-12
738,Customer_17,Burger King,Fast Food,Sri Lanka,6,2600.94,1.2,2024-04-28
739,Customer_2700,Burger King,Fast Food,Australia,4,1943.96,1.8,2025-06-17
740,Customer_2181,Burger King,Sandwich,Sri Lanka,5,1171.94,2.1,2024-10-10
741,Customer_2552,Subway,Fast Food,India,9,2076.43,2.3,2024-01-16
742,Customer_2886,Burger King,Pizza,India,2,1901.2,4.6,2024-05-24
743,Customer_1818,Pizza Hut,Pizza,Sri Lanka,8,4564.82,1.2,2025-07-07
744,Customer_221,Pizza Hut,Sandwich,Singapore,3,3671.05,4.6,2025-01-27
745,Customer_2827,Dominos,Burger,Australia,6,4178.49,3.9,2025-10-06
746,Customer_2186,Pizza Hut,Sandwich,India,2,4157.83,4.7,2025-11-17
747,Customer_399,Dominos,Burger,Singapore,8,1542.62,1.9,2025-04-24
748,Customer_2527,Burger King,Burger,Singapore,3,3648.27,3.7,2026-05-31
749,Customer_1331,Dominos,Sandwich,Sri Lanka,2,2639.0,2.4,2026-03-18
750,Customer_700,Burger King,Burger,India,9,963.19,4.3,2025-04-17
751,Customer_439,Burger King,Fast Food,Australia,9,2574.39,3.4,2026-03-26
752,Customer_2544,KFC,Pizza,Singapore,7,797.27,1.8,2024-09-01
753,Customer_2421,Dominos,Sandwich,Australia,9,3623.6,1.7,2025-12-11
754,Customer_320,Subway,Sandwich,Sri Lanka,10,3182.34,2.3,2025-11-16
755,Customer_1824,KFC,Burger,Singapore,2,3192.17,3.7,2024-04-09
756,Customer_1553,Burger King,Sandwich,Sri Lanka,2,1479.25,1.6,2025-09-02
757,Customer_2606,Pizza Hut,Pizza,India,8,2890.65,2.6,2025-08-17
758,Customer_1832,KFC,Pizza,Australia,5,3066.24,4.7,2025-08-14
759,Customer_1781,Burger King,Fast Food,Sri Lanka,10,4938.9,2.6,2024-11-07
760,Customer_1205,Pizza Hut,Burger,Sri Lanka,1,3665.09,4.3,2024-05-10
761,Customer_450,Burger King,Fast Food,India,7,3660.0,2.6,2025-01-02
762,Customer_2916,Dominos,Sandwich,Singapore,7,2953.03,3.6,2024-11-21
763,Customer_570,KFC,Sandwich,Australia,7,1194.2,5.0,2025-05-01
764,Customer_515,KFC,Fast Food,Sri Lanka,1,1147.98,4.5,2025-11-17
765,Customer_1789,KFC,Fast Food,India,7,4370.69,4.6,2025-11-04
766,Customer_2476,Dominos,Pizza,Singapore,9,2408.56,4.3,2025-12-13
767,Customer_1456,KFC,Pizza,Singapore,10,533.43,3.0,2025-01-28
768,Customer_970,Subway,Burger,Singapore,9,3093.59,1.1,2026-01-18
769,Customer_2328,Dominos,Burger,Sri Lanka,10,2666.9,3.8,2024-02-08
770,Customer_2991,Subway,Burger,Singapore,9,852.06,4.6,2024-05-25
771,Customer_1005,Dominos,Fast Food,Australia,10,737.48,2.4,2024-03-31
772,Customer_45,Dominos,Sandwich,Singapore,10,3802.17,2.7,2026-03-08
773,Customer_1207,Burger King,Pizza,Sri Lanka,10,3872.41,3.9,2026-03-28
774,Customer_1067,Pizza Hut,Sandwich,India,10,732.29,5.0,2025-07-31
775,Customer_2558,Pizza Hut,Burger,Singapore,2,1070.7,1.3,2026-04-08
776,Customer_1139,Burger King,Pizza,Australia,5,4360.36,1.1,2026-03-13
777,Customer_2474,KFC,Pizza,Singapore,6,4135.28,2.0,2024-04-24
778,Customer_968,Dominos,Pizza,Sri Lanka,6,4928.32,4.9,2025-12-18
779,Customer_632,Dominos,Sandwich,Singapore,4,3473.0,3.9,2025-09-01
780,Customer_864,Subway,Burger,Sri Lanka,5,3899.68,1.5,2024-06-20
781,Customer_1901,Dominos,Sandwich,Australia,8,3857.68,4.0,2024-06-20
782,Customer_958,Dominos,Sandwich,Singapore,5,1153.17,4.5,2025-06-29
783,Customer_1183,Dominos,Sandwich,Australia,9,3572.94,1.2,2024-01-13
784,Customer_2611,Burger King,Sandwich,Australia,6,1716.47,4.2,2025-06-28
785,Customer_2681,Subway,Sandwich,Singapore,4,3804.41,3.4,2024-09-18
786,Customer_2130,Burger King,Pizza,Australia,9,547.6,1.0,2024-07-18
787,Customer_49,Dominos,Fast Food,Sri Lanka,8,2081.82,3.9,2024-03-10
788,Customer_791,Pizza Hut,Fast Food,Sri Lanka,1,4723.27,3.6,2024-09-14
789,Customer_889,Subway,Fast Food,Sri Lanka,2,4353.98,1.5,2026-05-05
790,Customer_2654,Subway,Pizza,Sri Lanka,3,1640.01,2.9,2025-11-03
791,Customer_2617,Dominos,Burger,Singapore,6,1658.01,4.1,2024-03-18
792,Customer_256,Dominos,Sandwich,Australia,1,1662.07,4.3,2024-10-10
793,Customer_1805,Pizza Hut,Sandwich,India,10,2266.86,3.6,2024-07-01
794,Customer_590,Subway,Sandwich,India,10,3395.02,4.7,2024-04-21
795,Customer_1061,Pizza Hut,Fast Food,Sri Lanka,2,3071.05,2.0,2026-01-02
796,Customer_77,Dominos,Pizza,Sri Lanka,1,3490.73,2.1,2025-04-01
797,Customer_1351,Dominos,Fast Food,Singapore,8,2462.26,4.4,2025-12-17
798,Customer_288,Subway,Pizza,Sri Lanka,7,4793.7,4.3,2026-03-10
799,Customer_497,Subway,Burger,Australia,5,2302.77,3.5,2025-05-08
800,Customer_372,Burger King,Burger,Sri Lanka,8,3922.04,2.2,2025-10-24
801,Customer_724,Subway,Fast Food,Singapore,4,1844.92,2.6,2024-07-26
802,Customer_2584,Burger King,Sandwich,Sri Lanka,8,3808.96,1.6,2024-04-19
803,Customer_104,Subway,Pizza,Singapore,7,783.47,3.2,2024-07-16
804,Customer_2047,Subway,Sandwich,Sri Lanka,1,2026.78,2.4,2024-11-11
805,Customer_176,Dominos,Fast Food,India,9,2562.67,3.7,2026-01-08
806,Customer_2198,KFC,Pizza,Sri Lanka,1,3809.57,3.0,2026-06-14
807,Customer_1931,Subway,Fast Food,India,3,564.64,3.5,2024-01-20
808,Customer_399,Dominos,Pizza,Sri Lanka,2,1013.81,3.4,2024-11-10
809,Customer_904,Pizza Hut,Pizza,Singapore,6,4151.84,4.9,2025-09-22
810,Customer_1647,Burger King,Fast Food,India,6,4263.92,4.2,2025-11-25
811,Customer_187,Subway,Pizza,Australia,2,1043.35,1.6,2026-02-21
812,Customer_689,Burger King,Pizza,Singapore,4,4665.54,1.2,2025-03-01
813,Customer_2590,Subway,Sandwich,India,1,4458.32,1.3,2024-04-12
814,Customer_735,Pizza Hut,Burger,Singapore,8,3615.61,1.8,2024-01-08
815,Customer_1110,Subway,Sandwich,Singapore,4,4721.4,3.4,2025-10-17
816,Customer_2443,KFC,Sandwich,Sri Lanka,5,2065.34,1.0,2024-02-08
817,Customer_787,Pizza Hut,Fast Food,Australia,9,2783.93,2.9,2024-08-29
818,Customer_2701,KFC,Burger,Sri Lanka,4,1007.06,1.6,2025-10-03
819,Customer_1944,Dominos,Pizza,India,1,743.12,2.5,2026-05-14
820,Customer_1781,Burger King,Burger,Singapore,1,969.89,1.2,2024-08-02
821,Customer_721,KFC,Fast Food,Singapore,9,1022.29,4.6,2025-07-04
822,Customer_1822,Subway,Burger,Singapore,4,3861.89,4.6,2026-01-08
823,Customer_452,Burger King,Pizza,Sri Lanka,4,3819.87,4.5,2024-08-23
824,Customer_904,Pizza Hut,Sandwich,Singapore,1,4507.2,1.6,2025-01-19
825,Customer_1864,KFC,Sandwich,Australia,3,2559.83,1.8,2025-09-16
826,Customer_1105,KFC,Burger,India,1,3614.95,1.2,2025-01-02
827,Customer_456,Dominos,Sandwich,Singapore,3,3921.53,1.9,2024-05-19
828,Customer_2473,KFC,Pizza,India,2,2352.63,3.1,2024-10-29
829,Customer_887,Subway,Sandwich,Singapore,5,565.27,2.7,2026-06-01
830,Customer_1011,KFC,Burger,Singapore,10,1500.83,4.7,2026-06-12
831,Customer_2350,Pizza Hut,Sandwich,Sri Lanka,1,4960.73,3.9,2024-06-01
832,Customer_138,Dominos,Sandwich,Singapore,2,2535.99,2.0,2025-05-31
833,Customer_51,Dominos,Pizza,India,6,1831.06,3.6,2025-07-25
834,Customer_66,Dominos,Burger,India,8,4360.65,4.0,2024-04-02
835,Customer_1864,Dominos,Pizza,Singapore,3,4054.36,2.5,2024-01-25
836,Customer_2884,Pizza Hut,Fast Food,Singapore,6,2889.14,2.2,2025-04-20
837,Customer_1106,Subway,Pizza,Sri Lanka,10,4463.81,3.9,2026-02-09
838,Customer_2109,Burger King,Fast Food,Sri Lanka,7,2145.16,3.5,2024-02-26
839,Customer_1501,KFC,Fast Food,India,3,4915.63,2.0,2025-01-09
840,Customer_2659,Dominos,Pizza,India,6,2087.2,2.1,2024-04-26
841,Customer_1733,Burger King,Fast Food,Sri Lanka,6,2053.52,2.9,2025-11-27
842,Customer_503,Dominos,Burger,Singapore,10,2156.66,3.7,2025-06-23
843,Customer_269,KFC,Sandwich,Sri Lanka,2,2258.07,1.7,2025-12-10
844,Customer_448,KFC,Burger,Sri Lanka,3,2733.48,4.5,2024-03-19
845,Customer_2570,Pizza Hut,Burger,Singapore,9,4692.75,2.9,2025-06-17
846,Customer_1819,Pizza Hut,Burger,India,2,599.16,4.2,2025-03-06
847,Customer_2129,Burger King,Sandwich,Australia,6,2687.67,3.7,2026-05-04
848,Customer_2247,Dominos,Sandwich,Australia,10,1093.79,4.2,2025-06-26
849,Customer_1065,KFC,Sandwich,Australia,5,3963.87,1.2,2024-06-24
850,Customer_1165,Dominos,Pizza,India,9,1783.61,4.9,2024-12-27
851,Customer_2901,KFC,Pizza,India,2,685.18,2.3,2026-05-09
852,Customer_1806,Burger King,Burger,India,4,3031.19,1.1,2024-05-09
853,Customer_1409,KFC,Burger,Singapore,9,4889.6,3.1,2024-11-20
854,Customer_103,Dominos,Sandwich,India,8,4675.15,1.6,2024-05-04
855,Customer_2238,Subway,Burger,Australia,8,4531.9,4.9,2026-01-26
856,Customer_2350,KFC,Sandwich,Australia,2,3792.38,4.6,2026-02-11
857,Customer_2778,Subway,Fast Food,Australia,1,2307.33,4.4,2024-05-22
858,Customer_1464,Pizza Hut,Burger,Sri Lanka,10,3385.91,3.3,2025-04-01
859,Customer_1139,KFC,Fast Food,Sri Lanka,9,4322.53,3.7,2024-08-15
860,Customer_2097,Dominos,Pizza,Singapore,6,3214.27,3.0,2024-03-30
861,Customer_2732,Burger King,Sandwich,India,7,2163.33,2.5,2024-02-27
862,Customer_1413,Burger King,Burger,Singapore,9,894.19,3.9,2024-10-18
863,Customer_1703,Dominos,Burger,India,7,3778.72,2.7,2025-03-30
864,Customer_2406,Subway,Fast Food,India,4,1864.54,5.0,2026-05-05
865,Customer_1374,Pizza Hut,Sandwich,Sri Lanka,1,2342.57,4.7,2025-06-21
866,Customer_717,Subway,Sandwich,India,4,1337.03,2.5,2025-02-28
867,Customer_2010,Pizza Hut,Burger,Australia,8,3016.76,2.9,2025-07-21
868,Customer_11,KFC,Burger,Australia,8,1058.8,3.7,2024-01-28
869,Customer_1709,KFC,Sandwich,India,1,1037.1,2.1,2024-10-21
870,Customer_2454,Burger King,Sandwich,Singapore,5,3325.98,2.9,2024-03-09
871,Customer_490,Burger King,Fast Food,Australia,3,3117.45,1.6,2025-12-11
872,Customer_2840,KFC,Burger,India,1,1727.02,2.7,2025-04-17
873,Customer_200,Burger King,Burger,Sri Lanka,9,1372.17,3.5,2024-12-30
874,Customer_388,Subway,Pizza,Australia,6,4220.7,3.7,2026-02-22
875,Customer_1112,Burger King,Fast Food,Australia,3,558.04,3.1,2024-11-04
876,Customer_1987,Dominos,Burger,India,2,1480.44,3.0,2025-01-16
877,Customer_772,Subway,Fast Food,Singapore,8,4622.14,1.5,2026-05-01
878,Customer_72,Dominos,Burger,Australia,6,1125.56,2.8,2024-05-14
879,Customer_2143,Burger King,Pizza,Australia,1,3850.07,1.5,2025-09-03
880,Customer_2844,KFC,Pizza,Australia,3,1444.28,4.9,2024-05-11
881,Customer_2830,Pizza Hut,Fast Food,Sri Lanka,8,3908.0,1.2,2025-03-11
882,Customer_135,Subway,Fast Food,Singapore,2,4588.38,1.2,2024-04-20
883,Customer_2735,Pizza Hut,Fast Food,Sri Lanka,10,1424.31,4.6,2024-11-04
884,Customer_2747,Burger King,Fast Food,Sri Lanka,3,4306.38,4.8,2024-07-08
885,Customer_1425,Burger King,Pizza,India,9,3066.06,1.4,2025-08-16
886,Customer_58,Subway,Pizza,India,5,1272.98,4.0,2025-08-15
887,Customer_2972,Pizza Hut,Pizza,Singapore,6,3641.6,1.7,2024-01-05
888,Customer_440,KFC,Burger,Singapore,7,1464.23,1.9,2025-11-20
889,Customer_1288,Pizza Hut,Sandwich,Sri Lanka,9,1111.61,4.0,2024-04-25
890,Customer_1181,Subway,Fast Food,Sri Lanka,6,2721.71,2.5,2025-12-22
891,Customer_2460,Burger King,Sandwich,India,9,2332.77,4.9,2025-04-12
892,Customer_774,Pizza Hut,Sandwich,Australia,3,557.54,3.7,2025-03-14
893,Customer_431,Dominos,Sandwich,Sri Lanka,2,1145.15,2.6,2025-11-19
894,Customer_417,KFC,Fast Food,Australia,4,2023.84,3.4,2025-08-27
895,Customer_503,KFC,Sandwich,Singapore,5,3941.68,4.1,2025-02-17
896,Customer_1119,Dominos,Burger,Singapore,10,4775.62,5.0,2025-08-30
897,Customer_1143,KFC,Sandwich,Sri Lanka,2,1628.1,3.0,2025-06-07
898,Customer_552,Pizza Hut,Fast Food,Sri Lanka,2,2741.61,1.1,2025-10-05
899,Customer_1568,Subway,Burger,India,5,3298.85,1.4,2024-07-02
900,Customer_2708,Subway,Sandwich,Singapore,4,1821.03,3.0,2024-03-19
901,Customer_1072,Subway,Burger,Sri Lanka,1,4958.2,4.5,2025-05-31
902,Customer_1572,Dominos,Burger,Singapore,8,2568.45,1.1,2024-05-01
903,Customer_2701,Burger King,Pizza,Singapore,7,1105.2,3.9,2025-07-24
904,Customer_449,Subway,Sandwich,Singapore,8,3030.15,1.6,2025-05-14
905,Customer_1604,Burger King,Sandwich,Singapore,10,3544.2,4.1,2024-02-27
906,Customer_1313,Pizza Hut,Fast Food,Sri Lanka,3,4266.2,2.4,2024-10-18
907,Customer_2392,Pizza Hut,Burger,Singapore,2,2426.67,5.0,2026-01-29
908,Customer_1439,Pizza Hut,Pizza,India,4,3416.37,3.4,2025-02-25
909,Customer_269,Burger King,Fast Food,Australia,3,588.7,2.3,2025-12-05
910,Customer_2695,Dominos,Sandwich,Australia,1,3631.81,3.4,2025-04-16
911,Customer_1548,Subway,Sandwich,Australia,10,939.77,3.0,2024-11-20
912,Customer_2766,KFC,Burger,Singapore,9,4151.56,3.7,2025-12-08
913,Customer_2519,Burger King,Burger,Singapore,4,2736.28,4.4,2024-06-19
914,Customer_309,Subway,Pizza,Australia,5,713.89,5.0,2026-03-17
915,Customer_926,Subway,Fast Food,Sri Lanka,10,2015.77,1.3,2025-02-15
916,Customer_2176,Dominos,Sandwich,India,6,4080.43,3.6,2026-03-31
917,Customer_2068,Burger King,Sandwich,Australia,4,2364.41,2.0,2024-11-05
918,Customer_1857,Subway,Pizza,Sri Lanka,9,4382.19,3.3,2025-06-11
919,Customer_2707,Dominos,Burger,Singapore,10,3769.77,1.2,2024-08-06
920,Customer_1493,Dominos,Pizza,India,3,3858.95,4.1,2024-07-24
921,Customer_1784,Dominos,Burger,Sri Lanka,4,4306.85,2.1,2026-05-14
922,Customer_2647,KFC,Burger,India,7,1573.18,1.6,2024-10-20
923,Customer_1006,Burger King,Sandwich,Singapore,9,4960.82,2.7,2024-01-29
924,Customer_828,KFC,Burger,India,1,1662.79,4.2,2024-02-07
925,Customer_2256,KFC,Fast Food,Singapore,1,748.97,4.6,2025-11-05
926,Customer_2465,Burger King,Fast Food,Singapore,6,3522.52,4.5,2024-11-17
927,Customer_2967,KFC,Pizza,Sri Lanka,10,3805.16,4.7,2025-02-10
928,Customer_2721,Subway,Burger,Singapore,2,1571.35,1.5,2025-06-18
929,Customer_1284,Burger King,Sandwich,India,7,1481.04,1.4,2026-04-06
930,Customer_1125,Dominos,Sandwich,Australia,10,751.66,3.1,2024-08-07
931,Customer_463,Burger King,Sandwich,Singapore,4,4834.92,4.5,2025-12-17
932,Customer_1487,Dominos,Burger,Australia,1,3404.29,4.6,2024-05-28
933,Customer_2713,Pizza Hut,Pizza,Australia,9,2231.11,3.6,2024-02-05
934,Customer_1487,Pizza Hut,Pizza,Singapore,7,535.4,4.8,2025-12-18
935,Customer_1233,Pizza Hut,Pizza,Australia,4,4367.38,1.6,2024-09-18
936,Customer_2587,Burger King,Sandwich,Sri Lanka,5,4399.0,4.3,2025-03-25
937,Customer_1930,Dominos,Burger,Singapore,2,4209.8,3.8,2025-05-18
938,Customer_272,Burger King,Sandwich,Australia,8,3628.45,4.0,2025-06-02
939,Customer_2628,KFC,Sandwich,India,1,2302.98,3.5,2025-10-18
940,Customer_2359,Pizza Hut,Fast Food,India,4,2823.65,4.9,2024-11-17
941,Customer_2660,KFC,Sandwich,Australia,8,2652.64,3.9,2026-04-30
942,Customer_711,Subway,Burger,Australia,4,879.8,2.5,2024-09-23
943,Customer_1546,Subway,Pizza,Sri Lanka,1,4654.01,3.6,2025-02-06
944,Customer_937,Pizza Hut,Sandwich,India,5,3655.68,1.7,2025-10-03
945,Customer_2532,Dominos,Burger,India,2,4811.15,1.7,2025-02-14
946,Customer_481,Pizza Hut,Sandwich,Singapore,8,1033.31,3.9,2025-08-03
947,Customer_1091,Burger King,Sandwich,Singapore,3,2440.89,1.8,2024-07-14
948,Customer_1160,KFC,Sandwich,India,7,4066.09,1.1,2024-08-08
949,Customer_965,Subway,Sandwich,India,6,3123.06,3.6,2024-09-25
950,Customer_43,Dominos,Pizza,Australia,7,3590.84,3.9,2024-03-28
951,Customer_1734,Subway,Burger,Sri Lanka,2,3006.5,1.2,2025-12-26
952,Customer_1929,Burger King,Fast Food,Sri Lanka,5,2770.44,2.5,2024-08-28
953,Customer_2750,Burger King,Pizza,Sri Lanka,10,1307.18,1.7,2025-02-08
954,Customer_1390,Dominos,Pizza,Sri Lanka,6,3696.15,2.7,2025-05-19
955,Customer_479,Burger King,Fast Food,India,8,4422.56,4.3,2024-09-23
956,Customer_1477,Dominos,Burger,Australia,10,4233.15,4.7,2026-02-04
957,Customer_1283,Dominos,Pizza,Australia,8,3936.54,1.6,2025-06-13
958,Customer_2693,Dominos,Fast Food,India,3,745.55,1.7,2026-05-23
959,Customer_1066,KFC,Sandwich,Singapore,2,4978.41,4.7,2025-04-26
960,Customer_1809,Burger King,Sandwich,Singapore,8,1006.21,3.9,2024-02-11
961,Customer_507,Burger King,Fast Food,India,5,1312.95,1.7,2024-05-31
962,Customer_1118,Subway,Pizza,Sri Lanka,9,3950.81,1.7,2025-06-04
963,Customer_1009,Dominos,Fast Food,Australia,1,1779.27,4.9,2024-03-19
964,Customer_1615,Burger King,Fast Food,Australia,3,629.94,2.8,2024-05-04
965,Customer_2702,Dominos,Sandwich,Australia,10,3461.03,2.3,2025-12-25
966,Customer_2688,Subway,Sandwich,Australia,10,1081.94,4.5,2024-02-14
967,Customer_2637,Burger King,Burger,Sri Lanka,2,2962.2,3.4,2026-03-31
968,Customer_1634,Burger King,Pizza,India,7,901.35,4.4,2024-04-04
969,Customer_1592,Dominos,Burger,India,2,1843.46,4.2,2024-06-15
970,Customer_1271,Subway,Pizza,Australia,2,4244.24,3.1,2026-01-23
971,Customer_1825,Dominos,Sandwich,Australia,10,3201.53,1.4,2025-05-16
972,Customer_1509,Subway,Pizza,Singapore,7,918.26,3.1,2025-03-08
973,Customer_2771,KFC,Pizza,Singapore,9,3333.02,3.1,2025-04-19
974,Customer_1918,Dominos,Fast Food,Singapore,5,1168.73,1.5,2024-10-24
975,Customer_1019,Subway,Sandwich,Australia,10,714.78,1.3,2024-11-03
976,Customer_2103,Pizza Hut,Sandwich,Singapore,2,2590.95,3.9,2024-02-16
977,Customer_1038,Burger King,Burger,Sri Lanka,9,573.21,4.0,2026-04-12
978,Customer_736,KFC,Sandwich,Sri Lanka,2,2373.13,3.8,2025-04-18
979,Customer_2406,Dominos,Sandwich,Australia,6,4850.24,4.5,2024-11-17
980,Customer_865,KFC,Fast Food,Australia,2,2452.1,1.1,2024-07-10
981,Customer_478,Pizza Hut,Pizza,Singapore,8,3613.13,4.5,2025-02-08
982,Customer_2466,Dominos,Burger,Australia,7,4120.88,1.4,2026-02-01
983,Customer_57,KFC,Fast Food,Sri Lanka,4,4365.55,1.8,2024-05-18
984,Customer_595,KFC,Sandwich,India,2,1854.13,2.9,2025-10-26
985,Customer_1729,Pizza Hut,Fast Food,India,3,3824.52,2.8,2025-04-30
986,Customer_1932,Pizza Hut,Sandwich,India,4,1826.74,4.3,2025-05-11
987,Customer_209,Burger King,Fast Food,Sri Lanka,7,4907.69,4.4,2025-02-05
988,Customer_2371,Subway,Burger,Sri Lanka,8,2298.56,3.1,2026-01-24
989,Customer_2505,Dominos,Pizza,Sri Lanka,9,585.59,3.3,2026-01-12
990,Customer_261,Burger King,Sandwich,Singapore,2,2726.55,4.8,2025-07-20
991,Customer_1837,Dominos,Fast Food,India,5,3767.94,2.9,2024-12-21
992,Customer_951,Subway,Pizza,Australia,10,4340.54,3.9,2025-03-24
993,Customer_538,Burger King,Sandwich,Singapore,6,4081.88,4.2,2025-04-24
994,Customer_664,Subway,Pizza,Australia,2,3501.75,1.5,2026-05-14
995,Customer_641,Subway,Sandwich,Sri Lanka,7,4743.75,3.0,2024-07-23
996,Customer_858,Subway,Fast Food,Sri Lanka,6,4464.08,2.4,2024-08-28
997,Customer_716,Subway,Fast Food,Sri Lanka,6,2437.79,3.5,2024-06-11
998,Customer_2302,KFC,Sandwich,Australia,6,4031.99,4.1,2024-05-03
999,Customer_2282,Burger King,Pizza,Sri Lanka,1,4669.84,2.8,2026-02-27
1000,Customer_455,Pizza Hut,Fast Food,Sri Lanka,9,974.35,3.5,2025-04-13
1001,Customer_842,Burger King,Pizza,Australia,8,3928.84,3.0,2026-06-10
1002,Customer_407,KFC,Burger,Australia,3,1053.43,1.8,2026-06-10
1003,Customer_27,KFC,Sandwich,Australia,5,2772.6,1.3,2025-03-01
1004,Customer_2930,Dominos,Burger,India,3,3889.43,3.1,2025-01-16
1005,Customer_935,KFC,Sandwich,Singapore,7,4541.29,4.8,2026-03-17
1006,Customer_2795,Burger King,Fast Food,Singapore,3,3965.68,3.9,2025-06-12
1007,Customer_286,Pizza Hut,Burger,Australia,7,4918.75,1.7,2025-06-13
1008,Customer_1611,Pizza Hut,Pizza,Sri Lanka,9,4876.98,2.7,2024-03-03
1009,Customer_2871,Subway,Burger,Australia,6,535.56,2.1,2025-11-28
1010,Customer_2501,KFC,Sandwich,Singapore,4,4494.11,3.5,2025-06-24
1011,Customer_2671,Dominos,Burger,Singapore,4,4464.39,1.3,2025-09-25
1012,Customer_1371,Dominos,Pizza,Australia,4,917.69,3.2,2025-07-04
1013,Customer_1396,KFC,Fast Food,Sri Lanka,9,3166.27,2.0,2025-06-17
1014,Customer_1245,Dominos,Fast Food,Sri Lanka,6,1668.9,3.0,2026-03-03
1015,Customer_196,Pizza Hut,Sandwich,Australia,10,3815.86,2.8,2024-05-06
1016,Customer_2383,Subway,Pizza,Australia,5,1780.41,4.1,2024-08-29
1017,Customer_2347,KFC,Sandwich,India,2,1975.31,3.3,2026-01-02
1018,Customer_1480,Dominos,Fast Food,India,7,4227.97,1.3,2026-04-22
1019,Customer_1741,KFC,Sandwich,India,8,851.33,3.7,2024-03-04
1020,Customer_2410,Subway,Sandwich,Australia,10,2744.72,2.7,2025-02-16
1021,Customer_2823,Dominos,Sandwich,India,3,2776.04,2.9,2025-03-26
1022,Customer_530,Subway,Fast Food,India,8,2630.1,4.0,2025-04-13
1023,Customer_1513,Pizza Hut,Sandwich,Sri Lanka,2,2163.14,2.2,2025-07-26
1024,Customer_628,Pizza Hut,Burger,Australia,6,1864.67,2.9,2025-06-19
1025,Customer_586,KFC,Sandwich,Sri Lanka,5,4500.76,1.9,2026-03-21
1026,Customer_2003,Pizza Hut,Fast Food,Australia,2,4416.92,2.7,2026-04-18
1027,Customer_1269,Subway,Sandwich,Australia,7,2638.52,3.9,2025-08-09
1028,Customer_544,KFC,Sandwich,Singapore,8,1170.42,3.9,2025-09-12
1029,Customer_2560,Subway,Sandwich,Singapore,4,4551.1,2.4,2024-04-01
1030,Customer_2747,Dominos,Burger,Sri Lanka,3,3682.44,3.3,2024-02-16
1031,Customer_2898,Burger King,Fast Food,Sri Lanka,4,4798.26,3.2,2026-03-26
1032,Customer_217,Subway,Pizza,Singapore,9,4535.89,1.5,2026-02-14
1033,Customer_737,Pizza Hut,Burger,India,4,4233.61,4.4,2025-06-28
1034,Customer_1820,Pizza Hut,Burger,Singapore,10,702.43,4.4,2025-08-16
1035,Customer_1393,Dominos,Pizza,Singapore,1,4368.42,2.3,2024-01-24
1036,Customer_373,Pizza Hut,Fast Food,India,5,1148.15,2.0,2024-09-20
1037,Customer_632,Burger King,Sandwich,India,1,3265.14,2.3,2024-04-01
1038,Customer_2922,Pizza Hut,Burger,Singapore,2,1940.19,2.7,2024-01-28
1039,Customer_1057,Dominos,Fast Food,Sri Lanka,4,1578.3,3.4,2024-11-27
1040,Customer_2020,Subway,Sandwich,Sri Lanka,5,772.84,2.9,2024-08-30
1041,Customer_269,Dominos,Fast Food,Singapore,4,4611.81,1.1,2025-02-20
1042,Customer_2401,Pizza Hut,Pizza,India,5,3057.11,2.8,2025-07-21
1043,Customer_2605,Subway,Pizza,India,6,2931.98,1.7,2026-05-16
1044,Customer_2202,Dominos,Sandwich,Sri Lanka,1,4156.9,4.8,2024-09-08
1045,Customer_1185,KFC,Fast Food,Sri Lanka,8,1729.86,2.0,2025-09-27
1046,Customer_1558,Burger King,Pizza,Australia,1,1226.37,3.1,2025-11-27
1047,Customer_1232,Pizza Hut,Sandwich,Sri Lanka,3,3762.83,5.0,2024-03-12
1048,Customer_1770,KFC,Burger,Australia,5,4908.38,3.8,2026-06-18
1049,Customer_1008,Burger King,Burger,India,8,4815.47,2.3,2024-10-06
1050,Customer_548,Pizza Hut,Sandwich,Sri Lanka,1,3527.18,2.7,2025-12-09
1051,Customer_2881,Dominos,Sandwich,Sri Lanka,2,2923.92,4.6,2025-12-14
1052,Customer_2751,Dominos,Fast Food,Australia,7,4223.6,2.4,2026-04-15
1053,Customer_2856,Pizza Hut,Fast Food,Singapore,6,4713.12,2.8,2024-06-30
1054,Customer_82,Burger King,Burger,India,2,4173.26,3.5,2024-08-14
1055,Customer_2941,KFC,Pizza,Singapore,6,665.58,3.0,2026-04-07
1056,Customer_2896,Subway,Pizza,Sri Lanka,4,4929.19,3.6,2025-12-21
1057,Customer_1137,Subway,Sandwich,India,9,1371.97,4.0,2024-04-23
1058,Customer_2796,Subway,Pizza,Sri Lanka,10,1077.11,1.3,2025-11-19
1059,Customer_2335,KFC,Burger,India,1,4963.78,3.8,2024-09-22
1060,Customer_2517,Burger King,Sandwich,Sri Lanka,7,3384.35,4.8,2025-06-29
1061,Customer_1324,Dominos,Sandwich,Australia,2,3560.78,2.9,2024-02-23
1062,Customer_2119,Pizza Hut,Pizza,Sri Lanka,5,4632.76,3.1,2025-01-05
1063,Customer_22,Dominos,Pizza,Australia,2,4460.44,4.2,2024-11-19
1064,Customer_925,Dominos,Fast Food,India,4,1240.17,2.2,2026-01-25
1065,Customer_2562,Pizza Hut,Fast Food,Singapore,7,4136.27,3.4,2025-10-03
1066,Customer_1370,Burger King,Pizza,Sri Lanka,8,1572.62,2.4,2025-10-03
1067,Customer_1367,Subway,Pizza,Sri Lanka,10,3288.05,4.1,2024-02-25
1068,Customer_1829,Subway,Fast Food,Sri Lanka,1,4625.21,2.5,2025-10-02
1069,Customer_2841,Pizza Hut,Pizza,Sri Lanka,8,746.55,3.4,2026-05-18
1070,Customer_270,Pizza Hut,Fast Food,Sri Lanka,5,4324.68,2.6,2025-03-18
1071,Customer_1684,KFC,Fast Food,Singapore,7,2588.94,2.7,2025-09-24
1072,Customer_2537,Pizza Hut,Burger,Sri Lanka,8,2827.46,3.4,2025-09-27
1073,Customer_421,Pizza Hut,Fast Food,India,10,1066.92,3.0,2024-04-20
1074,Customer_1725,Dominos,Sandwich,India,4,1119.53,1.2,2024-12-29
1075,Customer_1277,Subway,Sandwich,Australia,5,3126.5,3.2,2024-05-10
1076,Customer_604,Dominos,Burger,Australia,5,2159.73,1.0,2024-05-29
1077,Customer_2694,KFC,Fast Food,India,9,4186.33,3.2,2025-08-23
1078,Customer_1729,Burger King,Pizza,India,4,4033.69,2.4,2024-02-25
1079,Customer_1949,Dominos,Burger,Australia,10,1848.34,2.3,2025-11-14
1080,Customer_1861,Pizza Hut,Sandwich,India,1,3374.45,3.8,2024-04-17
1081,Customer_2556,KFC,Pizza,Singapore,6,4132.72,2.5,2025-04-22
1082,Customer_755,Pizza Hut,Burger,Sri Lanka,2,2110.49,3.2,2025-02-13
1083,Customer_1191,Dominos,Pizza,Australia,1,4888.89,1.8,2024-05-25
1084,Customer_714,KFC,Burger,India,6,4313.9,2.0,2024-10-17
1085,Customer_89,KFC,Burger,Sri Lanka,1,4241.51,1.5,2024-07-19
1086,Customer_455,Burger King,Pizza,Australia,8,1580.67,4.2,2025-11-01
1087,Customer_702,Subway,Sandwich,Sri Lanka,2,1149.95,4.7,2025-11-07
1088,Customer_777,KFC,Sandwich,Australia,6,3197.97,4.9,2026-03-24
1089,Customer_190,Subway,Pizza,Australia,3,1974.56,1.2,2024-09-07
1090,Customer_1148,KFC,Sandwich,India,2,4030.99,4.2,2026-03-25
1091,Customer_266,KFC,Sandwich,Australia,8,2835.02,1.7,2025-09-21
1092,Customer_1532,Subway,Sandwich,Singapore,8,1707.51,2.6,2025-12-30
1093,Customer_2392,Pizza Hut,Pizza,India,4,2534.36,1.9,2026-03-20
1094,Customer_1254,Dominos,Sandwich,India,6,1645.38,1.3,2024-08-11
1095,Customer_345,Burger King,Sandwich,Australia,4,3127.83,2.9,2026-02-08
1096,Customer_1378,Dominos,Sandwich,Singapore,7,2340.29,4.2,2025-09-28
1097,Customer_1119,Dominos,Fast Food,India,8,1552.06,3.6,2024-11-20
1098,Customer_338,Burger King,Fast Food,Australia,4,942.84,1.3,2025-01-02
1099,Customer_2237,KFC,Burger,India,6,1625.11,4.0,2024-02-09
1100,Customer_2800,Burger King,Pizza,India,9,4605.72,1.0,2026-02-25
1101,Customer_1155,Burger King,Sandwich,Singapore,10,3910.13,1.0,2024-11-02
1102,Customer_2100,KFC,Sandwich,India,4,3755.01,1.8,2025-10-31
1103,Customer_2113,Subway,Sandwich,Singapore,6,4063.62,2.3,2024-08-27
1104,Customer_1757,Dominos,Pizza,Singapore,8,4338.25,1.1,2024-07-11
1105,Customer_2366,KFC,Burger,Sri Lanka,8,4146.81,4.3,2024-05-22
1106,Customer_924,Dominos,Sandwich,Singapore,9,1848.37,3.3,2024-12-13
1107,Customer_132,KFC,Pizza,Australia,10,3334.28,3.4,2025-08-04
1108,Customer_2351,Dominos,Sandwich,India,7,786.69,2.5,2025-09-14
1109,Customer_445,Burger King,Sandwich,Australia,2,1271.41,3.7,2025-05-01
1110,Customer_132,Subway,Sandwich,Sri Lanka,3,1395.49,4.6,2024-06-30
1111,Customer_1163,KFC,Pizza,Australia,9,814.91,1.2,2025-01-30
1112,Customer_46,KFC,Burger,Singapore,7,1206.66,1.4,2025-06-14
1113,Customer_1714,Dominos,Fast Food,Singapore,4,1084.7,1.8,2025-07-03
1114,Customer_2907,Dominos,Pizza,Australia,10,1413.38,3.9,2025-03-18
1115,Customer_1129,KFC,Fast Food,India,8,787.87,2.6,2025-04-14
1116,Customer_1012,Subway,Burger,Singapore,8,2582.13,1.2,2026-04-06
1117,Customer_1180,Dominos,Burger,Australia,7,3258.62,4.2,2024-04-03
1118,Customer_1701,KFC,Pizza,Singapore,8,2230.99,3.6,2024-06-28
1119,Customer_2330,Pizza Hut,Sandwich,Sri Lanka,4,4484.94,1.6,2025-12-16
1120,Customer_2203,Burger King,Fast Food,India,8,2350.75,4.0,2025-10-05
1121,Customer_1511,Pizza Hut,Fast Food,Australia,7,2529.21,2.0,2024-05-04
1122,Customer_183,Dominos,Fast Food,Sri Lanka,8,2215.2,4.0,2025-06-02
1123,Customer_797,Dominos,Fast Food,Sri Lanka,5,1016.07,4.7,2026-05-26
1124,Customer_2746,Dominos,Sandwich,Singapore,2,871.47,3.6,2024-11-30
1125,Customer_1793,KFC,Sandwich,Australia,3,1267.65,1.1,2025-12-31
1126,Customer_726,Burger King,Fast Food,Singapore,3,849.13,4.1,2024-04-12
1127,Customer_1120,KFC,Sandwich,Australia,3,1475.03,1.1,2025-11-24
1128,Customer_2181,KFC,Sandwich,Sri Lanka,9,3384.55,3.9,2025-11-22
1129,Customer_1600,Burger King,Sandwich,Sri Lanka,10,521.0,4.1,2024-04-15
1130,Customer_827,KFC,Burger,India,4,911.24,2.7,2026-02-24
1131,Customer_1381,KFC,Fast Food,India,2,4086.16,4.3,2024-01-15
1132,Customer_2966,KFC,Fast Food,Singapore,9,984.58,2.3,2024-06-20
1133,Customer_2568,KFC,Pizza,Singapore,7,1043.62,1.9,2025-07-29
1134,Customer_1325,KFC,Fast Food,Singapore,6,553.92,1.9,2024-12-31
1135,Customer_271,Burger King,Burger,Sri Lanka,2,4484.57,2.6,2024-08-13
1136,Customer_2453,Dominos,Fast Food,India,5,4815.66,3.4,2026-02-24
1137,Customer_2853,Dominos,Pizza,Australia,3,3359.09,4.5,2025-10-08
1138,Customer_2730,Dominos,Fast Food,Australia,1,3238.4,3.3,2024-11-21
1139,Customer_2094,KFC,Fast Food,India,1,3273.57,4.6,2025-01-26
1140,Customer_969,Dominos,Pizza,Sri Lanka,1,1119.0,3.0,2024-11-12
1141,Customer_622,Dominos,Pizza,Sri Lanka,4,4655.34,3.4,2024-07-25
1142,Customer_1347,KFC,Burger,Australia,1,2843.93,4.9,2025-03-30
1143,Customer_1182,Pizza Hut,Pizza,Australia,6,1590.12,3.2,2025-10-25
1144,Customer_1018,KFC,Sandwich,Australia,3,2490.62,1.0,2025-11-11
1145,Customer_2014,Pizza Hut,Pizza,Sri Lanka,3,4722.24,1.5,2026-06-09
1146,Customer_2428,Subway,Pizza,India,9,851.74,3.9,2024-06-26
1147,Customer_673,KFC,Pizza,Singapore,3,3226.33,2.2,2024-11-14
1148,Customer_1837,KFC,Burger,Singapore,2,4779.56,2.4,2025-08-13
1149,Customer_688,Dominos,Sandwich,Singapore,9,3242.27,2.7,2025-01-21
1150,Customer_1975,Pizza Hut,Sandwich,Singapore,2,3914.86,4.7,2024-06-08
1151,Customer_2201,KFC,Pizza,Australia,7,2586.43,2.8,2025-09-01
1152,Customer_2303,Subway,Sandwich,Sri Lanka,6,1114.95,2.9,2025-01-19
1153,Customer_777,Pizza Hut,Fast Food,Australia,8,2320.5,2.7,2024-06-07
1154,Customer_1529,Dominos,Sandwich,Australia,10,820.55,4.5,2025-02-08
1155,Customer_1577,Subway,Pizza,India,7,4806.94,4.1,2024-05-07
1156,Customer_2959,Burger King,Sandwich,Australia,1,3429.08,4.7,2026-02-08
1157,Customer_1011,KFC,Sandwich,Sri Lanka,6,3339.29,3.7,2026-01-23
1158,Customer_2727,KFC,Burger,Singapore,3,1644.3,3.4,2025-12-15
1159,Customer_662,Pizza Hut,Fast Food,Sri Lanka,7,2289.5,3.3,2025-11-09
1160,Customer_2124,KFC,Sandwich,India,7,1637.92,2.2,2024-03-23
1161,Customer_2698,Dominos,Burger,Singapore,2,991.73,3.3,2025-06-29
1162,Customer_1411,KFC,Burger,India,7,3645.54,1.0,2026-03-27
1163,Customer_2015,Pizza Hut,Fast Food,Sri Lanka,7,2862.33,3.6,2024-06-21
1164,Customer_1766,KFC,Pizza,Australia,3,3668.21,1.8,2026-01-20
1165,Customer_2059,Pizza Hut,Sandwich,India,3,1404.23,4.0,2024-07-05
1166,Customer_786,Burger King,Sandwich,Singapore,10,991.38,3.5,2026-04-08
1167,Customer_1201,Pizza Hut,Sandwich,Sri Lanka,5,789.18,1.1,2024-03-22
1168,Customer_1958,Dominos,Fast Food,Sri Lanka,1,1697.36,4.8,2024-08-28
1169,Customer_2386,Pizza Hut,Fast Food,India,9,4063.04,2.5,2025-11-12
1170,Customer_1089,Dominos,Sandwich,Australia,10,2432.54,2.5,2025-06-16
1171,Customer_1292,KFC,Burger,Singapore,7,3248.64,4.9,2024-12-17
1172,Customer_1353,Pizza Hut,Fast Food,Singapore,7,3763.49,4.6,2026-06-13
1173,Customer_106,Subway,Fast Food,Australia,4,2157.93,3.5,2024-05-22
1174,Customer_1947,Subway,Sandwich,India,1,4937.82,4.8,2025-11-05
1175,Customer_1320,Pizza Hut,Burger,Sri Lanka,6,3550.68,1.9,2026-04-12
1176,Customer_1640,Subway,Fast Food,Australia,7,4725.88,4.8,2025-05-11
1177,Customer_2697,Pizza Hut,Sandwich,Australia,10,1377.85,1.6,2025-05-02
1178,Customer_2343,Subway,Fast Food,India,8,4085.69,2.2,2025-06-16
1179,Customer_2248,Dominos,Pizza,Singapore,2,2669.76,3.2,2025-11-20
1180,Customer_867,KFC,Fast Food,Sri Lanka,7,4970.13,1.1,2024-09-06
1181,Customer_1571,Burger King,Pizza,Australia,8,4781.77,3.7,2024-11-30
1182,Customer_557,Subway,Sandwich,Sri Lanka,6,4423.73,4.7,2025-11-12
1183,Customer_2461,Pizza Hut,Burger,Singapore,7,3442.64,4.1,2026-02-23
1184,Customer_1790,KFC,Pizza,Australia,2,1809.39,1.4,2026-05-26
1185,Customer_2426,KFC,Fast Food,Australia,3,4339.99,4.8,2024-12-14
1186,Customer_7,Burger King,Fast Food,India,7,4909.32,2.3,2025-08-13
1187,Customer_2783,KFC,Pizza,Sri Lanka,7,541.35,4.4,2025-01-08
1188,Customer_593,Burger King,Pizza,Singapore,8,1163.41,2.1,2024-11-19
1189,Customer_2726,Pizza Hut,Burger,Australia,9,4956.51,1.5,2026-02-03
1190,Customer_2894,Subway,Sandwich,India,8,1811.73,4.9,2026-05-18
1191,Customer_1365,KFC,Pizza,India,1,4654.21,4.1,2024-03-01
1192,Customer_1997,Dominos,Burger,India,1,2965.74,2.3,2026-05-27
1193,Customer_1940,Burger King,Sandwich,Singapore,2,2875.3,2.1,2025-11-25
1194,Customer_800,Subway,Sandwich,Sri Lanka,3,1955.38,4.2,2025-12-14
1195,Customer_222,Burger King,Sandwich,India,10,1119.02,3.8,2026-06-05
1196,Customer_594,KFC,Pizza,India,1,2130.02,4.4,2024-10-25
1197,Customer_2779,KFC,Sandwich,Singapore,3,4666.93,1.4,2024-04-14
1198,Customer_736,Pizza Hut,Fast Food,Australia,10,2452.2,1.6,2025-04-30
1199,Customer_1655,KFC,Fast Food,Sri Lanka,4,2284.9,2.2,2026-01-09
1200,Customer_707,Dominos,Fast Food,Singapore,7,1738.47,3.6,2025-09-02
1201,Customer_48,Pizza Hut,Fast Food,Sri Lanka,2,2701.48,3.7,2025-01-11
1202,Customer_922,Pizza Hut,Sandwich,Australia,2,4074.55,1.7,2025-06-05
1203,Customer_2641,Dominos,Burger,India,2,1963.53,3.9,2025-05-10
1204,Customer_2202,KFC,Sandwich,Sri Lanka,7,3002.27,3.1,2026-06-01
1205,Customer_2172,Dominos,Fast Food,Sri Lanka,4,4845.56,4.6,2026-04-11
1206,Customer_2454,KFC,Fast Food,Singapore,6,1053.7,1.5,2024-07-04
1207,Customer_2674,KFC,Fast Food,Australia,1,880.75,1.5,2024-07-30
1208,Customer_1490,Subway,Pizza,Singapore,1,1617.52,1.2,2024-11-01
1209,Customer_1202,Subway,Sandwich,India,10,2706.99,2.3,2025-06-15
1210,Customer_2483,Subway,Pizza,Sri Lanka,1,1566.95,1.8,2024-12-26
1211,Customer_882,KFC,Pizza,Australia,5,1078.21,3.5,2024-11-02
1212,Customer_2253,Burger King,Burger,Singapore,3,2300.27,1.3,2024-03-17
1213,Customer_2772,Dominos,Pizza,India,2,3333.06,2.1,2024-09-17
1214,Customer_2855,KFC,Burger,India,7,4197.06,2.3,2025-10-10
1215,Customer_1777,Dominos,Fast Food,India,2,1715.56,3.1,2026-03-17
1216,Customer_2247,Dominos,Fast Food,Australia,2,2132.69,2.3,2025-12-01
1217,Customer_600,KFC,Burger,Sri Lanka,2,2197.2,4.9,2024-10-06
1218,Customer_431,Pizza Hut,Pizza,Australia,10,4196.04,3.0,2025-01-22
1219,Customer_1430,Subway,Burger,Australia,10,945.8,1.2,2025-06-25
1220,Customer_1596,KFC,Burger,Singapore,8,3165.4,2.0,2024-11-21
1221,Customer_2104,KFC,Pizza,India,7,3054.02,2.1,2025-12-04
1222,Customer_2619,Burger King,Pizza,Singapore,8,1323.97,4.9,2026-01-12
1223,Customer_1920,Subway,Burger,Australia,7,2842.68,3.9,2026-03-28
1224,Customer_938,Burger King,Fast Food,Australia,7,3967.6,4.4,2026-04-13
1225,Customer_326,Pizza Hut,Pizza,Sri Lanka,3,3088.93,1.3,2025-10-11
1226,Customer_2270,Dominos,Fast Food,Singapore,9,4695.99,1.5,2024-10-19
1227,Customer_2110,Subway,Fast Food,Singapore,1,3273.29,4.6,2025-05-24
1228,Customer_30,Dominos,Burger,India,9,3578.35,1.2,2026-02-02
1229,Customer_691,Subway,Pizza,India,2,2151.73,1.5,2025-04-04
1230,Customer_209,Dominos,Sandwich,Singapore,3,2179.78,1.5,2024-12-27
1231,Customer_1024,Subway,Fast Food,Australia,5,2674.06,2.1,2025-11-26
1232,Customer_2586,Subway,Sandwich,India,5,4680.99,4.8,2024-01-03
1233,Customer_146,Dominos,Sandwich,Sri Lanka,6,526.51,2.8,2025-06-11
1234,Customer_1450,Pizza Hut,Fast Food,Australia,3,2309.31,1.0,2024-11-01
1235,Customer_2016,KFC,Fast Food,India,7,1057.29,2.9,2025-03-17
1236,Customer_2690,Burger King,Pizza,Singapore,7,2184.39,2.5,2024-06-08
1237,Customer_2198,Burger King,Fast Food,Singapore,8,1228.25,2.4,2024-07-05
1238,Customer_24,Burger King,Pizza,Sri Lanka,4,1782.05,1.5,2025-03-20
1239,Customer_1357,Pizza Hut,Pizza,India,8,4818.64,4.9,2025-03-07
1240,Customer_1725,Dominos,Sandwich,India,6,3879.9,4.1,2024-05-01
1241,Customer_2056,Dominos,Pizza,Sri Lanka,2,4067.21,1.5,2025-02-13
1242,Customer_2049,Pizza Hut,Pizza,Sri Lanka,6,2433.49,3.4,2024-12-18
1243,Customer_1780,Dominos,Burger,Australia,8,871.77,2.7,2024-01-09
1244,Customer_625,Subway,Pizza,India,5,3950.27,4.5,2025-09-24
1245,Customer_1014,Dominos,Pizza,Singapore,2,3655.15,3.0,2025-12-18
1246,Customer_773,Subway,Pizza,India,2,1095.33,1.2,2024-07-04
1247,Customer_599,Dominos,Fast Food,India,2,4389.58,2.5,2024-07-15
1248,Customer_1256,KFC,Pizza,Australia,7,2656.38,3.0,2025-06-21
1249,Customer_212,Burger King,Fast Food,Australia,6,1762.5,2.4,2025-10-21
1250,Customer_1012,Burger King,Fast Food,India,1,502.41,3.6,2025-03-04
1251,Customer_869,Burger King,Sandwich,Australia,10,953.43,1.7,2024-11-25
1252,Customer_1490,Burger King,Burger,Sri Lanka,2,3510.26,3.7,2025-05-18
1253,Customer_534,Burger King,Burger,Australia,10,2879.88,2.5,2026-02-27
1254,Customer_1131,KFC,Sandwich,Sri Lanka,2,1087.18,4.0,2025-10-27
1255,Customer_169,Subway,Pizza,India,8,4664.75,1.3,2024-05-03
1256,Customer_2536,Burger King,Burger,Singapore,4,2901.01,1.6,2025-07-13
1257,Customer_786,Dominos,Burger,Australia,6,2518.17,3.9,2024-05-10
1258,Customer_278,Dominos,Sandwich,Sri Lanka,3,3196.19,3.8,2025-03-22
1259,Customer_1187,Pizza Hut,Fast Food,India,7,2727.62,3.1,2024-05-12
1260,Customer_308,KFC,Sandwich,Singapore,9,4007.17,2.6,2025-06-09
1261,Customer_848,KFC,Fast Food,India,10,1480.13,3.8,2024-10-05
1262,Customer_2101,Dominos,Burger,Australia,4,1833.64,2.1,2026-06-19
1263,Customer_701,KFC,Fast Food,India,5,675.91,1.6,2024-05-01
1264,Customer_545,Burger King,Fast Food,India,4,2905.68,1.0,2024-10-11
1265,Customer_2592,Subway,Burger,Australia,2,4758.93,4.5,2024-12-21
1266,Customer_2958,KFC,Sandwich,Australia,6,4933.68,3.5,2024-09-27
1267,Customer_1457,KFC,Burger,India,5,4872.22,3.1,2024-01-11
1268,Customer_2390,Pizza Hut,Sandwich,Australia,10,2978.95,4.3,2026-06-07
1269,Customer_1329,Burger King,Pizza,Singapore,3,2507.25,3.9,2024-08-13
1270,Customer_1510,KFC,Sandwich,Sri Lanka,8,1316.81,1.7,2025-03-20
1271,Customer_722,KFC,Sandwich,India,5,594.71,1.7,2026-06-02
1272,Customer_1615,Subway,Pizza,Sri Lanka,3,824.22,2.0,2024-06-30
1273,Customer_1649,Pizza Hut,Pizza,Sri Lanka,10,948.78,2.5,2025-10-22
1274,Customer_56,Pizza Hut,Pizza,India,2,1704.45,4.8,2024-04-22
1275,Customer_56,Pizza Hut,Fast Food,Australia,2,1410.45,2.9,2025-09-06
1276,Customer_1820,KFC,Burger,Australia,8,1195.31,1.2,2025-07-30
1277,Customer_1096,Subway,Fast Food,Sri Lanka,1,962.67,2.2,2025-12-09
1278,Customer_1702,KFC,Fast Food,India,1,1520.04,2.5,2025-06-07
1279,Customer_2685,Burger King,Pizza,Singapore,2,2713.19,5.0,2024-12-27
1280,Customer_417,Burger King,Burger,Sri Lanka,10,2001.76,2.4,2024-08-17
1281,Customer_178,Subway,Pizza,India,7,2887.16,3.4,2024-03-27
1282,Customer_1742,KFC,Burger,Australia,6,4439.31,2.1,2025-11-26
1283,Customer_2711,Burger King,Burger,Sri Lanka,1,4377.71,4.9,2025-05-26
1284,Customer_2687,KFC,Burger,India,7,2510.13,4.2,2026-03-07
1285,Customer_276,Pizza Hut,Sandwich,Australia,3,907.01,5.0,2025-05-04
1286,Customer_1578,Burger King,Burger,Singapore,7,2665.8,4.9,2024-07-05
1287,Customer_2608,Burger King,Pizza,India,7,2383.97,3.0,2025-09-08
1288,Customer_2018,Subway,Pizza,Singapore,2,3114.34,2.7,2025-06-30
1289,Customer_2841,KFC,Fast Food,India,6,512.9,5.0,2025-08-14
1290,Customer_1485,Subway,Sandwich,India,2,768.1,2.4,2024-01-18
1291,Customer_571,Burger King,Sandwich,India,9,4873.19,4.7,2026-05-19
1292,Customer_864,KFC,Fast Food,India,2,4829.23,3.8,2024-09-05
1293,Customer_108,Dominos,Burger,Sri Lanka,2,3482.36,1.3,2025-01-21
1294,Customer_2433,KFC,Fast Food,India,6,1135.75,2.0,2026-05-07
1295,Customer_2332,Dominos,Pizza,India,8,3846.01,4.0,2024-01-13
1296,Customer_1227,Dominos,Sandwich,Australia,8,4016.29,3.8,2025-12-16
1297,Customer_456,KFC,Fast Food,Sri Lanka,10,3880.1,3.0,2024-10-20
1298,Customer_1624,Dominos,Sandwich,Australia,10,2758.43,3.8,2024-01-12
1299,Customer_643,Burger King,Fast Food,Singapore,3,3844.11,2.6,2025-03-09
1300,Customer_897,Dominos,Pizza,Sri Lanka,8,2648.37,3.6,2024-02-27
1301,Customer_1559,KFC,Fast Food,Australia,7,1376.29,1.4,2025-02-18
1302,Customer_1486,Subway,Burger,Sri Lanka,4,1769.93,3.2,2024-03-20
1303,Customer_868,Subway,Fast Food,Australia,4,2982.61,3.6,2024-03-07
1304,Customer_985,Burger King,Fast Food,Sri Lanka,10,4939.22,2.9,2024-02-03
1305,Customer_1289,Pizza Hut,Burger,Sri Lanka,6,3882.56,4.8,2024-02-19
1306,Customer_799,Burger King,Sandwich,Australia,3,3661.96,1.4,2025-05-27
1307,Customer_2063,Pizza Hut,Pizza,Sri Lanka,10,4082.31,2.9,2025-02-21
1308,Customer_154,Burger King,Pizza,India,8,854.39,3.5,2026-06-08
1309,Customer_949,KFC,Pizza,India,9,2823.35,3.9,2026-01-05
1310,Customer_2144,Burger King,Sandwich,India,6,1808.79,3.5,2025-10-29
1311,Customer_164,Dominos,Pizza,India,10,3230.95,4.8,2025-03-17
1312,Customer_2572,Dominos,Fast Food,Sri Lanka,3,3948.43,2.2,2025-08-03
1313,Customer_358,Dominos,Fast Food,Singapore,6,1263.73,2.2,2026-06-07
1314,Customer_1148,Subway,Burger,Australia,2,820.1,3.8,2024-03-10
1315,Customer_1057,Dominos,Burger,Singapore,3,4729.23,4.9,2025-04-16
1316,Customer_163,Burger King,Burger,Singapore,7,4356.5,4.7,2025-05-14
1317,Customer_1806,Burger King,Burger,Australia,2,3569.9,3.0,2024-05-12
1318,Customer_2796,Pizza Hut,Fast Food,India,9,535.74,4.4,2024-09-26
1319,Customer_1540,KFC,Sandwich,Sri Lanka,4,2247.0,2.8,2024-10-24
1320,Customer_1430,Dominos,Sandwich,Singapore,2,886.2,3.9,2024-04-05
1321,Customer_1775,KFC,Sandwich,Australia,2,1927.78,5.0,2025-02-10
1322,Customer_871,Dominos,Fast Food,Australia,8,672.27,1.6,2025-05-12
1323,Customer_597,KFC,Burger,Sri Lanka,10,3983.92,1.2,2025-04-26
1324,Customer_1481,Dominos,Sandwich,India,1,1451.72,1.1,2026-04-07
1325,Customer_2801,Dominos,Burger,Australia,3,876.16,1.3,2026-02-15
1326,Customer_335,Burger King,Sandwich,Singapore,9,1463.47,4.6,2025-02-18
1327,Customer_221,Pizza Hut,Sandwich,Australia,5,1240.4,2.4,2024-07-07
1328,Customer_1973,Dominos,Pizza,Singapore,6,4606.69,3.3,2025-03-05
1329,Customer_41,Subway,Pizza,Sri Lanka,10,3274.31,2.3,2026-04-22
1330,Customer_1297,Pizza Hut,Pizza,Singapore,3,2747.51,2.3,2026-04-23
1331,Customer_2761,Dominos,Burger,Sri Lanka,8,4744.96,4.4,2026-03-22
1332,Customer_1841,Subway,Fast Food,Sri Lanka,4,3855.68,1.8,2025-10-11
1333,Customer_2237,KFC,Sandwich,India,6,1443.93,1.8,2025-12-14
1334,Customer_2363,Pizza Hut,Burger,Australia,1,1858.75,2.2,2025-11-26
1335,Customer_511,Dominos,Sandwich,Singapore,7,2082.78,4.3,2026-04-18
1336,Customer_2143,Burger King,Fast Food,India,8,2427.73,1.7,2025-03-12
1337,Customer_667,Subway,Sandwich,Singapore,5,4302.91,3.8,2025-09-01
1338,Customer_2598,Burger King,Fast Food,Sri Lanka,2,903.37,1.1,2025-03-23
1339,Customer_425,Dominos,Fast Food,Singapore,9,3115.55,1.1,2025-02-25
1340,Customer_1723,KFC,Pizza,Singapore,9,2214.86,1.8,2024-10-23
1341,Customer_510,Burger King,Sandwich,Singapore,7,534.22,2.5,2025-04-25
1342,Customer_2079,Burger King,Burger,Australia,5,4273.18,4.2,2024-08-17
1343,Customer_2758,KFC,Fast Food,Singapore,1,569.89,1.6,2025-02-28
1344,Customer_2126,Subway,Burger,Australia,3,4816.22,5.0,2025-01-18
1345,Customer_2277,Dominos,Pizza,Singapore,1,4105.99,3.3,2024-09-04
1346,Customer_2607,Dominos,Pizza,Singapore,6,2827.75,2.7,2024-05-11
1347,Customer_2909,KFC,Fast Food,Singapore,5,4268.02,1.6,2024-04-11
1348,Customer_835,Pizza Hut,Fast Food,Sri Lanka,7,551.92,4.1,2024-11-26
1349,Customer_114,Subway,Fast Food,Singapore,1,3840.53,1.5,2024-06-05
1350,Customer_2599,Burger King,Pizza,India,4,1836.15,3.1,2025-04-09
1351,Customer_2975,Dominos,Burger,Sri Lanka,5,873.34,1.6,2024-09-08
1352,Customer_2615,Subway,Fast Food,Sri Lanka,8,4672.4,1.5,2024-01-24
1353,Customer_1157,Burger King,Pizza,Sri Lanka,2,2724.1,2.4,2024-05-25
1354,Customer_852,Dominos,Fast Food,Singapore,1,2361.85,2.9,2026-05-08
1355,Customer_313,KFC,Sandwich,Singapore,6,3350.98,2.8,2025-10-02
1356,Customer_737,Burger King,Fast Food,India,10,3340.46,4.4,2024-06-13
1357,Customer_1405,Burger King,Sandwich,Sri Lanka,3,2847.87,2.0,2024-04-30
1358,Customer_790,Subway,Fast Food,Sri Lanka,9,2802.85,1.6,2024-05-04
1359,Customer_1495,Pizza Hut,Pizza,Sri Lanka,6,1123.54,1.3,2026-06-06
1360,Customer_519,Burger King,Burger,Singapore,4,4789.53,2.4,2025-12-09
1361,Customer_2671,Burger King,Sandwich,Singapore,7,2806.95,2.6,2025-07-18
1362,Customer_1025,KFC,Pizza,Australia,7,963.03,4.2,2024-07-16
1363,Customer_1277,KFC,Pizza,Singapore,7,4472.86,2.7,2025-08-24
1364,Customer_1113,Burger King,Fast Food,Singapore,7,1398.74,2.4,2026-02-04
1365,Customer_264,Dominos,Pizza,Sri Lanka,9,1638.79,2.6,2025-10-09
1366,Customer_2643,Subway,Burger,Singapore,1,1015.92,4.2,2025-09-10
1367,Customer_762,Burger King,Pizza,Sri Lanka,4,3456.3,2.5,2025-03-15
1368,Customer_1288,Pizza Hut,Fast Food,Australia,1,3725.61,1.9,2026-03-09
1369,Customer_1318,KFC,Fast Food,Singapore,5,3208.11,3.1,2025-08-04
1370,Customer_2298,Burger King,Fast Food,Singapore,7,1930.02,2.3,2024-04-15
1371,Customer_204,Dominos,Sandwich,Sri Lanka,5,2395.57,1.5,2024-07-20
1372,Customer_2464,Burger King,Sandwich,India,10,595.71,1.1,2024-06-24
1373,Customer_2359,Pizza Hut,Sandwich,Australia,3,4287.39,2.6,2026-03-13
1374,Customer_2161,Pizza Hut,Burger,Sri Lanka,2,2614.52,4.3,2025-06-30
1375,Customer_2963,Burger King,Burger,Australia,6,2301.55,3.2,2025-03-01
1376,Customer_2023,Subway,Fast Food,Singapore,5,3634.06,2.8,2024-11-16
1377,Customer_2626,Pizza Hut,Burger,Sri Lanka,1,1508.06,4.3,2026-05-19
1378,Customer_431,Burger King,Sandwich,India,3,896.08,3.9,2024-05-22
1379,Customer_1511,Subway,Fast Food,Sri Lanka,5,4474.94,1.2,2026-04-11
1380,Customer_1247,Pizza Hut,Burger,Australia,10,4062.33,2.5,2024-02-19
1381,Customer_698,KFC,Sandwich,Sri Lanka,3,1937.0,1.6,2025-12-16
1382,Customer_1693,Dominos,Fast Food,India,10,2650.67,3.0,2025-08-21
1383,Customer_1319,Dominos,Pizza,Sri Lanka,5,3947.91,3.8,2024-10-14
1384,Customer_2288,KFC,Pizza,Sri Lanka,2,4872.94,1.2,2024-12-27
1385,Customer_2747,KFC,Sandwich,Singapore,4,2694.41,2.4,2024-01-14
1386,Customer_2419,Subway,Burger,Australia,8,3448.8,4.4,2026-04-13
1387,Customer_533,KFC,Burger,Singapore,8,4405.36,3.1,2024-04-18
1388,Customer_1640,KFC,Fast Food,Australia,7,1238.88,2.2,2026-03-09
1389,Customer_2365,Pizza Hut,Pizza,Singapore,2,3852.62,2.0,2026-06-09
1390,Customer_767,Burger King,Fast Food,Singapore,9,2536.88,2.1,2025-04-16
1391,Customer_345,Burger King,Sandwich,India,3,2286.18,2.7,2025-07-17
1392,Customer_218,Dominos,Burger,Australia,2,721.1,2.5,2024-12-07
1393,Customer_795,Burger King,Pizza,Singapore,3,3173.22,3.1,2025-03-08
1394,Customer_2125,Dominos,Fast Food,Sri Lanka,4,4815.37,1.9,2025-05-20
1395,Customer_147,Subway,Burger,India,2,2894.59,2.1,2024-02-24
1396,Customer_2866,Dominos,Sandwich,Singapore,2,1489.5,4.3,2025-09-27
1397,Customer_1099,Dominos,Pizza,India,4,2064.35,2.2,2025-12-09
1398,Customer_1180,Pizza Hut,Fast Food,India,9,4585.02,3.5,2025-09-02
1399,Customer_1251,KFC,Pizza,Australia,2,1249.9,2.3,2026-01-26
1400,Customer_581,Pizza Hut,Sandwich,Singapore,6,593.72,4.9,2025-04-11
1401,Customer_700,Pizza Hut,Burger,Singapore,10,504.53,4.5,2024-03-19
1402,Customer_449,Pizza Hut,Fast Food,Australia,4,2863.71,1.7,2025-04-28
1403,Customer_385,Pizza Hut,Burger,Australia,8,2707.98,2.4,2024-05-30
1404,Customer_1055,Dominos,Burger,Australia,8,561.02,2.4,2025-07-12
1405,Customer_1367,Subway,Sandwich,Sri Lanka,5,3586.03,3.9,2025-12-28
1406,Customer_606,Dominos,Pizza,India,6,2740.25,2.0,2024-01-22
1407,Customer_2851,Dominos,Burger,India,2,1372.29,4.8,2026-01-28
1408,Customer_443,Burger King,Sandwich,India,5,4596.47,2.4,2025-10-16
1409,Customer_1602,Subway,Sandwich,Australia,5,1357.58,3.3,2024-12-05
1410,Customer_1407,Subway,Fast Food,Singapore,8,3049.98,4.2,2025-12-19
1411,Customer_1182,Pizza Hut,Fast Food,Singapore,3,2598.43,1.6,2024-12-21
1412,Customer_2556,Subway,Pizza,Australia,8,1797.17,4.2,2024-10-23
1413,Customer_1860,Pizza Hut,Pizza,Australia,10,1055.46,3.0,2024-01-16
1414,Customer_1763,Burger King,Fast Food,Sri Lanka,5,1119.73,4.5,2024-01-06
1415,Customer_2057,Subway,Pizza,Sri Lanka,5,1141.9,3.9,2026-03-15
1416,Customer_2398,Pizza Hut,Burger,India,1,2629.3,2.4,2025-03-18
1417,Customer_2780,Dominos,Sandwich,Singapore,2,4518.65,4.7,2026-04-11
1418,Customer_1273,KFC,Sandwich,Australia,10,1126.29,4.1,2025-09-03
1419,Customer_556,Dominos,Pizza,Australia,5,885.19,3.3,2024-09-13
1420,Customer_1889,Subway,Pizza,Singapore,7,932.19,3.1,2025-10-05
1421,Customer_1284,Subway,Burger,Singapore,6,2424.51,2.7,2025-12-11
1422,Customer_1890,Pizza Hut,Fast Food,Singapore,2,3901.35,3.5,2025-02-24
1423,Customer_994,Subway,Burger,India,10,2944.71,3.3,2024-11-05
1424,Customer_220,Dominos,Pizza,Singapore,1,2582.64,4.1,2024-10-27
1425,Customer_1886,Pizza Hut,Fast Food,Sri Lanka,5,4234.52,3.6,2025-06-14
1426,Customer_2435,Pizza Hut,Burger,Singapore,6,4389.41,1.5,2024-12-07
1427,Customer_2763,Subway,Fast Food,India,9,1148.68,4.0,2025-08-21
1428,Customer_559,KFC,Pizza,Australia,5,3736.14,4.7,2025-05-22
1429,Customer_1987,Subway,Pizza,Sri Lanka,2,500.16,3.4,2026-04-04
1430,Customer_2130,Pizza Hut,Pizza,India,2,2631.84,4.3,2024-05-03
1431,Customer_1601,Pizza Hut,Fast Food,Australia,7,2676.74,1.7,2025-03-30
1432,Customer_2240,Burger King,Sandwich,Sri Lanka,7,1158.11,1.1,2024-08-28
1433,Customer_2693,KFC,Pizza,India,8,2662.1,2.2,2024-05-25
1434,Customer_2412,Dominos,Burger,Australia,7,2236.19,4.2,2024-04-12
1435,Customer_1708,Dominos,Pizza,Sri Lanka,5,2556.87,3.3,2025-04-20
1436,Customer_2378,Burger King,Fast Food,Singapore,1,4586.49,2.4,2024-01-12
1437,Customer_1917,Dominos,Burger,Sri Lanka,3,2109.86,4.4,2024-05-22
1438,Customer_864,Burger King,Sandwich,Sri Lanka,3,3451.64,2.4,2025-05-30
1439,Customer_2307,Burger King,Sandwich,India,5,4032.32,3.6,2026-01-06
1440,Customer_280,Dominos,Sandwich,Singapore,10,3465.37,3.3,2025-02-07
1441,Customer_2699,Subway,Burger,India,6,3149.83,3.3,2025-06-03
1442,Customer_2530,Dominos,Fast Food,Sri Lanka,1,4334.14,1.6,2025-08-21
1443,Customer_2725,Pizza Hut,Sandwich,Singapore,6,3919.59,4.9,2024-04-08
1444,Customer_970,Pizza Hut,Pizza,Singapore,7,4650.69,1.2,2026-04-07
1445,Customer_469,Pizza Hut,Fast Food,Singapore,6,3229.4,4.4,2024-09-13
1446,Customer_1316,Pizza Hut,Sandwich,Singapore,3,4949.92,3.3,2024-06-27
1447,Customer_802,Burger King,Sandwich,Singapore,5,1514.73,4.0,2024-07-23
1448,Customer_2165,KFC,Fast Food,Sri Lanka,2,1415.93,4.2,2025-03-20
1449,Customer_1473,Dominos,Fast Food,Australia,3,3570.63,4.8,2024-01-06
1450,Customer_2631,Subway,Sandwich,India,4,3066.67,2.9,2026-01-15
1451,Customer_1461,Subway,Pizza,Sri Lanka,8,2423.8,2.5,2024-12-26
1452,Customer_2332,Pizza Hut,Pizza,Australia,2,1030.67,1.9,2024-03-13
1453,Customer_2215,Burger King,Fast Food,India,5,4650.23,2.0,2025-09-07
1454,Customer_1466,Pizza Hut,Pizza,Australia,2,2904.91,2.0,2025-12-21
1455,Customer_2504,Subway,Burger,Singapore,10,754.92,3.8,2025-06-14
1456,Customer_2388,Dominos,Burger,Sri Lanka,1,2021.2,2.0,2024-04-23
1457,Customer_244,KFC,Pizza,Australia,1,1560.28,1.3,2024-12-08
1458,Customer_2499,Pizza Hut,Burger,Sri Lanka,7,3191.66,3.4,2025-07-31
1459,Customer_2259,Dominos,Pizza,Australia,1,968.28,3.0,2024-03-23
1460,Customer_2664,Burger King,Sandwich,Singapore,5,4016.94,4.5,2024-08-18
1461,Customer_88,Pizza Hut,Fast Food,India,9,3236.63,2.5,2024-08-21
1462,Customer_75,Subway,Sandwich,Sri Lanka,7,3945.57,3.8,2025-12-01
1463,Customer_2873,Dominos,Pizza,Sri Lanka,8,1030.97,3.5,2025-03-16
1464,Customer_1441,KFC,Burger,Singapore,1,1571.77,1.4,2025-01-11
1465,Customer_931,Dominos,Fast Food,Sri Lanka,4,4156.8,1.3,2024-01-11
1466,Customer_1797,KFC,Burger,Sri Lanka,6,2073.5,3.6,2024-05-09
1467,Customer_1198,KFC,Sandwich,Singapore,2,3454.66,1.3,2024-09-07
1468,Customer_844,Dominos,Burger,India,8,3709.1,4.8,2025-07-10
1469,Customer_2259,Burger King,Pizza,Australia,6,3639.97,3.0,2026-03-09
1470,Customer_1420,Dominos,Sandwich,Australia,2,1416.0,1.5,2024-02-25
1471,Customer_945,Burger King,Pizza,Sri Lanka,6,3762.1,4.2,2025-06-17
1472,Customer_963,Dominos,Sandwich,Sri Lanka,1,2745.08,1.1,2024-02-06
1473,Customer_2410,Dominos,Burger,Sri Lanka,1,1755.92,3.4,2024-10-11
1474,Customer_78,Dominos,Sandwich,Singapore,1,1510.02,2.5,2025-05-22
1475,Customer_1766,Subway,Fast Food,Australia,1,2936.97,2.4,2025-11-06
1476,Customer_2494,Burger King,Burger,India,1,2034.25,4.3,2024-01-27
1477,Customer_1752,Pizza Hut,Fast Food,Singapore,5,4363.31,4.8,2025-03-20
1478,Customer_1737,Subway,Burger,India,7,2603.0,5.0,2025-04-19
1479,Customer_541,Pizza Hut,Burger,Australia,2,4994.63,4.1,2024-08-31
1480,Customer_1383,Subway,Sandwich,Sri Lanka,10,1734.21,2.1,2024-10-29
1481,Customer_2675,Subway,Fast Food,Sri Lanka,5,3057.98,2.3,2024-09-13
1482,Customer_733,Dominos,Sandwich,Sri Lanka,8,539.92,1.1,2024-09-27
1483,Customer_1967,Subway,Pizza,Singapore,1,3108.07,1.3,2025-01-02
1484,Customer_2259,Burger King,Fast Food,Singapore,3,1661.03,4.1,2025-09-16
1485,Customer_2028,KFC,Pizza,India,3,4420.58,3.6,2024-09-22
1486,Customer_469,Pizza Hut,Pizza,Singapore,10,1928.0,3.2,2024-08-26
1487,Customer_250,Burger King,Burger,Sri Lanka,6,2931.99,1.2,2024-08-21
1488,Customer_1433,Pizza Hut,Fast Food,Singapore,2,2799.66,1.9,2024-08-28
1489,Customer_2337,Burger King,Sandwich,Sri Lanka,7,4441.34,1.6,2024-11-29
1490,Customer_2487,Burger King,Burger,Singapore,6,2618.08,4.9,2024-11-30
1491,Customer_128,KFC,Burger,Sri Lanka,5,4686.39,4.6,2025-09-28
1492,Customer_436,Subway,Pizza,Australia,9,3720.96,4.0,2024-01-27
1493,Customer_2382,Burger King,Pizza,Singapore,10,646.7,3.9,2026-03-13
1494,Customer_2660,Pizza Hut,Fast Food,India,10,2765.73,3.3,2025-01-25
1495,Customer_1713,Subway,Fast Food,Sri Lanka,10,2625.48,3.1,2025-07-15
1496,Customer_1299,Burger King,Pizza,Australia,4,1979.08,4.2,2025-03-27
1497,Customer_946,Dominos,Burger,Sri Lanka,4,2502.53,4.8,2025-01-05
1498,Customer_1483,Pizza Hut,Burger,Sri Lanka,6,3439.98,3.4,2025-02-23
1499,Customer_1716,KFC,Pizza,India,7,3533.47,3.7,2025-04-04
1500,Customer_1067,Burger King,Burger,Australia,2,866.78,2.7,2025-09-12
1501,Customer_2360,Dominos,Pizza,India,8,569.81,1.5,2024-05-31
1502,Customer_2272,Dominos,Fast Food,India,1,4252.36,1.1,2024-09-26
1503,Customer_300,KFC,Sandwich,Singapore,6,1073.54,3.8,2024-06-19
1504,Customer_2917,Burger King,Fast Food,Australia,6,3161.65,3.5,2024-09-04
1505,Customer_186,Pizza Hut,Burger,Singapore,7,3338.74,4.0,2026-01-09
1506,Customer_1185,Dominos,Pizza,India,10,4623.54,4.7,2025-03-22
1507,Customer_624,Pizza Hut,Burger,Singapore,7,1941.97,1.7,2024-03-26
1508,Customer_2409,Burger King,Fast Food,India,5,2719.82,1.2,2026-01-09
1509,Customer_2152,Subway,Sandwich,Australia,6,2228.3,4.0,2025-06-14
1510,Customer_172,KFC,Sandwich,Australia,10,4458.13,2.3,2024-05-26
1511,Customer_1167,KFC,Fast Food,Australia,5,2689.86,1.9,2024-12-21
1512,Customer_1182,Burger King,Fast Food,India,5,1134.51,1.8,2024-06-22
1513,Customer_2084,KFC,Fast Food,Sri Lanka,9,2920.62,1.8,2026-05-08
1514,Customer_106,Burger King,Pizza,Australia,10,2419.26,2.8,2025-05-15
1515,Customer_1859,Burger King,Fast Food,Sri Lanka,8,4499.96,3.0,2024-05-09
1516,Customer_561,Burger King,Fast Food,Australia,2,3849.25,1.9,2024-03-29
1517,Customer_1340,KFC,Burger,Australia,8,3337.81,3.1,2024-03-17
1518,Customer_304,Burger King,Fast Food,Singapore,2,4695.66,4.2,2026-03-06
1519,Customer_780,Subway,Fast Food,Sri Lanka,4,1115.94,2.5,2024-11-21
1520,Customer_2759,KFC,Burger,Singapore,3,2680.28,1.7,2024-08-13
1521,Customer_1158,KFC,Pizza,Sri Lanka,9,4357.21,4.0,2025-05-23
1522,Customer_1779,Pizza Hut,Sandwich,India,3,674.66,3.8,2024-01-04
1523,Customer_1558,Subway,Pizza,Australia,8,2887.08,4.8,2025-09-20
1524,Customer_1230,KFC,Burger,Singapore,8,4085.36,2.6,2026-06-17
1525,Customer_2226,Dominos,Burger,Sri Lanka,4,1005.65,4.5,2024-12-31
1526,Customer_1177,Dominos,Sandwich,Australia,4,3480.88,1.5,2026-02-12
1527,Customer_1307,Pizza Hut,Burger,Singapore,3,3981.57,2.9,2025-04-20
1528,Customer_2004,Subway,Sandwich,India,1,1809.19,3.0,2026-04-04
1529,Customer_1676,Pizza Hut,Burger,Australia,6,2350.53,4.2,2026-05-21
1530,Customer_1633,Burger King,Fast Food,Australia,8,3776.84,2.4,2025-03-11
1531,Customer_187,Burger King,Sandwich,Singapore,4,3076.28,1.7,2026-04-18
1532,Customer_2562,Pizza Hut,Burger,India,10,2928.95,4.8,2024-07-30
1533,Customer_1554,Pizza Hut,Burger,Australia,9,785.59,1.2,2024-01-22
1534,Customer_1484,Subway,Pizza,India,9,2279.87,3.9,2024-08-03
1535,Customer_662,Burger King,Burger,Singapore,4,2988.28,2.0,2024-10-24
1536,Customer_148,Pizza Hut,Fast Food,Singapore,8,690.28,2.1,2024-01-14
1537,Customer_943,KFC,Fast Food,Australia,2,4158.48,2.5,2024-01-25
1538,Customer_538,Burger King,Fast Food,Sri Lanka,2,2770.29,3.8,2025-02-14
1539,Customer_1702,Pizza Hut,Fast Food,India,2,3811.43,4.2,2026-01-20
1540,Customer_2481,Burger King,Burger,Singapore,9,3845.68,2.2,2024-07-17
1541,Customer_831,Pizza Hut,Burger,Singapore,7,1810.57,1.4,2025-04-14
1542,Customer_2298,Burger King,Sandwich,Australia,9,2779.67,2.5,2025-02-20
1543,Customer_2981,Dominos,Burger,Sri Lanka,8,1508.27,4.9,2025-05-23
1544,Customer_951,Dominos,Burger,Singapore,10,990.27,2.2,2025-02-10
1545,Customer_2581,Pizza Hut,Fast Food,India,4,4391.72,3.0,2024-05-27
1546,Customer_344,KFC,Sandwich,Singapore,9,3753.65,3.3,2024-09-12
1547,Customer_242,Dominos,Burger,Singapore,5,3832.3,4.3,2024-08-26
1548,Customer_1317,Subway,Sandwich,Sri Lanka,5,3606.79,4.0,2024-02-07
1549,Customer_2002,Subway,Sandwich,Australia,4,1948.27,3.8,2026-03-24
1550,Customer_2273,Pizza Hut,Fast Food,Singapore,2,2190.59,4.0,2025-06-10
1551,Customer_2130,Pizza Hut,Pizza,India,8,4413.87,1.5,2024-06-14
1552,Customer_2029,KFC,Sandwich,India,9,2381.66,1.0,2025-03-10
1553,Customer_1784,Burger King,Burger,Australia,10,4502.95,3.3,2024-04-30
1554,Customer_580,Burger King,Pizza,Australia,9,3220.33,2.9,2024-06-18
1555,Customer_1353,KFC,Pizza,Singapore,1,1929.6,1.7,2024-08-03
1556,Customer_275,Pizza Hut,Burger,India,4,3623.2,3.2,2025-04-26
1557,Customer_388,Pizza Hut,Sandwich,India,2,2077.04,3.2,2024-12-04
1558,Customer_1413,Pizza Hut,Pizza,Australia,5,4193.39,4.5,2024-08-19
1559,Customer_2988,Burger King,Burger,Singapore,5,3025.01,3.6,2025-08-21
1560,Customer_318,Subway,Pizza,Sri Lanka,4,1759.93,2.1,2024-07-26
1561,Customer_519,Subway,Sandwich,Australia,10,3973.9,3.4,2024-04-14
1562,Customer_2523,Dominos,Pizza,India,1,4025.14,5.0,2024-10-10
1563,Customer_2519,KFC,Pizza,India,8,4435.76,2.3,2024-04-03
1564,Customer_562,Subway,Sandwich,Singapore,8,1971.9,3.0,2024-02-23
1565,Customer_987,Subway,Sandwich,Singapore,7,3678.1,2.4,2024-04-30
1566,Customer_2139,Burger King,Fast Food,India,3,4754.7,4.3,2026-05-08
1567,Customer_586,Dominos,Sandwich,Singapore,5,3584.15,3.2,2025-12-29
1568,Customer_2671,Burger King,Pizza,Sri Lanka,6,4349.18,4.1,2025-03-21
1569,Customer_2984,Dominos,Pizza,India,7,2183.93,4.7,2024-12-20
1570,Customer_803,Dominos,Burger,India,1,3137.85,2.3,2024-01-11
1571,Customer_1040,Subway,Fast Food,Australia,1,3412.48,3.6,2025-01-12
1572,Customer_180,Burger King,Burger,Sri Lanka,10,4204.97,4.5,2025-02-11
1573,Customer_2489,Dominos,Sandwich,India,8,3874.71,3.6,2025-04-27
1574,Customer_426,Pizza Hut,Burger,Sri Lanka,10,4524.19,1.6,2025-07-12
1575,Customer_725,KFC,Fast Food,Singapore,2,752.22,3.5,2026-01-23
1576,Customer_1288,Pizza Hut,Burger,India,10,3818.54,2.3,2024-03-04
1577,Customer_1297,KFC,Burger,Sri Lanka,7,2373.7,3.7,2025-11-19
1578,Customer_267,KFC,Pizza,Australia,2,1276.63,1.2,2024-03-03
1579,Customer_814,Subway,Sandwich,India,1,1900.24,3.2,2025-09-15
1580,Customer_1399,Dominos,Fast Food,Singapore,2,1023.18,1.4,2024-04-30
1581,Customer_354,KFC,Burger,Sri Lanka,3,4049.32,1.9,2026-01-17
1582,Customer_1886,Pizza Hut,Pizza,Australia,4,3863.34,4.0,2025-01-18
1583,Customer_219,Dominos,Burger,India,5,1131.92,2.3,2024-11-13
1584,Customer_772,Burger King,Pizza,India,5,1667.09,2.8,2024-08-19
1585,Customer_2007,Burger King,Burger,Australia,9,2523.53,3.5,2024-04-04
1586,Customer_699,Pizza Hut,Sandwich,India,9,3059.2,5.0,2026-05-01
1587,Customer_1421,Burger King,Pizza,Australia,9,2982.25,4.0,2025-03-20
1588,Customer_372,Subway,Pizza,Australia,4,2604.6,1.1,2024-10-02
1589,Customer_2118,KFC,Sandwich,India,8,3140.69,2.5,2024-04-28
1590,Customer_2697,Subway,Fast Food,Australia,2,3332.62,4.5,2025-01-21
1591,Customer_651,Dominos,Sandwich,Australia,6,3415.47,1.4,2024-01-09
1592,Customer_1255,KFC,Sandwich,India,1,2475.54,3.5,2025-01-01
1593,Customer_2360,Dominos,Sandwich,Singapore,4,1636.59,2.5,2025-08-30
1594,Customer_1977,Dominos,Burger,Sri Lanka,4,3934.28,4.6,2024-12-11
1595,Customer_442,Dominos,Sandwich,Australia,10,2303.38,1.1,2025-06-03
1596,Customer_682,Burger King,Pizza,India,3,3485.33,4.2,2025-06-08
1597,Customer_371,Burger King,Pizza,Australia,8,2281.97,2.8,2024-02-25
1598,Customer_605,KFC,Pizza,Australia,5,861.69,1.9,2025-11-05
1599,Customer_1789,Pizza Hut,Pizza,India,9,4305.51,2.5,2024-07-27
1600,Customer_653,Burger King,Fast Food,Singapore,9,3590.54,3.8,2025-05-03
1601,Customer_2738,Dominos,Sandwich,India,2,2244.08,2.3,2025-04-28
1602,Customer_1638,Burger King,Burger,Singapore,10,2272.33,1.3,2024-05-16
1603,Customer_2744,Subway,Fast Food,India,10,1301.72,1.9,2025-05-15
1604,Customer_1393,Subway,Fast Food,Singapore,2,3405.1,1.6,2025-01-05
1605,Customer_182,KFC,Burger,Singapore,2,2028.14,3.6,2024-07-11
1606,Customer_618,Burger King,Burger,Singapore,8,656.72,4.8,2025-03-11
1607,Customer_736,KFC,Sandwich,Sri Lanka,8,4128.03,2.4,2025-03-07
1608,Customer_416,Dominos,Fast Food,India,6,1079.33,3.0,2026-01-20
1609,Customer_1863,Pizza Hut,Sandwich,Singapore,7,3971.12,2.2,2025-12-03
1610,Customer_2598,Pizza Hut,Sandwich,Australia,8,3704.11,4.4,2024-09-21
1611,Customer_458,KFC,Sandwich,Singapore,2,1176.74,2.3,2025-01-08
1612,Customer_2418,Burger King,Pizza,Singapore,7,718.45,2.1,2025-12-25
1613,Customer_2006,Dominos,Burger,Sri Lanka,10,3588.74,2.0,2024-05-04
1614,Customer_2765,Burger King,Fast Food,Australia,3,1819.58,2.7,2024-12-11
1615,Customer_1330,Burger King,Fast Food,Sri Lanka,6,3793.57,3.1,2025-04-02
1616,Customer_1019,KFC,Fast Food,Sri Lanka,3,3770.54,3.5,2025-02-09
1617,Customer_1126,Burger King,Sandwich,India,9,3060.81,1.2,2025-03-17
1618,Customer_1527,Pizza Hut,Pizza,Sri Lanka,7,2806.85,3.9,2024-11-30
1619,Customer_2609,Burger King,Sandwich,Singapore,1,1327.69,4.0,2024-12-11
1620,Customer_2675,Pizza Hut,Sandwich,Sri Lanka,4,3069.03,5.0,2026-01-08
1621,Customer_2106,Subway,Pizza,Sri Lanka,6,3080.01,1.9,2025-09-22
1622,Customer_1126,KFC,Burger,Sri Lanka,10,2294.02,1.7,2025-03-23
1623,Customer_1117,Pizza Hut,Sandwich,India,1,4019.23,3.6,2024-10-18
1624,Customer_1094,Dominos,Burger,Sri Lanka,4,1511.71,3.8,2024-10-08
1625,Customer_262,Subway,Burger,Singapore,10,2393.44,3.4,2024-08-14
1626,Customer_1594,Dominos,Fast Food,Australia,6,1938.39,4.3,2025-07-08
1627,Customer_1893,Dominos,Pizza,India,7,1650.62,1.1,2024-06-04
1628,Customer_2341,Pizza Hut,Sandwich,Australia,2,1433.98,4.9,2026-05-22
1629,Customer_1246,Burger King,Burger,Singapore,8,633.04,3.5,2025-01-13
1630,Customer_2557,Burger King,Sandwich,Singapore,1,3881.25,2.1,2024-06-19
1631,Customer_2011,KFC,Sandwich,India,7,3232.05,4.4,2026-01-31
1632,Customer_1621,KFC,Pizza,Sri Lanka,10,1802.07,4.5,2024-04-09
1633,Customer_1643,Subway,Sandwich,Australia,4,2381.81,3.4,2026-02-24
1634,Customer_1488,Pizza Hut,Burger,Singapore,4,4365.75,3.0,2024-11-23
1635,Customer_1173,Dominos,Pizza,India,7,1797.84,3.1,2025-04-20
1636,Customer_1901,KFC,Fast Food,Singapore,10,3438.97,4.9,2024-12-08
1637,Customer_774,Pizza Hut,Pizza,India,10,3289.64,5.0,2025-02-24
1638,Customer_2338,Dominos,Fast Food,Australia,10,1624.73,3.3,2025-09-05
1639,Customer_2804,Pizza Hut,Burger,Sri Lanka,10,4475.81,3.6,2025-04-28
1640,Customer_2095,KFC,Pizza,Singapore,6,3753.77,2.0,2025-07-19
1641,Customer_2920,KFC,Burger,India,5,791.66,1.1,2025-04-28
1642,Customer_1889,Dominos,Pizza,Singapore,4,4085.39,4.9,2025-08-14
1643,Customer_2628,Pizza Hut,Burger,India,4,2579.96,4.8,2025-05-27
1644,Customer_133,Dominos,Sandwich,Singapore,2,4023.69,4.8,2024-01-08
1645,Customer_2201,Pizza Hut,Fast Food,Singapore,8,4224.89,1.2,2026-01-03
1646,Customer_1632,Pizza Hut,Burger,Singapore,9,3331.71,2.8,2026-04-11
1647,Customer_509,Pizza Hut,Pizza,Australia,10,3891.1,1.4,2026-03-17
1648,Customer_1502,Dominos,Burger,India,4,4079.99,1.8,2024-06-22
1649,Customer_1352,Pizza Hut,Sandwich,Singapore,4,3906.41,2.4,2024-04-09
1650,Customer_1822,Burger King,Sandwich,Australia,10,1738.85,1.1,2025-12-06
1651,Customer_607,Subway,Burger,Sri Lanka,4,4460.77,3.3,2024-05-23
1652,Customer_1193,Burger King,Pizza,Australia,8,3708.85,3.7,2025-12-31
1653,Customer_2848,KFC,Pizza,Australia,7,1657.88,1.9,2024-06-07
1654,Customer_867,Subway,Burger,India,10,554.3,2.5,2026-05-21
1655,Customer_2117,Dominos,Sandwich,India,6,3397.33,3.3,2025-06-04
1656,Customer_1288,Subway,Burger,Singapore,8,3417.69,4.5,2025-05-28
1657,Customer_719,Dominos,Sandwich,Sri Lanka,2,2040.65,2.2,2025-05-08
1658,Customer_615,Burger King,Fast Food,India,6,2744.56,3.3,2024-08-17
1659,Customer_50,Subway,Pizza,India,6,3489.1,2.6,2025-10-15
1660,Customer_1350,Subway,Fast Food,Australia,9,4827.45,4.4,2024-04-11
1661,Customer_326,Pizza Hut,Sandwich,India,4,1652.32,4.0,2025-07-04
1662,Customer_2666,KFC,Pizza,Singapore,3,681.05,3.4,2025-12-07
1663,Customer_1137,Pizza Hut,Pizza,Sri Lanka,3,2851.51,1.2,2025-07-19
1664,Customer_1000,Subway,Sandwich,Singapore,2,2916.2,4.1,2024-08-21
1665,Customer_2597,Pizza Hut,Pizza,Singapore,2,2488.54,2.9,2024-11-22
1666,Customer_2222,Subway,Pizza,Singapore,5,3061.98,3.3,2024-04-12
1667,Customer_457,Dominos,Pizza,Singapore,1,1632.86,2.6,2026-05-31
1668,Customer_2018,KFC,Burger,Singapore,9,1776.9,3.6,2024-10-04
1669,Customer_2180,KFC,Burger,Australia,9,2763.78,3.5,2024-09-27
1670,Customer_747,Dominos,Fast Food,Australia,9,2617.28,1.7,2024-04-24
1671,Customer_1770,Burger King,Fast Food,Singapore,6,3370.47,3.2,2024-03-08
1672,Customer_793,Pizza Hut,Pizza,India,5,2758.01,2.3,2024-07-06
1673,Customer_1933,Pizza Hut,Burger,India,10,3523.49,2.3,2025-06-27
1674,Customer_1623,KFC,Pizza,India,6,4805.18,4.9,2024-07-15
1675,Customer_2439,Dominos,Burger,India,5,2623.92,4.4,2025-10-31
1676,Customer_1519,KFC,Burger,Australia,6,4231.54,2.3,2024-11-06
1677,Customer_1743,Subway,Sandwich,Singapore,1,3930.0,2.6,2024-11-11
1678,Customer_1449,KFC,Sandwich,Australia,1,4183.4,1.8,2025-02-22
1679,Customer_2936,Burger King,Burger,Australia,1,1948.31,4.2,2025-11-08
1680,Customer_2286,Subway,Pizza,India,10,2763.25,4.4,2024-11-29
1681,Customer_305,KFC,Pizza,Australia,8,4736.72,3.4,2024-04-19
1682,Customer_2701,Dominos,Sandwich,India,5,4941.18,3.3,2024-02-17
1683,Customer_416,Pizza Hut,Burger,Australia,9,2162.52,4.7,2024-03-01
1684,Customer_1933,KFC,Fast Food,Australia,7,4209.4,4.5,2024-04-23
1685,Customer_1225,Subway,Pizza,Sri Lanka,8,1603.52,3.3,2025-08-26
1686,Customer_2707,Burger King,Burger,Sri Lanka,3,3974.45,1.3,2026-02-20
1687,Customer_2865,Burger King,Burger,Singapore,4,1328.63,2.9,2026-03-15
1688,Customer_1484,Burger King,Pizza,Australia,5,3216.28,4.7,2025-04-16
1689,Customer_489,Dominos,Sandwich,Singapore,8,4091.44,4.3,2024-05-23
1690,Customer_2099,Burger King,Fast Food,Singapore,1,4819.05,4.5,2024-03-02
1691,Customer_2207,Dominos,Burger,Australia,2,3804.95,3.3,2024-11-30
1692,Customer_461,Subway,Pizza,Sri Lanka,10,4651.24,3.4,2025-07-25
1693,Customer_300,Dominos,Burger,Singapore,8,4502.1,5.0,2024-07-14
1694,Customer_2665,Burger King,Fast Food,India,10,2029.14,3.1,2024-06-04
1695,Customer_1772,Pizza Hut,Sandwich,Australia,1,3306.6,2.6,2025-12-10
1696,Customer_923,Burger King,Sandwich,India,5,4350.09,3.3,2024-01-09
1697,Customer_1338,Subway,Sandwich,India,10,4664.1,4.6,2026-02-25
1698,Customer_2363,KFC,Pizza,India,4,1888.17,1.4,2026-01-02
1699,Customer_2466,Pizza Hut,Pizza,Australia,2,1973.57,2.3,2025-06-30
1700,Customer_2696,KFC,Pizza,Australia,3,2409.28,2.1,2024-08-23
1701,Customer_1456,Pizza Hut,Pizza,Singapore,2,4253.71,2.5,2024-08-10
1702,Customer_855,Dominos,Fast Food,Singapore,8,2296.3,1.8,2025-03-30
1703,Customer_2418,Pizza Hut,Fast Food,India,9,4609.77,3.9,2025-01-24
1704,Customer_668,KFC,Fast Food,Singapore,10,2112.76,5.0,2024-05-04
1705,Customer_783,KFC,Fast Food,Australia,8,1648.78,1.4,2025-03-01
1706,Customer_67,Pizza Hut,Sandwich,Singapore,7,4827.06,1.4,2025-04-12
1707,Customer_1270,Pizza Hut,Sandwich,Australia,4,4998.68,1.3,2025-01-04
1708,Customer_1597,Dominos,Fast Food,Australia,6,704.16,4.4,2025-10-21
1709,Customer_2313,Pizza Hut,Pizza,India,3,3627.82,4.0,2024-06-30
1710,Customer_2443,KFC,Burger,Australia,10,2366.94,1.6,2024-03-03
1711,Customer_716,Subway,Pizza,India,6,4455.85,1.4,2024-06-25
1712,Customer_123,Dominos,Pizza,Australia,7,3313.91,4.6,2024-06-15
1713,Customer_2548,Burger King,Fast Food,Sri Lanka,6,628.24,2.9,2024-09-28
1714,Customer_592,Dominos,Fast Food,Singapore,10,3751.35,1.7,2026-01-22
1715,Customer_62,Burger King,Pizza,Sri Lanka,7,4946.86,1.4,2024-04-12
1716,Customer_1903,Dominos,Sandwich,India,10,4142.41,1.0,2025-05-02
1717,Customer_1924,Burger King,Pizza,Australia,9,2145.12,3.5,2025-05-02
1718,Customer_395,Dominos,Sandwich,India,3,1486.9,1.5,2026-01-03
1719,Customer_924,Pizza Hut,Fast Food,Singapore,5,4491.13,1.4,2024-05-26
1720,Customer_1027,KFC,Burger,Australia,8,3507.6,3.1,2024-08-19
1721,Customer_1093,KFC,Burger,Singapore,6,3475.41,3.3,2025-08-14
1722,Customer_141,Dominos,Fast Food,India,3,564.45,3.5,2026-05-21
1723,Customer_975,KFC,Sandwich,Australia,1,3074.39,2.9,2026-05-05
1724,Customer_770,Subway,Sandwich,Singapore,4,2539.37,2.1,2024-12-18
1725,Customer_483,Burger King,Burger,Australia,3,1648.78,4.2,2025-03-26
1726,Customer_2249,Dominos,Fast Food,Australia,9,1682.89,4.1,2025-05-14
1727,Customer_2631,Pizza Hut,Pizza,Sri Lanka,4,4887.9,4.3,2025-03-12
1728,Customer_2255,Burger King,Pizza,Australia,5,2536.54,3.2,2024-05-03
1729,Customer_2068,KFC,Sandwich,India,3,4280.06,1.9,2024-03-25
1730,Customer_814,Burger King,Pizza,Sri Lanka,9,2131.95,1.9,2024-01-18
1731,Customer_684,Burger King,Pizza,Sri Lanka,3,3357.08,4.4,2025-06-27
1732,Customer_2934,KFC,Sandwich,India,5,720.1,4.9,2024-08-19
1733,Customer_1215,Dominos,Sandwich,Singapore,8,1948.65,3.9,2025-02-14
1734,Customer_2,Pizza Hut,Burger,Australia,4,4653.73,3.5,2024-11-03
1735,Customer_243,Dominos,Pizza,India,8,4200.99,4.1,2024-03-09
1736,Customer_994,Dominos,Pizza,Singapore,7,3161.37,2.0,2026-04-06
1737,Customer_289,KFC,Burger,India,7,1055.62,4.0,2024-12-24
1738,Customer_622,KFC,Sandwich,India,5,3922.63,1.0,2025-11-19
1739,Customer_2133,Burger King,Fast Food,Singapore,4,3471.9,2.2,2024-04-30
1740,Customer_2217,Subway,Sandwich,India,2,4461.02,4.0,2024-05-07
1741,Customer_1399,Burger King,Fast Food,Singapore,5,1007.77,2.9,2026-01-07
1742,Customer_690,Dominos,Burger,India,9,963.73,5.0,2025-08-22
1743,Customer_2454,Burger King,Pizza,Singapore,7,2397.53,3.6,2025-09-09
1744,Customer_1148,Burger King,Burger,Australia,7,3501.4,2.0,2026-06-04
1745,Customer_341,Pizza Hut,Fast Food,Singapore,4,3136.03,1.9,2024-12-31
1746,Customer_2727,Burger King,Fast Food,Singapore,9,3229.88,3.3,2025-03-20
1747,Customer_2126,Dominos,Fast Food,Sri Lanka,10,4271.93,3.6,2025-09-13
1748,Customer_2358,Pizza Hut,Fast Food,India,6,3110.55,3.8,2024-04-10
1749,Customer_1728,Dominos,Fast Food,Australia,8,4335.05,3.3,2025-09-10
1750,Customer_153,Dominos,Sandwich,Sri Lanka,4,3051.18,1.1,2025-06-19
1751,Customer_405,Burger King,Sandwich,Sri Lanka,8,4322.44,2.0,2024-12-02
1752,Customer_2798,Burger King,Burger,India,5,2507.03,1.2,2026-04-18
1753,Customer_2864,Burger King,Pizza,India,9,3968.64,3.2,2025-04-14
1754,Customer_1644,Burger King,Pizza,Singapore,2,2001.93,3.5,2024-11-25
1755,Customer_933,Burger King,Burger,Sri Lanka,2,3377.53,2.3,2026-01-27
1756,Customer_2620,KFC,Sandwich,India,5,4351.89,2.9,2025-05-24
1757,Customer_1794,Burger King,Pizza,India,6,571.67,1.8,2024-12-11
1758,Customer_2074,Subway,Burger,India,7,3283.12,1.3,2024-11-13
1759,Customer_371,Subway,Sandwich,Australia,3,3721.5,3.1,2024-04-05
1760,Customer_545,Dominos,Fast Food,Australia,10,3065.48,1.3,2025-02-10
1761,Customer_1813,Pizza Hut,Pizza,India,5,618.62,1.9,2024-08-18
1762,Customer_897,KFC,Pizza,Singapore,4,1154.2,2.2,2025-12-12
1763,Customer_2508,Dominos,Sandwich,Singapore,9,2980.52,3.3,2024-01-22
1764,Customer_763,Subway,Sandwich,Singapore,5,3680.36,4.9,2025-02-26
1765,Customer_1080,Dominos,Burger,Australia,4,1940.7,2.4,2026-04-02
1766,Customer_551,Burger King,Pizza,India,2,4914.55,4.1,2025-12-10
1767,Customer_2902,Dominos,Burger,Sri Lanka,10,1525.21,2.4,2025-06-03
1768,Customer_2642,Subway,Pizza,Singapore,5,3084.17,1.2,2025-12-19
1769,Customer_1794,Dominos,Sandwich,Sri Lanka,3,599.52,2.8,2025-09-25
1770,Customer_236,Burger King,Sandwich,India,2,3569.03,1.3,2025-10-27
1771,Customer_1131,Subway,Burger,Sri Lanka,10,2708.64,3.8,2026-01-06
1772,Customer_1624,KFC,Sandwich,Australia,9,3637.43,2.2,2024-05-16
1773,Customer_2335,Subway,Sandwich,India,9,4910.8,3.3,2024-08-26
1774,Customer_28,Subway,Fast Food,Australia,10,1038.58,4.9,2026-06-02
1775,Customer_261,Subway,Sandwich,India,4,1619.6,3.4,2025-09-20
1776,Customer_735,KFC,Fast Food,Singapore,2,1993.06,1.4,2026-02-16
1777,Customer_2352,Dominos,Sandwich,Singapore,8,1123.29,2.4,2025-02-17
1778,Customer_1275,Burger King,Pizza,Singapore,5,2748.57,1.7,2024-04-08
1779,Customer_822,KFC,Burger,Sri Lanka,6,2532.77,1.4,2025-02-15
1780,Customer_84,Subway,Fast Food,Sri Lanka,6,929.71,1.0,2024-09-20
1781,Customer_52,Pizza Hut,Burger,Singapore,5,624.44,4.6,2025-06-25
1782,Customer_1536,Pizza Hut,Pizza,India,10,2741.91,3.1,2025-07-30
1783,Customer_398,KFC,Burger,India,8,3678.65,4.5,2024-12-19
1784,Customer_2079,KFC,Sandwich,Sri Lanka,10,674.48,3.2,2024-06-30
1785,Customer_493,Burger King,Burger,Sri Lanka,6,3573.64,3.4,2026-03-23
1786,Customer_409,Dominos,Pizza,India,10,4640.0,4.8,2024-06-20
1787,Customer_2245,Dominos,Sandwich,Sri Lanka,9,794.59,2.0,2025-11-05
1788,Customer_981,Dominos,Pizza,Singapore,1,2112.45,4.7,2024-05-24
1789,Customer_2702,Subway,Fast Food,Sri Lanka,6,4603.4,3.3,2025-05-06
1790,Customer_2179,Subway,Sandwich,India,5,1941.42,2.8,2025-12-20
1791,Customer_1200,Dominos,Sandwich,Singapore,7,870.75,1.1,2024-07-21
1792,Customer_1317,Subway,Sandwich,Singapore,5,2739.27,4.1,2024-04-16
1793,Customer_2802,Pizza Hut,Fast Food,India,2,1882.04,3.3,2024-10-21
1794,Customer_2224,KFC,Burger,Sri Lanka,9,625.83,4.9,2025-08-07
1795,Customer_772,Burger King,Fast Food,Singapore,9,2857.93,1.7,2025-01-29
1796,Customer_2790,Pizza Hut,Pizza,Sri Lanka,8,4774.84,4.6,2025-01-14
1797,Customer_1312,Pizza Hut,Pizza,Singapore,4,3070.15,3.5,2025-12-30
1798,Customer_1563,KFC,Fast Food,Australia,1,4569.78,3.6,2024-02-16
1799,Customer_1355,KFC,Sandwich,India,6,4629.13,2.6,2026-05-01
1800,Customer_581,Subway,Pizza,Australia,7,3561.78,3.8,2024-06-08
1801,Customer_1269,KFC,Burger,Singapore,1,2371.49,2.7,2025-10-03
1802,Customer_777,Dominos,Burger,Sri Lanka,7,688.1,4.1,2024-10-11
1803,Customer_2716,KFC,Fast Food,Sri Lanka,2,1215.16,4.2,2024-05-11
1804,Customer_752,Subway,Burger,India,5,4798.93,3.9,2024-03-09
1805,Customer_1632,Burger King,Burger,Australia,10,1676.75,4.0,2025-12-12
1806,Customer_828,Pizza Hut,Sandwich,India,3,2832.02,1.1,2025-02-08
1807,Customer_448,Pizza Hut,Pizza,Sri Lanka,7,1330.15,4.1,2025-05-05
1808,Customer_277,KFC,Sandwich,Australia,8,3822.56,2.8,2026-04-05
1809,Customer_169,Subway,Pizza,India,6,696.91,1.1,2026-02-26
1810,Customer_1399,Burger King,Pizza,Australia,8,1402.92,3.6,2024-06-05
1811,Customer_1557,KFC,Burger,Sri Lanka,4,1327.83,1.8,2025-02-04
1812,Customer_2954,Dominos,Fast Food,Singapore,2,4295.4,3.4,2025-11-04
1813,Customer_2281,KFC,Pizza,Australia,1,1001.15,1.3,2024-10-21
1814,Customer_2189,Pizza Hut,Pizza,Australia,6,672.94,4.6,2025-06-14
1815,Customer_958,Pizza Hut,Sandwich,Sri Lanka,10,762.88,2.6,2025-12-01
1816,Customer_491,KFC,Fast Food,Sri Lanka,1,3419.88,4.6,2025-08-03
1817,Customer_2642,Dominos,Burger,Singapore,8,4596.08,2.0,2025-08-08
1818,Customer_2510,Burger King,Burger,Singapore,8,4637.42,1.6,2025-05-17
1819,Customer_1476,KFC,Pizza,Australia,3,4833.68,2.6,2025-07-03
1820,Customer_657,Burger King,Fast Food,Singapore,5,1147.93,2.8,2024-09-20
1821,Customer_2218,KFC,Sandwich,India,6,1436.45,2.6,2025-12-28
1822,Customer_1887,Dominos,Sandwich,Singapore,8,2136.02,2.3,2025-03-03
1823,Customer_546,Subway,Pizza,India,4,3706.65,3.3,2025-02-12
1824,Customer_2988,Subway,Burger,Singapore,9,4380.97,4.2,2026-06-13
1825,Customer_2638,Burger King,Pizza,Singapore,3,2616.05,3.2,2025-01-18
1826,Customer_1231,Subway,Sandwich,Sri Lanka,4,1477.3,3.2,2025-04-08
1827,Customer_2702,Dominos,Sandwich,India,8,607.26,1.8,2024-06-09
1828,Customer_2733,KFC,Burger,India,7,3087.81,4.2,2025-08-04
1829,Customer_1685,Burger King,Sandwich,India,3,3931.79,2.9,2024-06-03
1830,Customer_2509,Subway,Fast Food,Sri Lanka,2,885.88,1.0,2025-09-17
1831,Customer_217,Burger King,Fast Food,Australia,6,1413.53,1.6,2026-06-01
1832,Customer_1260,Pizza Hut,Burger,Australia,10,4570.32,2.8,2024-08-06
1833,Customer_2882,KFC,Burger,Australia,2,4110.51,1.6,2024-12-12
1834,Customer_669,Dominos,Fast Food,Singapore,3,3027.49,3.5,2024-06-04
1835,Customer_1152,KFC,Fast Food,India,8,936.81,1.2,2025-12-17
1836,Customer_1937,Dominos,Sandwich,India,1,3137.79,5.0,2025-01-25
1837,Customer_1807,Subway,Pizza,Singapore,1,4866.34,4.8,2025-01-06
1838,Customer_1409,Burger King,Fast Food,Australia,2,1297.56,3.5,2025-08-03
1839,Customer_1613,KFC,Fast Food,India,6,1815.57,4.2,2025-11-24
1840,Customer_341,Burger King,Sandwich,Sri Lanka,10,4509.71,2.7,2026-03-16
1841,Customer_1496,Burger King,Pizza,Australia,9,4569.26,1.1,2024-06-22
1842,Customer_684,Pizza Hut,Pizza,Australia,5,2520.19,2.7,2024-11-22
1843,Customer_1118,Dominos,Fast Food,Australia,9,641.18,4.5,2024-02-11
1844,Customer_44,Subway,Fast Food,Australia,7,1398.39,2.9,2025-10-01
1845,Customer_148,Burger King,Sandwich,Australia,6,4114.16,4.4,2025-02-01
1846,Customer_1739,Dominos,Burger,India,6,3736.03,3.2,2026-03-13
1847,Customer_1154,Burger King,Fast Food,Singapore,2,4124.64,4.7,2025-05-15
1848,Customer_2085,Pizza Hut,Fast Food,India,2,1593.32,1.7,2026-06-01
1849,Customer_631,Subway,Pizza,Sri Lanka,2,543.4,1.1,2024-03-07
1850,Customer_1398,Subway,Fast Food,India,10,3317.57,4.5,2026-04-06
1851,Customer_2585,Burger King,Fast Food,Sri Lanka,1,3668.66,1.8,2025-04-16
1852,Customer_333,KFC,Fast Food,Sri Lanka,1,2448.36,3.7,2026-02-02
1853,Customer_205,Pizza Hut,Sandwich,Australia,9,1366.87,4.3,2024-08-03
1854,Customer_2029,Subway,Pizza,Singapore,5,3792.04,3.4,2025-12-26
1855,Customer_251,Dominos,Pizza,Sri Lanka,2,1291.33,1.8,2026-05-31
1856,Customer_2221,Subway,Pizza,Sri Lanka,2,1346.89,4.4,2024-05-27
1857,Customer_933,KFC,Sandwich,Australia,10,2355.27,3.6,2026-02-13
1858,Customer_1748,Burger King,Burger,India,9,531.42,4.6,2024-08-11
1859,Customer_1031,Burger King,Pizza,Sri Lanka,1,782.52,2.4,2025-11-30
1860,Customer_248,Subway,Sandwich,Sri Lanka,8,554.0,4.0,2026-01-20
1861,Customer_1305,Subway,Burger,Sri Lanka,10,1680.97,4.4,2024-03-31
1862,Customer_1467,Dominos,Burger,Singapore,5,3935.36,2.3,2025-04-06
1863,Customer_780,KFC,Pizza,Sri Lanka,6,2343.8,4.5,2026-02-01
1864,Customer_1652,Dominos,Sandwich,Singapore,3,1139.37,4.0,2024-11-28
1865,Customer_101,KFC,Burger,Singapore,3,2297.38,1.1,2025-03-05
1866,Customer_2711,KFC,Pizza,India,4,926.81,2.6,2026-03-21
1867,Customer_1110,Burger King,Pizza,Sri Lanka,8,2265.04,2.2,2024-06-02
1868,Customer_2251,Burger King,Pizza,India,8,3230.71,3.0,2026-05-24
1869,Customer_655,Dominos,Fast Food,Australia,2,801.08,2.3,2025-03-21
1870,Customer_2490,Burger King,Pizza,India,9,4745.02,4.2,2025-05-03
1871,Customer_2010,Pizza Hut,Burger,India,6,3337.07,3.7,2025-03-02
1872,Customer_2506,Pizza Hut,Pizza,Australia,6,3761.41,4.2,2025-03-15
1873,Customer_525,Burger King,Sandwich,Sri Lanka,1,2511.85,2.7,2026-06-03
1874,Customer_1337,KFC,Burger,Singapore,5,2997.48,3.3,2024-08-02
1875,Customer_2861,KFC,Pizza,Australia,10,4870.11,1.9,2024-12-05
1876,Customer_2497,KFC,Pizza,Singapore,10,2613.89,1.1,2025-08-30
1877,Customer_392,Dominos,Pizza,Australia,2,2881.56,2.9,2025-06-07
1878,Customer_1090,Pizza Hut,Sandwich,Singapore,4,4060.77,2.1,2026-01-15
1879,Customer_1491,Pizza Hut,Sandwich,India,4,3348.81,2.3,2024-05-26
1880,Customer_2543,Dominos,Pizza,Australia,6,2681.14,2.3,2026-04-24
1881,Customer_820,KFC,Fast Food,Australia,1,3809.73,1.8,2025-07-03
1882,Customer_2065,Burger King,Pizza,Singapore,7,3652.91,4.4,2026-03-29
1883,Customer_1070,KFC,Pizza,Australia,1,629.7,3.6,2024-11-01
1884,Customer_323,Burger King,Sandwich,India,8,3316.5,3.2,2025-03-07
1885,Customer_1820,Burger King,Fast Food,Australia,8,1741.77,3.8,2025-08-31
1886,Customer_1167,KFC,Pizza,Australia,1,1057.62,4.5,2025-04-09
1887,Customer_1955,Burger King,Pizza,Australia,7,2975.57,3.5,2025-07-19
1888,Customer_1327,Dominos,Pizza,Australia,10,4262.33,1.1,2025-10-23
1889,Customer_1328,Subway,Fast Food,Sri Lanka,3,2735.04,4.7,2024-10-16
1890,Customer_621,Pizza Hut,Pizza,India,2,3895.97,4.9,2024-05-23
1891,Customer_333,Dominos,Burger,Sri Lanka,8,2302.52,1.2,2024-12-12
1892,Customer_2629,Dominos,Pizza,Sri Lanka,4,2518.24,1.5,2025-03-02
1893,Customer_1069,KFC,Pizza,Sri Lanka,9,609.01,3.6,2026-06-08
1894,Customer_924,Dominos,Fast Food,Sri Lanka,4,3913.37,4.8,2025-12-15
1895,Customer_564,Subway,Burger,Australia,7,3901.83,3.7,2026-06-10
1896,Customer_2090,Burger King,Sandwich,Sri Lanka,7,2975.14,1.2,2024-01-20
1897,Customer_148,KFC,Pizza,Singapore,1,2072.22,1.3,2025-08-26
1898,Customer_2086,KFC,Sandwich,India,3,2913.03,4.7,2025-01-11
1899,Customer_2551,Burger King,Burger,Australia,9,2247.89,4.3,2026-02-01
1900,Customer_2489,Burger King,Burger,India,6,4540.68,2.6,2026-02-11
1901,Customer_1169,Dominos,Fast Food,Singapore,10,4854.81,3.7,2025-10-28
1902,Customer_1662,KFC,Pizza,Sri Lanka,1,2243.53,1.4,2026-02-27
1903,Customer_843,KFC,Burger,India,10,4180.37,2.4,2026-06-14
1904,Customer_2654,KFC,Burger,India,9,607.16,1.0,2024-02-25
1905,Customer_742,Burger King,Pizza,Singapore,7,3739.86,2.8,2026-04-29
1906,Customer_2466,KFC,Sandwich,Singapore,9,3185.33,4.2,2025-02-04
1907,Customer_1018,Pizza Hut,Fast Food,Sri Lanka,1,3286.75,4.4,2025-11-14
1908,Customer_1,Burger King,Sandwich,Singapore,10,4825.44,1.4,2024-10-07
1909,Customer_882,KFC,Sandwich,Australia,2,1759.9,3.6,2025-01-11
1910,Customer_144,Pizza Hut,Burger,India,5,2556.17,4.7,2024-10-31
1911,Customer_839,Pizza Hut,Fast Food,Singapore,3,564.55,1.3,2026-03-30
1912,Customer_1865,Subway,Burger,Australia,1,3662.95,2.9,2024-08-28
1913,Customer_2834,KFC,Pizza,Sri Lanka,7,3551.09,1.1,2026-01-18
1914,Customer_1772,Dominos,Sandwich,India,1,3095.42,1.2,2025-05-24
1915,Customer_1151,Burger King,Sandwich,India,5,609.86,2.1,2024-03-05
1916,Customer_771,KFC,Sandwich,Sri Lanka,1,4430.84,4.3,2026-06-11
1917,Customer_2290,Dominos,Pizza,Sri Lanka,5,2138.16,3.4,2025-03-21
1918,Customer_1936,Subway,Pizza,Australia,6,3767.89,3.2,2025-04-12
1919,Customer_2619,Burger King,Sandwich,India,10,2308.01,2.9,2024-11-24
1920,Customer_1198,KFC,Sandwich,Singapore,6,4826.24,1.3,2024-12-21
1921,Customer_564,Burger King,Burger,Singapore,8,3891.66,4.4,2024-09-16
1922,Customer_176,Burger King,Pizza,Australia,9,3347.14,4.0,2024-06-17
1923,Customer_2350,KFC,Pizza,Singapore,2,4205.5,4.5,2026-05-21
1924,Customer_2229,Pizza Hut,Fast Food,Sri Lanka,5,4705.27,3.7,2025-05-28
1925,Customer_929,Burger King,Sandwich,Sri Lanka,6,3793.35,4.2,2024-06-17
1926,Customer_1618,Subway,Sandwich,India,10,2080.1,2.6,2025-07-15
1927,Customer_436,KFC,Sandwich,India,4,3722.91,4.6,2026-02-08
1928,Customer_442,Dominos,Pizza,Sri Lanka,5,1588.25,2.6,2025-05-31
1929,Customer_858,Subway,Fast Food,India,1,572.99,2.2,2026-04-25
1930,Customer_761,Pizza Hut,Fast Food,Australia,8,4779.56,2.7,2024-07-31
1931,Customer_2710,Dominos,Fast Food,Australia,6,2244.86,1.8,2025-01-01
1932,Customer_2537,Subway,Sandwich,Sri Lanka,8,4896.56,3.0,2025-03-14
1933,Customer_128,Burger King,Sandwich,Singapore,9,3964.04,2.7,2024-12-25
1934,Customer_2541,Burger King,Sandwich,Sri Lanka,7,674.02,2.9,2025-08-24
1935,Customer_1946,Burger King,Fast Food,Sri Lanka,4,3759.25,3.9,2024-03-29
1936,Customer_1863,Dominos,Burger,India,10,4928.0,1.1,2024-04-06
1937,Customer_2264,Dominos,Pizza,Singapore,2,546.32,1.5,2024-11-13
1938,Customer_2766,Pizza Hut,Sandwich,Sri Lanka,9,1315.55,2.1,2026-06-02
1939,Customer_1590,Subway,Fast Food,Australia,10,1029.51,3.1,2025-08-01
1940,Customer_1851,Burger King,Pizza,Sri Lanka,5,3205.04,2.7,2024-06-27
1941,Customer_635,Pizza Hut,Pizza,Singapore,8,1620.69,2.5,2025-12-04
1942,Customer_2679,KFC,Sandwich,Sri Lanka,5,1322.05,2.4,2026-02-01
1943,Customer_2391,Dominos,Pizza,Singapore,2,956.92,1.6,2025-11-30
1944,Customer_2479,Subway,Fast Food,Singapore,8,2150.04,3.8,2026-01-28
1945,Customer_2902,Subway,Burger,Sri Lanka,7,2631.46,2.1,2024-01-22
1946,Customer_2876,Dominos,Fast Food,Sri Lanka,2,1682.49,4.8,2025-07-24
1947,Customer_1945,Dominos,Pizza,India,2,608.49,1.3,2025-01-01
1948,Customer_2723,KFC,Sandwich,Australia,9,1683.53,1.3,2024-07-10
1949,Customer_2689,KFC,Sandwich,Sri Lanka,9,678.9,1.8,2026-03-19
1950,Customer_546,Dominos,Fast Food,Australia,1,2795.88,1.0,2024-11-03
1951,Customer_2728,Burger King,Fast Food,Australia,3,1937.88,2.0,2025-06-21
1952,Customer_875,KFC,Sandwich,Singapore,8,1463.55,1.7,2025-05-06
1953,Customer_2595,Subway,Fast Food,India,3,4360.31,1.6,2025-07-20
1954,Customer_279,Dominos,Fast Food,India,4,3321.23,2.7,2026-02-17
1955,Customer_1482,KFC,Burger,Singapore,1,3885.67,1.2,2025-10-02
1956,Customer_1617,Pizza Hut,Pizza,Australia,7,2524.23,4.3,2024-11-24
1957,Customer_522,Dominos,Sandwich,India,4,3195.4,2.2,2024-08-18
1958,Customer_308,Dominos,Fast Food,Singapore,2,3027.59,3.8,2026-03-02
1959,Customer_597,Pizza Hut,Burger,Australia,7,1763.75,3.6,2026-03-06
1960,Customer_1244,Subway,Burger,Australia,8,2801.48,2.5,2024-12-15
1961,Customer_2820,Subway,Pizza,Singapore,6,909.44,3.0,2026-06-11
1962,Customer_2183,Subway,Fast Food,Australia,5,4703.72,4.5,2024-12-16
1963,Customer_2104,KFC,Burger,Australia,4,3047.07,2.4,2025-08-31
1964,Customer_786,Burger King,Sandwich,Australia,5,3189.92,3.7,2024-11-09
1965,Customer_2512,KFC,Burger,India,6,3706.79,3.2,2024-07-11
1966,Customer_1896,Subway,Pizza,Sri Lanka,5,3373.68,1.8,2024-07-28
1967,Customer_2595,Burger King,Pizza,Singapore,6,1605.35,2.9,2026-03-19
1968,Customer_2328,Dominos,Burger,India,5,3226.93,2.0,2024-10-04
1969,Customer_2256,Dominos,Fast Food,Sri Lanka,4,4153.96,2.0,2025-01-20
1970,Customer_1863,Subway,Burger,Singapore,4,1695.66,4.9,2025-05-21
1971,Customer_2006,Subway,Fast Food,Singapore,7,2240.98,1.5,2025-10-05
1972,Customer_504,Burger King,Fast Food,Sri Lanka,2,1748.1,3.2,2024-07-04
1973,Customer_522,Pizza Hut,Sandwich,India,1,4510.9,3.3,2024-10-01
1974,Customer_457,Burger King,Burger,Australia,7,1583.06,1.9,2024-01-11
1975,Customer_2338,Burger King,Burger,India,3,603.29,3.3,2025-09-10
1976,Customer_901,KFC,Sandwich,India,9,3273.33,4.8,2026-02-19
1977,Customer_2340,Subway,Burger,Singapore,2,930.58,4.4,2024-04-03
1978,Customer_992,Dominos,Pizza,India,4,1757.62,1.0,2024-08-14
1979,Customer_1264,Dominos,Sandwich,Singapore,4,1544.81,4.4,2025-11-18
1980,Customer_2919,Dominos,Sandwich,India,7,4327.64,4.0,2025-02-22
1981,Customer_2218,Burger King,Pizza,Singapore,7,4053.14,3.1,2024-01-24
1982,Customer_85,Dominos,Sandwich,Singapore,10,1424.61,1.6,2024-11-25
1983,Customer_2462,Dominos,Pizza,Singapore,4,1480.68,2.4,2024-03-20
1984,Customer_1019,Burger King,Pizza,Singapore,10,4449.79,4.8,2024-10-07
1985,Customer_2308,KFC,Fast Food,Singapore,1,2249.91,2.4,2025-12-03
1986,Customer_84,Dominos,Sandwich,Singapore,7,902.57,2.0,2025-01-25
1987,Customer_1103,Burger King,Burger,Singapore,3,1258.44,4.4,2024-08-22
1988,Customer_2119,Subway,Pizza,Sri Lanka,7,2140.57,4.0,2025-10-22
1989,Customer_2897,KFC,Fast Food,Sri Lanka,5,856.65,4.7,2024-04-02
1990,Customer_611,Burger King,Pizza,Singapore,5,4419.54,1.7,2025-04-08
1991,Customer_1277,KFC,Fast Food,India,2,3294.25,3.3,2025-02-23
1992,Customer_721,Burger King,Sandwich,Singapore,3,1563.1,4.2,2026-03-12
1993,Customer_2469,Pizza Hut,Fast Food,Sri Lanka,5,4177.8,1.7,2024-07-19
1994,Customer_1895,Subway,Burger,India,3,2901.46,1.7,2024-05-07
1995,Customer_36,Burger King,Pizza,Australia,9,4159.88,3.0,2026-03-16
1996,Customer_1614,KFC,Pizza,Sri Lanka,8,1201.59,1.5,2024-02-28
1997,Customer_2495,Burger King,Burger,Singapore,4,2547.25,3.8,2026-06-01
1998,Customer_1017,KFC,Fast Food,Sri Lanka,7,1111.57,2.1,2025-12-31
1999,Customer_2007,Dominos,Sandwich,Singapore,9,2092.71,3.4,2025-06-25
2000,Customer_1660,Burger King,Sandwich,India,9,4360.67,1.5,2026-01-05
2001,Customer_848,Pizza Hut,Burger,Australia,2,3219.78,2.6,2024-02-07
2002,Customer_1227,Burger King,Fast Food,Australia,8,1394.16,1.1,2025-01-19
2003,Customer_2616,KFC,Sandwich,India,5,2283.62,1.6,2025-03-21
2004,Customer_1799,Burger King,Sandwich,Singapore,8,3708.01,2.5,2024-08-20
2005,Customer_1898,KFC,Sandwich,Sri Lanka,4,4764.76,4.6,2024-07-28
2006,Customer_1211,Burger King,Fast Food,Australia,8,4592.26,4.5,2024-04-13
2007,Customer_1776,Pizza Hut,Burger,Australia,9,2982.23,1.2,2026-06-12
2008,Customer_1964,Pizza Hut,Burger,Australia,4,1896.54,3.0,2026-06-08
2009,Customer_415,KFC,Burger,Sri Lanka,1,2792.78,3.5,2024-01-12
2010,Customer_99,Dominos,Sandwich,Australia,10,2571.31,3.5,2025-01-15
2011,Customer_1508,Pizza Hut,Fast Food,Singapore,8,2450.34,3.1,2024-10-18
2012,Customer_2245,Subway,Fast Food,India,7,1985.68,3.9,2025-11-13
2013,Customer_2960,Burger King,Pizza,India,4,919.35,2.5,2026-01-19
2014,Customer_903,Pizza Hut,Fast Food,Australia,1,4791.02,1.8,2025-02-07
2015,Customer_794,Dominos,Pizza,Singapore,9,3056.84,5.0,2025-08-05
2016,Customer_3,Pizza Hut,Pizza,Sri Lanka,5,3772.57,4.1,2024-08-03
2017,Customer_1919,KFC,Sandwich,Sri Lanka,2,3512.38,4.2,2024-08-12
2018,Customer_2527,Burger King,Sandwich,Australia,10,3013.56,4.6,2024-12-16
2019,Customer_1355,Burger King,Pizza,Australia,10,4002.33,2.0,2026-04-13
2020,Customer_92,Dominos,Sandwich,Australia,6,4729.73,2.2,2026-04-14
2021,Customer_1658,Pizza Hut,Burger,Australia,2,4208.31,3.2,2026-01-11
2022,Customer_897,KFC,Sandwich,India,2,3638.22,3.0,2026-05-14
2023,Customer_1638,Dominos,Burger,Australia,2,1591.22,3.5,2025-02-26
2024,Customer_272,Burger King,Fast Food,Singapore,7,4167.77,1.6,2025-11-09
2025,Customer_126,Burger King,Burger,Sri Lanka,5,1560.57,4.5,2025-04-29
2026,Customer_1624,Subway,Pizza,Singapore,7,4322.53,2.1,2025-05-18
2027,Customer_676,Burger King,Pizza,Australia,10,2195.81,1.3,2025-09-17
2028,Customer_338,Pizza Hut,Pizza,Singapore,8,4534.62,4.7,2024-03-25
2029,Customer_2857,KFC,Fast Food,Sri Lanka,8,1299.08,1.5,2026-03-23
2030,Customer_1503,Burger King,Fast Food,Sri Lanka,3,4517.96,2.3,2026-05-13
2031,Customer_2388,Pizza Hut,Fast Food,Sri Lanka,4,4052.94,4.6,2024-02-09
2032,Customer_2009,Pizza Hut,Burger,Australia,10,4265.82,1.3,2026-04-23
2033,Customer_1166,KFC,Fast Food,Singapore,10,4335.78,1.6,2025-09-19
2034,Customer_2867,Subway,Fast Food,Singapore,10,1507.06,2.1,2026-03-05
2035,Customer_1388,KFC,Sandwich,Singapore,6,4782.67,2.2,2025-02-06
2036,Customer_2891,Dominos,Sandwich,India,5,3498.15,1.8,2025-10-31
2037,Customer_610,KFC,Fast Food,Sri Lanka,1,3144.57,1.5,2025-04-17
2038,Customer_1839,KFC,Pizza,Sri Lanka,5,3966.65,3.8,2024-04-20
2039,Customer_980,Dominos,Sandwich,Singapore,2,4684.43,3.7,2025-08-16
2040,Customer_2262,Subway,Burger,India,8,3452.82,2.5,2025-11-18
2041,Customer_785,Burger King,Fast Food,Sri Lanka,1,4285.05,4.2,2025-02-04
2042,Customer_765,Dominos,Sandwich,Singapore,6,2523.26,4.3,2025-02-02
2043,Customer_2898,Dominos,Burger,India,1,4411.28,1.7,2026-02-02
2044,Customer_1704,Pizza Hut,Sandwich,Australia,3,689.11,1.6,2024-09-13
2045,Customer_2474,Dominos,Burger,India,3,2380.42,4.1,2025-06-09
2046,Customer_1478,Burger King,Burger,Australia,1,970.69,4.1,2025-10-08
2047,Customer_827,KFC,Pizza,Australia,9,1730.51,2.6,2025-05-28
2048,Customer_2419,Subway,Pizza,Singapore,1,2547.29,3.9,2025-06-25
2049,Customer_1189,Subway,Sandwich,Sri Lanka,5,1996.72,2.6,2025-07-14
2050,Customer_258,Dominos,Sandwich,Singapore,10,3073.54,4.7,2025-10-04
2051,Customer_2421,KFC,Sandwich,Australia,5,4511.81,4.4,2026-05-04
2052,Customer_940,Subway,Burger,Singapore,5,519.28,1.9,2026-04-16
2053,Customer_1841,KFC,Sandwich,Sri Lanka,7,714.94,1.3,2024-08-15
2054,Customer_1121,Subway,Sandwich,Sri Lanka,9,4408.46,3.9,2026-04-02
2055,Customer_2622,Burger King,Fast Food,Singapore,10,1460.37,3.6,2026-02-24
2056,Customer_475,KFC,Sandwich,Australia,3,2952.78,1.8,2024-10-21
2057,Customer_1760,Pizza Hut,Burger,India,8,593.11,1.5,2025-12-02
2058,Customer_2995,Burger King,Pizza,Australia,5,2370.09,4.6,2026-02-06
2059,Customer_2987,KFC,Burger,Sri Lanka,5,1892.72,3.2,2024-07-27
2060,Customer_2618,Pizza Hut,Fast Food,India,2,4338.64,1.0,2025-07-15
2061,Customer_271,Burger King,Pizza,Sri Lanka,8,2018.88,3.0,2024-09-02
2062,Customer_2190,Dominos,Fast Food,Singapore,10,1752.35,1.3,2026-05-05
2063,Customer_377,Burger King,Pizza,Singapore,4,2953.87,2.0,2026-03-18
2064,Customer_2541,Pizza Hut,Fast Food,India,3,2039.46,3.1,2024-01-19
2065,Customer_2191,KFC,Sandwich,Australia,1,2030.81,2.6,2025-12-07
2066,Customer_1772,Pizza Hut,Sandwich,India,3,1355.65,3.5,2026-02-13
2067,Customer_2402,Pizza Hut,Pizza,Singapore,9,3968.78,2.5,2026-03-03
2068,Customer_1511,KFC,Fast Food,Sri Lanka,8,1346.36,3.3,2025-10-19
2069,Customer_2723,Burger King,Burger,Singapore,1,4863.13,4.4,2024-01-18
2070,Customer_550,Pizza Hut,Fast Food,India,8,2724.55,5.0,2024-03-28
2071,Customer_1396,Pizza Hut,Fast Food,Australia,4,1904.26,4.3,2026-01-13
2072,Customer_160,Pizza Hut,Fast Food,Australia,3,3631.58,4.3,2024-10-27
2073,Customer_1150,Burger King,Sandwich,Sri Lanka,9,2137.03,3.0,2024-06-05
2074,Customer_1229,Dominos,Fast Food,Sri Lanka,5,1974.89,3.8,2026-01-26
2075,Customer_563,Subway,Fast Food,Australia,2,928.21,2.1,2026-06-09
2076,Customer_1304,Pizza Hut,Pizza,India,10,4101.67,1.9,2024-12-07
2077,Customer_1276,Subway,Fast Food,Australia,9,3460.55,1.4,2024-10-10
2078,Customer_167,Burger King,Sandwich,Sri Lanka,6,1710.72,1.2,2025-02-17
2079,Customer_387,Subway,Fast Food,Sri Lanka,8,691.36,4.2,2024-03-11
2080,Customer_2220,Pizza Hut,Burger,India,10,4728.46,4.6,2025-02-19
2081,Customer_336,Burger King,Pizza,India,10,3653.14,1.4,2024-09-10
2082,Customer_69,Dominos,Pizza,India,3,3820.38,4.3,2026-04-11
2083,Customer_2088,KFC,Sandwich,Sri Lanka,9,4437.83,3.3,2025-11-29
2084,Customer_769,Dominos,Pizza,Sri Lanka,7,1449.53,3.7,2026-01-17
2085,Customer_2162,Burger King,Burger,India,7,4881.75,2.6,2024-07-16
2086,Customer_1179,Burger King,Pizza,Sri Lanka,7,1647.5,3.4,2025-08-15
2087,Customer_470,Dominos,Pizza,Australia,3,3094.77,4.3,2024-01-02
2088,Customer_492,KFC,Pizza,Sri Lanka,4,4991.65,4.0,2025-08-17
2089,Customer_296,Dominos,Pizza,India,5,4817.3,3.3,2026-01-18
2090,Customer_861,Pizza Hut,Fast Food,Singapore,2,2036.11,2.8,2025-10-29
2091,Customer_2967,Pizza Hut,Burger,Australia,7,2204.26,3.1,2024-05-30
2092,Customer_1817,KFC,Pizza,India,7,2089.3,4.5,2024-10-08
2093,Customer_2713,KFC,Sandwich,Singapore,5,2468.53,2.0,2026-05-28
2094,Customer_1899,KFC,Fast Food,Sri Lanka,8,2859.27,1.8,2025-03-19
2095,Customer_1177,KFC,Burger,Australia,3,2417.69,1.1,2024-04-23
2096,Customer_2170,Pizza Hut,Sandwich,Australia,5,3399.13,2.8,2026-03-15
2097,Customer_1129,Dominos,Sandwich,Australia,3,2661.58,2.8,2025-12-05
2098,Customer_71,KFC,Sandwich,Singapore,4,4939.22,3.2,2024-05-16
2099,Customer_593,Pizza Hut,Burger,Australia,9,1646.65,1.4,2025-10-19
2100,Customer_2697,Subway,Burger,Singapore,1,783.35,4.8,2026-06-01
2101,Customer_989,Burger King,Burger,India,9,4351.33,3.3,2024-04-19
2102,Customer_750,Dominos,Fast Food,India,1,1973.2,3.8,2025-06-26
2103,Customer_1720,Subway,Burger,Sri Lanka,8,1370.39,1.4,2025-07-21
2104,Customer_2953,Dominos,Burger,Australia,10,1397.6,2.6,2024-11-09
2105,Customer_2465,Subway,Burger,Sri Lanka,7,2623.35,1.8,2026-05-12
2106,Customer_1331,Pizza Hut,Burger,Australia,8,3915.17,3.1,2024-09-07
2107,Customer_933,Dominos,Fast Food,Sri Lanka,2,3043.22,1.5,2025-05-19
2108,Customer_180,KFC,Sandwich,Singapore,9,4981.8,1.3,2025-02-24
2109,Customer_2247,Dominos,Pizza,India,4,1483.12,1.4,2025-11-28
2110,Customer_48,Subway,Sandwich,Sri Lanka,5,3393.59,4.6,2024-09-19
2111,Customer_383,Burger King,Pizza,Sri Lanka,2,4124.37,4.2,2024-08-02
2112,Customer_2577,KFC,Fast Food,Singapore,5,2934.84,3.6,2025-07-03
2113,Customer_2985,Pizza Hut,Sandwich,India,7,4493.61,1.4,2025-12-13
2114,Customer_2388,KFC,Burger,Sri Lanka,7,3633.71,4.7,2025-05-30
2115,Customer_1853,Subway,Pizza,Sri Lanka,2,4913.17,3.3,2026-02-10
2116,Customer_1128,KFC,Pizza,India,4,3818.64,3.9,2025-11-14
2117,Customer_857,KFC,Pizza,Australia,8,775.74,2.8,2024-07-19
2118,Customer_551,Pizza Hut,Fast Food,India,6,3322.09,4.5,2025-09-25
2119,Customer_2813,Dominos,Pizza,Sri Lanka,3,2631.79,1.0,2024-11-02
2120,Customer_144,Subway,Pizza,Singapore,2,881.72,1.6,2025-01-18
2121,Customer_630,Dominos,Fast Food,Singapore,4,3648.59,1.7,2024-03-15
2122,Customer_2131,Subway,Burger,Singapore,3,4229.49,3.4,2025-12-31
2123,Customer_2324,KFC,Sandwich,Singapore,3,3249.27,4.2,2025-11-07
2124,Customer_1294,Burger King,Pizza,Sri Lanka,4,2326.17,2.5,2024-10-12
2125,Customer_1905,Pizza Hut,Fast Food,India,1,1533.82,3.8,2025-07-02
2126,Customer_464,Subway,Sandwich,Singapore,10,3706.02,4.3,2026-05-27
2127,Customer_2122,KFC,Pizza,India,4,4586.01,3.0,2024-02-24
2128,Customer_2227,Pizza Hut,Pizza,Sri Lanka,6,2862.84,1.4,2025-09-13
2129,Customer_1361,Subway,Pizza,India,1,2424.74,4.4,2024-09-24
2130,Customer_573,KFC,Fast Food,India,10,2490.56,2.7,2024-07-29
2131,Customer_2240,Pizza Hut,Burger,Singapore,3,3566.03,5.0,2025-10-11
2132,Customer_123,Pizza Hut,Fast Food,Sri Lanka,1,4382.99,3.9,2024-12-11
2133,Customer_1321,KFC,Fast Food,Sri Lanka,4,2663.51,4.2,2024-03-26
2134,Customer_2208,Burger King,Fast Food,Sri Lanka,3,4947.81,2.3,2025-03-25
2135,Customer_472,Subway,Burger,Australia,5,1216.74,3.2,2025-11-19
2136,Customer_2460,Subway,Sandwich,Australia,8,2850.0,4.1,2024-05-31
2137,Customer_720,Burger King,Fast Food,Australia,7,2609.93,3.0,2024-06-03
2138,Customer_108,Pizza Hut,Fast Food,Sri Lanka,5,4486.07,2.5,2025-04-23
2139,Customer_1399,Pizza Hut,Burger,Australia,9,1174.81,2.5,2025-10-13
2140,Customer_966,Dominos,Pizza,Australia,9,1525.3,2.3,2024-05-05
2141,Customer_201,Burger King,Burger,India,10,2188.96,1.2,2025-11-08
2142,Customer_162,Dominos,Fast Food,Singapore,4,1581.75,3.4,2026-01-01
2143,Customer_2287,Dominos,Burger,Sri Lanka,10,4003.76,4.8,2025-09-20
2144,Customer_2154,KFC,Pizza,Sri Lanka,1,1705.15,1.2,2026-05-26
2145,Customer_1605,Burger King,Fast Food,Sri Lanka,5,3315.1,2.0,2024-05-05
2146,Customer_2637,KFC,Sandwich,Singapore,4,2820.49,2.5,2026-05-27
2147,Customer_769,Subway,Fast Food,Singapore,5,1590.02,3.7,2026-02-21
2148,Customer_2854,Dominos,Burger,India,9,3071.39,3.7,2024-05-24
2149,Customer_1260,Dominos,Burger,India,1,1592.22,2.7,2026-01-18
2150,Customer_535,Burger King,Sandwich,India,2,1893.13,4.1,2026-01-04
2151,Customer_1893,Pizza Hut,Sandwich,Australia,7,1205.02,4.8,2024-03-25
2152,Customer_1191,Pizza Hut,Pizza,Singapore,4,3745.06,2.5,2025-01-17
2153,Customer_2799,KFC,Burger,India,1,3508.99,2.9,2025-07-10
2154,Customer_1685,Burger King,Burger,Sri Lanka,4,3788.51,2.5,2024-11-11
2155,Customer_2857,Subway,Pizza,Australia,6,3764.73,1.5,2025-07-23
2156,Customer_2856,Pizza Hut,Burger,Sri Lanka,5,3590.72,1.2,2025-09-16
2157,Customer_1194,KFC,Pizza,India,4,4863.79,4.3,2026-05-23
2158,Customer_2156,Burger King,Burger,Sri Lanka,7,3778.03,4.2,2024-07-17
2159,Customer_419,Pizza Hut,Fast Food,Singapore,9,2599.03,4.5,2026-04-05
2160,Customer_2230,Pizza Hut,Pizza,India,10,911.38,3.7,2024-05-06
2161,Customer_888,KFC,Sandwich,Australia,4,676.45,2.6,2025-05-19
2162,Customer_2963,Pizza Hut,Fast Food,Singapore,6,4961.4,1.4,2024-02-05
2163,Customer_1668,Subway,Fast Food,Sri Lanka,3,1439.17,1.1,2025-05-27
2164,Customer_121,Subway,Fast Food,Australia,7,1004.07,1.5,2026-04-10
2165,Customer_2146,Pizza Hut,Pizza,Singapore,6,2625.23,3.8,2025-09-03
2166,Customer_2988,Burger King,Fast Food,Singapore,1,4470.27,3.7,2024-09-27
2167,Customer_1507,Subway,Burger,India,1,843.13,3.4,2025-02-05
2168,Customer_505,Subway,Burger,Sri Lanka,9,1815.1,1.9,2026-04-07
2169,Customer_1956,Burger King,Fast Food,India,7,1376.18,4.3,2025-06-26
2170,Customer_884,Subway,Pizza,Sri Lanka,4,2530.81,2.3,2024-06-10
2171,Customer_315,Pizza Hut,Burger,Sri Lanka,5,1085.24,3.1,2025-03-04
2172,Customer_176,Burger King,Fast Food,Australia,4,2715.69,2.6,2026-02-04
2173,Customer_190,Subway,Fast Food,Sri Lanka,3,2419.32,4.4,2025-03-21
2174,Customer_791,Pizza Hut,Pizza,Australia,7,2290.24,3.4,2024-02-13
2175,Customer_112,Dominos,Pizza,Singapore,2,1941.7,4.0,2026-04-17
2176,Customer_719,KFC,Burger,Australia,6,734.23,2.7,2024-04-12
2177,Customer_752,Dominos,Fast Food,Singapore,8,2410.13,3.2,2025-07-17
2178,Customer_2545,KFC,Burger,Australia,1,1021.23,2.2,2024-05-26
2179,Customer_21,Subway,Sandwich,India,6,1842.98,2.9,2025-07-21
2180,Customer_2254,Subway,Pizza,Singapore,1,1453.82,3.6,2025-11-14
2181,Customer_2965,Pizza Hut,Fast Food,Sri Lanka,6,2531.9,3.8,2025-09-21
2182,Customer_195,Subway,Burger,Sri Lanka,5,1785.94,1.7,2025-09-12
2183,Customer_2928,Dominos,Burger,India,7,3902.98,3.8,2024-01-17
2184,Customer_2564,Dominos,Sandwich,Australia,9,3387.87,4.0,2025-09-30
2185,Customer_2990,Dominos,Fast Food,Australia,3,2908.69,2.5,2026-02-02
2186,Customer_2609,Subway,Pizza,India,6,3044.03,2.2,2025-01-28
2187,Customer_2050,Burger King,Pizza,India,4,987.6,4.4,2026-03-01
2188,Customer_914,Burger King,Pizza,Singapore,7,3037.62,4.8,2026-04-06
2189,Customer_1671,Subway,Fast Food,Singapore,3,2290.97,1.5,2024-02-26
2190,Customer_1711,Pizza Hut,Sandwich,India,4,1892.76,4.8,2026-02-21
2191,Customer_935,Subway,Pizza,Australia,10,4585.37,3.6,2026-01-11
2192,Customer_568,Subway,Fast Food,Australia,1,4537.63,4.8,2025-06-16
2193,Customer_483,KFC,Sandwich,Australia,1,2971.63,4.4,2025-11-10
2194,Customer_1664,Subway,Burger,India,7,3474.13,1.4,2024-05-30
2195,Customer_1567,Subway,Sandwich,Australia,7,3336.59,4.7,2025-07-17
2196,Customer_62,Subway,Sandwich,Singapore,2,3524.05,3.7,2024-08-09
2197,Customer_780,Subway,Burger,Australia,2,1633.69,1.8,2024-05-29
2198,Customer_1633,Subway,Pizza,India,10,4083.28,2.2,2024-09-30
2199,Customer_1114,Pizza Hut,Fast Food,India,8,3885.5,1.0,2025-06-05
2200,Customer_2105,Dominos,Sandwich,Singapore,2,4993.0,1.5,2025-11-14
2201,Customer_1586,Subway,Pizza,Sri Lanka,2,3507.42,4.3,2026-02-20
2202,Customer_105,Pizza Hut,Fast Food,Singapore,9,751.94,3.6,2024-12-08
2203,Customer_1201,Subway,Fast Food,Australia,1,2539.12,4.1,2024-03-23
2204,Customer_2579,Subway,Pizza,Singapore,7,3321.4,1.2,2026-06-02
2205,Customer_904,Burger King,Burger,Sri Lanka,8,2482.92,3.4,2025-01-12
2206,Customer_665,Pizza Hut,Sandwich,India,7,3933.35,2.6,2025-02-04
2207,Customer_2443,KFC,Burger,Sri Lanka,9,4094.0,4.0,2024-05-13
2208,Customer_2970,Dominos,Sandwich,Sri Lanka,3,3044.4,4.7,2025-05-18
2209,Customer_1080,Pizza Hut,Sandwich,Australia,2,4866.34,1.8,2024-03-09
2210,Customer_951,Pizza Hut,Pizza,Australia,6,3717.14,1.7,2025-04-09
2211,Customer_1644,Pizza Hut,Sandwich,Sri Lanka,8,547.89,4.4,2024-12-19
2212,Customer_2778,Pizza Hut,Fast Food,India,1,2209.23,1.9,2024-06-17
2213,Customer_975,Subway,Burger,India,8,2730.87,3.3,2025-03-08
2214,Customer_1541,Pizza Hut,Pizza,India,8,834.51,3.7,2024-12-19
2215,Customer_1258,Burger King,Fast Food,India,10,1953.6,1.6,2024-10-30
2216,Customer_1205,Subway,Fast Food,Sri Lanka,7,1739.26,5.0,2025-02-09
2217,Customer_1851,KFC,Burger,Sri Lanka,7,2616.79,1.4,2024-08-30
2218,Customer_1898,Dominos,Pizza,India,2,563.06,1.6,2024-05-25
2219,Customer_2014,Subway,Pizza,Sri Lanka,4,1674.94,4.7,2024-04-04
2220,Customer_703,Subway,Burger,Singapore,10,2470.69,4.0,2025-03-05
2221,Customer_949,Subway,Pizza,Sri Lanka,9,1297.47,3.7,2026-06-06
2222,Customer_1673,Pizza Hut,Burger,India,10,3876.22,4.8,2024-11-22
2223,Customer_2019,Subway,Sandwich,Singapore,2,2541.08,3.8,2024-01-24
2224,Customer_2034,KFC,Sandwich,India,1,2142.89,1.0,2025-02-16
2225,Customer_589,Pizza Hut,Pizza,India,4,3331.29,2.3,2025-07-07
2226,Customer_354,Dominos,Burger,Sri Lanka,6,2925.84,2.8,2024-06-12
2227,Customer_2813,Burger King,Sandwich,India,2,2852.77,4.1,2024-04-17
2228,Customer_298,Subway,Pizza,Australia,10,2290.69,2.8,2024-06-27
2229,Customer_162,Subway,Burger,India,7,3305.47,3.2,2025-08-31
2230,Customer_2240,Pizza Hut,Pizza,India,1,4328.93,4.2,2026-03-13
2231,Customer_2834,KFC,Sandwich,Australia,9,4860.8,3.6,2025-09-11
2232,Customer_2481,Burger King,Fast Food,Sri Lanka,5,2060.51,3.5,2024-11-01
2233,Customer_1876,Pizza Hut,Sandwich,Sri Lanka,6,4656.42,1.9,2025-06-03
2234,Customer_1646,Dominos,Sandwich,Singapore,4,2926.72,4.9,2025-07-11
2235,Customer_108,Subway,Sandwich,Australia,7,4011.12,4.9,2024-07-10
2236,Customer_2947,Dominos,Sandwich,Singapore,7,2938.9,4.4,2024-03-06
2237,Customer_1788,Subway,Sandwich,India,3,1940.52,3.3,2025-08-11
2238,Customer_157,Subway,Burger,Sri Lanka,7,3395.97,3.7,2025-05-20
2239,Customer_973,Burger King,Fast Food,Australia,1,3486.07,4.5,2026-03-22
2240,Customer_1599,Dominos,Burger,Singapore,10,672.42,3.7,2026-02-12
2241,Customer_1146,Subway,Pizza,Australia,6,1707.45,1.7,2024-06-20
2242,Customer_1611,Dominos,Sandwich,India,3,2088.59,4.3,2025-06-20
2243,Customer_761,KFC,Pizza,Australia,7,4236.39,1.9,2024-10-28
2244,Customer_2238,Subway,Fast Food,Australia,7,1239.9,1.3,2024-07-18
2245,Customer_1343,KFC,Burger,Singapore,3,4612.79,2.4,2025-11-27
2246,Customer_2358,KFC,Sandwich,India,4,2044.96,3.4,2024-06-20
2247,Customer_1516,Pizza Hut,Pizza,Sri Lanka,9,3697.77,2.5,2025-12-03
2248,Customer_2646,Dominos,Burger,Singapore,9,1959.69,3.4,2024-01-27
2249,Customer_1998,Burger King,Burger,India,1,1373.72,3.5,2026-02-13
2250,Customer_2767,Subway,Fast Food,Sri Lanka,8,3195.5,1.7,2024-05-02
2251,Customer_2137,Burger King,Pizza,Australia,1,887.05,2.5,2024-07-22
2252,Customer_1260,Pizza Hut,Burger,Australia,8,983.85,4.3,2025-02-07
2253,Customer_440,KFC,Pizza,Australia,10,4487.44,4.3,2024-07-26
2254,Customer_2982,Subway,Fast Food,India,7,2512.97,2.3,2025-05-02
2255,Customer_2543,Burger King,Pizza,Sri Lanka,5,4776.74,4.2,2024-01-17
2256,Customer_1450,KFC,Sandwich,Singapore,10,2881.45,5.0,2024-02-06
2257,Customer_2424,Subway,Sandwich,Sri Lanka,10,3796.26,1.5,2025-12-13
2258,Customer_28,Burger King,Burger,India,4,4301.16,3.1,2025-05-04
2259,Customer_1427,Dominos,Pizza,India,6,3008.33,4.7,2026-05-27
2260,Customer_1754,Dominos,Fast Food,Australia,10,2778.98,4.2,2026-03-05
2261,Customer_2208,Dominos,Burger,Australia,3,1121.99,3.8,2025-04-05
2262,Customer_1382,Burger King,Burger,Singapore,6,4084.71,2.3,2025-06-06
2263,Customer_2514,Burger King,Pizza,India,5,4811.02,4.6,2025-12-30
2264,Customer_2840,Dominos,Burger,Sri Lanka,3,4696.59,1.0,2024-03-25
2265,Customer_176,KFC,Burger,Australia,4,3138.49,4.5,2024-02-10
2266,Customer_969,KFC,Fast Food,Australia,6,811.59,1.0,2024-03-15
2267,Customer_1969,Pizza Hut,Pizza,Singapore,9,3821.7,3.7,2024-12-14
2268,Customer_1243,Burger King,Sandwich,Singapore,10,3289.83,3.9,2024-10-17
2269,Customer_2047,KFC,Sandwich,Singapore,8,3737.12,2.2,2024-05-27
2270,Customer_614,Pizza Hut,Pizza,Australia,9,4931.55,3.8,2025-02-27
2271,Customer_1180,KFC,Fast Food,India,3,3684.05,4.2,2025-01-12
2272,Customer_548,KFC,Fast Food,India,4,3229.61,4.5,2024-04-18
2273,Customer_30,Burger King,Fast Food,Sri Lanka,7,3822.33,4.5,2025-10-22
2274,Customer_1003,Dominos,Burger,Singapore,3,1417.81,3.2,2025-06-16
2275,Customer_100,Subway,Pizza,Singapore,7,2834.07,1.3,2024-12-19
2276,Customer_725,KFC,Burger,Singapore,8,1943.82,4.0,2025-04-11
2277,Customer_2303,Burger King,Sandwich,India,7,1196.4,3.3,2025-01-06
2278,Customer_1333,KFC,Fast Food,Singapore,7,4548.43,3.2,2024-02-03
2279,Customer_419,Dominos,Fast Food,India,8,4821.58,3.6,2026-01-17
2280,Customer_260,Dominos,Pizza,India,8,4042.45,3.9,2024-06-28
2281,Customer_2685,Subway,Pizza,Sri Lanka,6,1318.05,1.6,2025-08-01
2282,Customer_2519,KFC,Sandwich,India,2,3797.62,4.2,2025-08-03
2283,Customer_2397,Pizza Hut,Burger,India,9,2977.97,1.9,2025-11-04
2284,Customer_1332,Burger King,Pizza,India,6,3001.75,2.2,2024-06-19
2285,Customer_501,Dominos,Sandwich,Singapore,4,1227.03,2.6,2025-03-03
2286,Customer_81,Subway,Burger,Australia,5,3099.24,4.8,2024-09-10
2287,Customer_2504,Pizza Hut,Pizza,Singapore,10,4211.91,4.4,2025-05-25
2288,Customer_12,KFC,Pizza,Singapore,2,1229.4,2.3,2025-03-25
2289,Customer_2441,Dominos,Sandwich,Sri Lanka,4,2706.47,4.6,2025-11-13
2290,Customer_567,Subway,Pizza,India,3,626.35,3.7,2024-11-30
2291,Customer_552,Burger King,Sandwich,Sri Lanka,9,1347.98,1.2,2024-04-10
2292,Customer_1087,Subway,Sandwich,Singapore,9,2765.57,4.5,2024-02-15
2293,Customer_1431,KFC,Burger,Australia,3,1565.58,3.1,2025-03-24
2294,Customer_166,KFC,Fast Food,Australia,5,1563.29,2.6,2024-03-03
2295,Customer_2346,Subway,Burger,Sri Lanka,8,798.84,4.3,2024-03-24
2296,Customer_861,Subway,Fast Food,Sri Lanka,3,3393.1,1.7,2024-06-15
2297,Customer_2404,Burger King,Fast Food,Sri Lanka,5,1394.78,2.1,2026-01-17
2298,Customer_2095,KFC,Fast Food,India,1,3094.47,5.0,2026-06-07
2299,Customer_862,Subway,Sandwich,Sri Lanka,10,4853.37,1.6,2024-03-25
2300,Customer_2594,KFC,Pizza,Sri Lanka,4,1208.32,4.5,2024-02-19
2301,Customer_1886,Dominos,Sandwich,India,1,1018.25,4.1,2025-12-18
2302,Customer_366,Pizza Hut,Fast Food,Singapore,7,970.27,4.7,2025-11-20
2303,Customer_496,Subway,Fast Food,Singapore,3,3753.5,3.6,2024-02-12
2304,Customer_1793,KFC,Pizza,India,1,1821.26,1.8,2025-06-25
2305,Customer_1382,KFC,Fast Food,India,8,3427.82,3.7,2025-01-24
2306,Customer_2134,Pizza Hut,Pizza,Australia,3,952.06,2.1,2024-11-04
2307,Customer_2288,Dominos,Pizza,Australia,1,3093.93,2.3,2026-03-19
2308,Customer_615,Subway,Burger,Singapore,3,577.02,4.3,2024-05-17
2309,Customer_2870,Burger King,Burger,Singapore,2,4147.09,3.9,2024-07-17
2310,Customer_880,Subway,Burger,India,10,2734.51,1.1,2024-01-02
2311,Customer_938,Dominos,Fast Food,India,5,1358.4,4.7,2024-04-09
2312,Customer_1338,Subway,Burger,Singapore,5,3931.57,1.5,2025-07-16
2313,Customer_111,Burger King,Fast Food,India,1,1133.81,2.9,2026-05-16
2314,Customer_1731,Pizza Hut,Burger,India,8,1538.63,3.0,2024-02-25
2315,Customer_682,Subway,Fast Food,Singapore,2,2440.5,4.4,2024-03-02
2316,Customer_1689,KFC,Pizza,India,5,2889.71,4.8,2024-01-23
2317,Customer_1403,Burger King,Burger,India,1,1498.27,3.8,2024-04-19
2318,Customer_133,KFC,Fast Food,Sri Lanka,1,3272.62,4.6,2024-10-19
2319,Customer_2034,Subway,Sandwich,Australia,7,4518.69,2.2,2025-02-19
2320,Customer_1520,Dominos,Burger,Australia,5,2413.27,1.7,2024-03-07
2321,Customer_1030,Dominos,Fast Food,India,5,2577.86,1.0,2024-09-09
2322,Customer_2274,Pizza Hut,Fast Food,Sri Lanka,1,1432.49,4.2,2024-02-15
2323,Customer_1690,Subway,Pizza,Sri Lanka,8,2293.87,4.1,2026-01-24
2324,Customer_2003,KFC,Sandwich,Sri Lanka,9,559.08,1.4,2024-04-02
2325,Customer_2746,Burger King,Sandwich,Sri Lanka,3,3167.36,4.5,2026-01-14
2326,Customer_1404,Pizza Hut,Sandwich,Sri Lanka,4,2787.63,2.6,2024-04-20
2327,Customer_1010,Pizza Hut,Sandwich,India,6,858.68,1.2,2024-04-14
2328,Customer_1179,Burger King,Burger,Singapore,5,1397.73,2.6,2026-06-10
2329,Customer_2884,KFC,Fast Food,Sri Lanka,10,2457.93,2.4,2024-04-26
2330,Customer_2164,Burger King,Sandwich,Singapore,7,3182.72,3.0,2026-05-30
2331,Customer_494,Subway,Fast Food,Australia,4,4998.91,4.2,2024-07-28
2332,Customer_821,Subway,Sandwich,India,8,4648.86,4.4,2026-03-06
2333,Customer_1790,KFC,Fast Food,Australia,10,788.34,2.0,2025-02-07
2334,Customer_2866,Dominos,Fast Food,Sri Lanka,1,4909.2,2.6,2024-05-21
2335,Customer_411,Burger King,Burger,Sri Lanka,2,4077.97,1.2,2025-03-11
2336,Customer_1990,Dominos,Fast Food,Australia,1,588.42,3.6,2025-08-25
2337,Customer_967,Subway,Fast Food,Australia,10,513.62,2.0,2025-08-22
2338,Customer_270,Burger King,Pizza,Sri Lanka,5,3247.51,3.0,2025-12-25
2339,Customer_2416,Burger King,Sandwich,Singapore,10,2881.35,3.0,2026-04-07
2340,Customer_2655,Pizza Hut,Pizza,Singapore,10,2475.58,1.5,2024-08-17
2341,Customer_1566,Subway,Burger,Sri Lanka,7,4586.34,4.8,2025-02-28
2342,Customer_886,Dominos,Burger,Sri Lanka,8,2659.51,2.1,2024-06-01
2343,Customer_714,Burger King,Sandwich,India,4,3816.36,4.9,2024-08-26
2344,Customer_2421,Subway,Burger,Sri Lanka,10,2507.31,1.1,2025-11-16
2345,Customer_1082,KFC,Sandwich,India,1,1464.54,1.2,2025-12-29
2346,Customer_2215,KFC,Fast Food,Sri Lanka,7,747.15,1.6,2025-04-16
2347,Customer_2701,Pizza Hut,Burger,Sri Lanka,9,4746.71,4.2,2025-11-12
2348,Customer_1513,Subway,Sandwich,India,2,875.75,2.8,2024-08-28
2349,Customer_2994,Subway,Burger,Sri Lanka,2,4867.29,4.7,2024-01-23
2350,Customer_1246,Subway,Pizza,India,2,2530.81,4.5,2024-09-23
2351,Customer_2138,Subway,Pizza,Singapore,9,2182.1,4.7,2024-12-30
2352,Customer_707,Pizza Hut,Fast Food,Australia,9,710.7,2.9,2025-07-06
2353,Customer_2731,Pizza Hut,Pizza,India,7,3035.43,2.2,2025-04-29
2354,Customer_375,Pizza Hut,Pizza,Singapore,10,1716.87,1.7,2025-02-16
2355,Customer_1735,Subway,Pizza,Singapore,7,3103.68,5.0,2025-11-17
2356,Customer_1955,Pizza Hut,Burger,Sri Lanka,10,2095.89,3.9,2026-05-18
2357,Customer_363,Subway,Sandwich,Sri Lanka,6,2422.17,3.0,2024-09-21
2358,Customer_2631,KFC,Pizza,Singapore,5,3533.87,4.2,2025-07-19
2359,Customer_2287,KFC,Burger,Singapore,6,981.54,4.7,2025-07-20
2360,Customer_2698,Dominos,Pizza,Australia,1,4481.45,4.7,2025-08-17
2361,Customer_2621,Burger King,Sandwich,Singapore,9,1618.95,2.1,2025-12-19
2362,Customer_1759,Pizza Hut,Burger,Singapore,9,1905.77,1.3,2025-09-18
2363,Customer_627,Subway,Burger,Sri Lanka,7,1140.53,4.9,2024-01-12
2364,Customer_2376,KFC,Sandwich,Australia,9,2960.2,1.0,2024-12-30
2365,Customer_910,Burger King,Sandwich,India,10,684.9,2.7,2025-08-10
2366,Customer_1619,Dominos,Pizza,Singapore,10,3090.88,2.7,2024-09-21
2367,Customer_260,Pizza Hut,Burger,Sri Lanka,4,4994.2,1.5,2025-09-30
2368,Customer_2969,KFC,Burger,India,4,3716.31,1.4,2026-02-13
2369,Customer_1947,Dominos,Fast Food,Australia,3,4914.56,1.2,2024-08-06
2370,Customer_1316,Subway,Fast Food,Singapore,6,4008.91,3.8,2024-09-17
2371,Customer_1476,Burger King,Burger,Singapore,3,1679.82,3.5,2024-06-18
2372,Customer_1303,Pizza Hut,Pizza,Australia,5,627.15,3.3,2025-03-15
2373,Customer_259,Dominos,Sandwich,Sri Lanka,9,1070.5,2.0,2025-02-15
2374,Customer_2348,Subway,Fast Food,Sri Lanka,7,2577.76,3.2,2025-07-05
2375,Customer_1113,Pizza Hut,Sandwich,Australia,7,2826.37,5.0,2024-04-09
2376,Customer_928,Burger King,Pizza,Singapore,7,4762.33,3.2,2026-03-17
2377,Customer_2717,Subway,Pizza,Singapore,10,2972.98,2.2,2025-09-23
2378,Customer_1562,Subway,Burger,Sri Lanka,6,2031.28,2.0,2025-06-02
2379,Customer_2703,Pizza Hut,Fast Food,Sri Lanka,10,1106.45,3.4,2024-11-17
2380,Customer_240,Dominos,Burger,India,7,4501.19,1.2,2024-07-03
2381,Customer_289,Dominos,Fast Food,Singapore,1,1521.81,3.4,2024-04-26
2382,Customer_2275,Dominos,Pizza,Singapore,6,1618.49,4.9,2026-02-09
2383,Customer_516,Pizza Hut,Burger,Australia,6,3197.72,2.5,2025-10-25
2384,Customer_202,Pizza Hut,Burger,India,5,2886.59,3.3,2024-01-08
2385,Customer_193,Burger King,Sandwich,Singapore,5,4034.83,4.0,2024-07-02
2386,Customer_2513,Dominos,Sandwich,Singapore,7,725.01,4.2,2025-07-24
2387,Customer_663,Pizza Hut,Burger,Australia,7,4393.3,3.0,2024-09-25
2388,Customer_1393,Subway,Fast Food,Singapore,5,3956.02,4.9,2025-03-29
2389,Customer_2075,Subway,Fast Food,Singapore,3,1591.32,4.1,2024-07-15
2390,Customer_1657,Dominos,Pizza,India,7,2014.28,2.2,2024-09-21
2391,Customer_1625,Burger King,Burger,India,1,541.2,4.7,2024-04-21
2392,Customer_657,KFC,Fast Food,India,3,1823.51,4.9,2025-03-11
2393,Customer_1852,Dominos,Sandwich,Singapore,5,2305.56,4.1,2026-03-28
2394,Customer_276,Dominos,Fast Food,Sri Lanka,2,1295.95,3.8,2025-09-19
2395,Customer_379,Burger King,Burger,Singapore,1,527.54,4.6,2024-04-12
2396,Customer_62,Pizza Hut,Sandwich,Singapore,8,3699.35,5.0,2025-07-03
2397,Customer_803,Pizza Hut,Pizza,Australia,8,4688.26,4.6,2024-05-10
2398,Customer_1120,Dominos,Pizza,Singapore,5,4337.34,3.6,2026-04-01
2399,Customer_312,KFC,Fast Food,India,1,1417.51,2.0,2025-03-11
2400,Customer_1961,Burger King,Pizza,Singapore,6,3633.95,3.9,2026-01-23
2401,Customer_2181,Pizza Hut,Sandwich,Australia,3,2158.23,2.1,2026-06-06
2402,Customer_717,Burger King,Pizza,Sri Lanka,9,3626.22,1.9,2025-06-10
2403,Customer_1038,Burger King,Burger,Sri Lanka,1,3541.19,2.7,2024-11-28
2404,Customer_2674,Burger King,Burger,Singapore,6,3828.95,4.5,2024-11-08
2405,Customer_315,Pizza Hut,Pizza,India,3,4705.95,4.9,2026-05-15
2406,Customer_2201,Subway,Sandwich,Sri Lanka,8,2472.75,4.1,2024-10-19
2407,Customer_845,KFC,Burger,India,8,1263.74,1.8,2026-02-21
2408,Customer_2274,Subway,Sandwich,India,2,4539.83,2.4,2026-05-02
2409,Customer_2684,Subway,Fast Food,Sri Lanka,10,4028.17,4.8,2024-01-13
2410,Customer_171,Burger King,Burger,India,1,2239.76,5.0,2026-04-26
2411,Customer_1332,Subway,Pizza,Australia,10,4522.07,2.3,2024-08-23
2412,Customer_1252,Pizza Hut,Fast Food,Sri Lanka,9,811.06,4.5,2024-08-23
2413,Customer_1943,Subway,Burger,Sri Lanka,7,2054.03,1.7,2025-03-27
2414,Customer_1042,Burger King,Burger,Australia,7,740.69,3.1,2024-09-17
2415,Customer_2192,Burger King,Fast Food,Singapore,10,3287.93,2.8,2026-04-19
2416,Customer_2263,Pizza Hut,Fast Food,Australia,4,3396.42,1.5,2026-03-14
2417,Customer_1870,Subway,Burger,Singapore,10,3055.54,2.7,2025-07-03
2418,Customer_2162,Subway,Pizza,Sri Lanka,5,4969.43,2.3,2025-08-23
2419,Customer_2880,KFC,Sandwich,Sri Lanka,5,4278.86,3.7,2025-08-15
2420,Customer_1544,KFC,Fast Food,Sri Lanka,10,2932.01,4.9,2024-09-16
2421,Customer_1035,KFC,Burger,India,4,4242.39,3.6,2025-12-28
2422,Customer_1842,KFC,Pizza,India,10,4065.57,1.6,2025-08-29
2423,Customer_2647,Subway,Sandwich,Sri Lanka,7,4639.78,1.6,2024-04-25
2424,Customer_861,KFC,Fast Food,India,3,1155.68,1.2,2025-08-03
2425,Customer_62,KFC,Pizza,India,1,573.25,3.8,2024-04-29
2426,Customer_1890,Dominos,Sandwich,Sri Lanka,1,4595.18,3.0,2025-01-30
2427,Customer_2445,Subway,Sandwich,Singapore,2,550.42,1.3,2025-10-08
2428,Customer_776,Burger King,Sandwich,Sri Lanka,5,777.7,3.9,2024-10-29
2429,Customer_1186,Burger King,Pizza,Sri Lanka,10,2796.51,1.2,2025-07-20
2430,Customer_1132,Dominos,Pizza,India,6,1891.99,4.5,2025-05-09
2431,Customer_1296,Pizza Hut,Fast Food,Sri Lanka,4,3800.01,5.0,2025-08-25
2432,Customer_1656,KFC,Fast Food,Australia,5,4745.56,4.8,2025-04-13
2433,Customer_1554,Dominos,Fast Food,Australia,1,4563.23,1.2,2025-08-25
2434,Customer_2738,Dominos,Sandwich,Australia,2,832.22,4.6,2025-03-19
2435,Customer_1520,Burger King,Fast Food,Sri Lanka,4,4940.52,1.0,2025-02-06
2436,Customer_2219,Burger King,Fast Food,Singapore,10,4180.75,4.7,2025-04-02
2437,Customer_2534,Dominos,Fast Food,Sri Lanka,6,3978.53,4.0,2024-10-02
2438,Customer_1720,Subway,Pizza,Australia,9,1133.72,3.1,2025-03-16
2439,Customer_2313,Subway,Sandwich,India,7,3231.2,4.1,2025-08-04
2440,Customer_959,Subway,Sandwich,Sri Lanka,8,2881.12,3.7,2025-06-24
2441,Customer_1988,Subway,Fast Food,Australia,1,2169.48,3.4,2025-10-18
2442,Customer_1487,Dominos,Fast Food,Singapore,7,605.18,3.4,2024-07-03
2443,Customer_92,Pizza Hut,Pizza,Singapore,6,2545.48,4.9,2024-05-09
2444,Customer_2365,Subway,Pizza,Singapore,1,1862.27,1.3,2025-06-18
2445,Customer_24,Subway,Burger,India,2,4027.84,2.4,2026-05-25
2446,Customer_1288,Pizza Hut,Sandwich,Singapore,8,1808.54,1.4,2025-06-06
2447,Customer_566,Dominos,Burger,Singapore,10,1331.95,1.3,2026-02-04
2448,Customer_2757,Subway,Pizza,Australia,2,3238.48,3.4,2025-07-08
2449,Customer_1785,Burger King,Pizza,India,3,3214.21,2.9,2024-05-21
2450,Customer_2407,Pizza Hut,Sandwich,Sri Lanka,5,3744.53,2.5,2025-06-08
2451,Customer_432,Subway,Burger,Australia,6,2687.48,4.3,2024-05-15
2452,Customer_1783,Subway,Pizza,Sri Lanka,10,1136.91,4.4,2024-11-22
2453,Customer_2036,Pizza Hut,Fast Food,Sri Lanka,2,3344.53,1.9,2025-01-10
2454,Customer_1402,Dominos,Burger,Sri Lanka,8,1272.55,4.3,2025-12-22
2455,Customer_1926,KFC,Pizza,Australia,5,522.76,1.4,2024-10-12
2456,Customer_2671,Subway,Pizza,India,5,3726.85,2.0,2025-06-16
2457,Customer_1720,Pizza Hut,Sandwich,Australia,1,2666.62,1.2,2024-05-19
2458,Customer_2304,Pizza Hut,Fast Food,Sri Lanka,10,2173.11,1.0,2024-12-25
2459,Customer_1900,Pizza Hut,Fast Food,Australia,3,2423.32,4.0,2024-07-01
2460,Customer_1486,KFC,Sandwich,Sri Lanka,10,1112.74,1.2,2024-02-14
2461,Customer_291,Dominos,Burger,Sri Lanka,1,4806.41,2.0,2025-04-18
2462,Customer_2678,Pizza Hut,Burger,Australia,5,1521.52,3.6,2025-12-18
2463,Customer_2325,Subway,Sandwich,Singapore,10,2999.0,1.9,2026-03-27
2464,Customer_1689,Burger King,Pizza,Australia,5,4804.47,4.1,2026-05-28
2465,Customer_361,Subway,Pizza,Singapore,4,4121.48,4.2,2025-02-27
2466,Customer_874,Pizza Hut,Fast Food,Australia,6,704.32,2.4,2024-03-25
2467,Customer_2720,Subway,Sandwich,India,3,809.24,4.6,2025-07-28
2468,Customer_2984,Burger King,Sandwich,Australia,9,3937.73,4.3,2024-08-06
2469,Customer_621,Dominos,Fast Food,Singapore,5,4905.56,2.7,2024-12-11
2470,Customer_1759,Dominos,Pizza,India,5,4509.48,4.7,2026-02-02
2471,Customer_800,Subway,Burger,India,6,4100.91,2.5,2025-05-30
2472,Customer_2584,Burger King,Sandwich,India,9,713.45,2.3,2026-03-27
2473,Customer_1820,Burger King,Fast Food,Singapore,6,2520.44,2.3,2025-04-01
2474,Customer_1492,Dominos,Pizza,India,10,1322.48,4.3,2024-03-22
2475,Customer_140,Subway,Burger,Australia,2,691.27,3.5,2025-08-31
2476,Customer_2993,Pizza Hut,Fast Food,India,2,4779.69,5.0,2024-11-12
2477,Customer_2079,Dominos,Fast Food,Sri Lanka,3,1978.4,2.2,2025-04-18
2478,Customer_2794,Dominos,Fast Food,India,3,3352.31,2.6,2025-03-31
2479,Customer_1520,KFC,Burger,Australia,2,3571.65,5.0,2025-09-27
2480,Customer_2732,KFC,Pizza,Singapore,6,4032.2,4.6,2024-03-25
2481,Customer_244,Pizza Hut,Pizza,Singapore,1,855.23,1.4,2024-12-31
2482,Customer_2947,KFC,Burger,Australia,8,3351.72,3.5,2024-08-07
2483,Customer_1795,Burger King,Fast Food,Singapore,2,3942.43,3.8,2024-02-02
2484,Customer_529,Dominos,Fast Food,Australia,10,3533.32,3.6,2026-05-14
2485,Customer_2730,Pizza Hut,Fast Food,Sri Lanka,7,1795.31,3.7,2024-08-24
2486,Customer_1246,Pizza Hut,Pizza,Sri Lanka,1,1748.45,1.5,2024-08-09
2487,Customer_879,Dominos,Fast Food,Australia,2,824.04,2.2,2024-02-02
2488,Customer_385,KFC,Burger,India,9,2116.28,4.0,2025-09-20
2489,Customer_1532,Subway,Burger,India,1,2126.06,1.3,2024-09-06
2490,Customer_1670,Dominos,Fast Food,Sri Lanka,7,3070.37,4.8,2024-03-01
2491,Customer_2243,Pizza Hut,Fast Food,Singapore,8,2648.75,1.2,2026-04-24
2492,Customer_990,Dominos,Burger,India,4,3479.96,3.3,2025-12-13
2493,Customer_1257,Subway,Burger,India,1,512.51,3.0,2024-10-22
2494,Customer_644,Burger King,Burger,Sri Lanka,4,1223.06,2.4,2025-01-21
2495,Customer_299,Dominos,Pizza,Singapore,6,1647.97,4.6,2024-01-12
2496,Customer_1171,Pizza Hut,Sandwich,Australia,3,3119.51,3.5,2024-07-07
2497,Customer_2346,KFC,Pizza,India,5,1989.63,1.4,2025-11-08
2498,Customer_131,Subway,Fast Food,Singapore,1,2102.76,1.0,2024-01-16
2499,Customer_2216,Subway,Sandwich,Australia,4,562.75,4.5,2026-02-21
2500,Customer_363,Dominos,Sandwich,Singapore,4,4075.6,3.5,2024-04-29
2501,Customer_1154,Burger King,Sandwich,Australia,10,3004.18,4.9,2024-01-07
2502,Customer_1325,Subway,Pizza,Sri Lanka,3,3170.39,3.4,2025-04-06
2503,Customer_1277,KFC,Sandwich,Sri Lanka,4,4789.63,2.0,2025-03-09
2504,Customer_734,Pizza Hut,Pizza,Singapore,6,2091.75,1.7,2025-11-18
2505,Customer_1893,Dominos,Fast Food,India,1,4582.99,1.5,2024-09-18
2506,Customer_1411,KFC,Pizza,Sri Lanka,3,1350.7,3.8,2026-03-31
2507,Customer_406,Subway,Pizza,Sri Lanka,6,4581.07,3.1,2024-06-21
2508,Customer_2140,Subway,Sandwich,Sri Lanka,6,3044.95,2.7,2024-05-07
2509,Customer_460,Subway,Sandwich,India,9,2171.43,3.2,2026-03-02
2510,Customer_2992,Subway,Burger,Singapore,8,1253.66,3.8,2024-03-24
2511,Customer_2278,Subway,Fast Food,Sri Lanka,6,4627.26,2.9,2025-01-25
2512,Customer_2865,Subway,Pizza,Sri Lanka,9,4905.9,3.4,2026-02-22
2513,Customer_2083,Subway,Sandwich,India,9,1742.5,4.8,2024-06-07
2514,Customer_219,Pizza Hut,Pizza,India,8,1231.31,1.2,2024-11-14
2515,Customer_876,Subway,Burger,India,4,1108.72,4.8,2025-07-18
2516,Customer_1033,Pizza Hut,Burger,Australia,8,4943.31,3.6,2024-03-01
2517,Customer_540,Subway,Fast Food,Sri Lanka,7,4882.72,4.8,2026-01-18
2518,Customer_2468,KFC,Fast Food,India,1,1074.11,3.5,2025-08-14
2519,Customer_1135,KFC,Pizza,India,3,3726.23,3.0,2024-02-21
2520,Customer_521,Pizza Hut,Pizza,Australia,4,686.43,4.1,2026-05-20
2521,Customer_2062,Pizza Hut,Sandwich,Australia,1,2332.21,2.6,2024-05-13
2522,Customer_2795,Pizza Hut,Burger,India,8,2556.13,2.4,2024-01-03
2523,Customer_394,Subway,Pizza,India,2,3577.04,3.6,2025-08-21
2524,Customer_368,Dominos,Fast Food,Singapore,5,2201.54,3.4,2025-09-04
2525,Customer_652,Subway,Pizza,Sri Lanka,1,1686.52,4.4,2026-05-31
2526,Customer_2217,Burger King,Fast Food,Singapore,7,1229.91,3.3,2026-01-29
2527,Customer_832,Pizza Hut,Sandwich,Singapore,1,2754.89,2.5,2026-03-31
2528,Customer_1510,Dominos,Sandwich,Singapore,1,2224.24,3.8,2025-07-24
2529,Customer_345,Subway,Sandwich,Australia,6,772.0,3.3,2024-06-05
2530,Customer_1044,Burger King,Fast Food,Singapore,7,2261.82,1.8,2026-03-08
2531,Customer_2477,KFC,Pizza,Singapore,6,538.41,3.6,2024-11-09
2532,Customer_686,Dominos,Pizza,India,3,2234.03,2.7,2025-01-20
2533,Customer_482,Pizza Hut,Burger,India,5,1473.99,2.6,2026-05-04
2534,Customer_1408,Subway,Burger,Australia,3,956.35,3.1,2024-05-20
2535,Customer_2607,Pizza Hut,Sandwich,Sri Lanka,10,4686.37,1.6,2025-06-09
2536,Customer_2967,Burger King,Fast Food,Singapore,5,1492.71,3.2,2024-09-02
2537,Customer_981,KFC,Burger,Singapore,3,4500.34,3.7,2026-04-04
2538,Customer_2178,KFC,Pizza,India,5,4771.56,4.8,2025-01-08
2539,Customer_2825,KFC,Fast Food,Sri Lanka,6,4317.53,3.1,2024-02-05
2540,Customer_115,Burger King,Burger,Australia,8,4002.63,2.6,2025-02-19
2541,Customer_2309,Burger King,Sandwich,Australia,8,2306.19,3.8,2025-12-07
2542,Customer_1099,Burger King,Pizza,Australia,4,2464.64,3.3,2026-01-07
2543,Customer_1110,Dominos,Sandwich,Singapore,2,2439.09,4.6,2026-05-27
2544,Customer_324,KFC,Burger,Australia,6,599.57,3.8,2024-05-09
2545,Customer_2346,Burger King,Burger,Sri Lanka,6,1334.14,2.6,2024-01-09
2546,Customer_1324,Burger King,Sandwich,Singapore,5,4299.08,1.7,2024-05-26
2547,Customer_982,Pizza Hut,Sandwich,Australia,3,1578.19,4.1,2026-05-23
2548,Customer_487,Burger King,Pizza,Singapore,2,4699.06,2.1,2025-08-25
2549,Customer_1085,Subway,Pizza,India,3,4734.31,4.3,2025-11-14
2550,Customer_1298,Burger King,Pizza,Sri Lanka,8,3049.57,1.9,2024-11-04
2551,Customer_1876,KFC,Fast Food,Sri Lanka,1,2903.71,3.7,2026-02-27
2552,Customer_2031,Subway,Burger,India,3,4693.65,1.3,2024-05-04
2553,Customer_2249,Dominos,Fast Food,Australia,6,1203.88,2.5,2026-01-17
2554,Customer_1145,KFC,Sandwich,Singapore,5,1701.77,3.7,2025-11-04
2555,Customer_2041,Pizza Hut,Fast Food,Singapore,4,3392.67,1.7,2025-11-26
2556,Customer_2772,Pizza Hut,Sandwich,Australia,3,1501.54,2.8,2025-10-25
2557,Customer_541,Subway,Sandwich,Singapore,6,2330.32,1.8,2025-04-08
2558,Customer_457,Burger King,Fast Food,Sri Lanka,6,4168.81,4.3,2024-01-04
2559,Customer_258,Pizza Hut,Burger,Australia,9,3462.28,1.2,2025-07-03
2560,Customer_623,Dominos,Pizza,India,2,1891.35,2.3,2024-01-26
2561,Customer_799,Pizza Hut,Sandwich,Sri Lanka,10,1855.06,4.9,2025-11-09
2562,Customer_506,KFC,Sandwich,Sri Lanka,8,4970.55,4.6,2025-12-09
2563,Customer_499,KFC,Sandwich,Australia,6,3691.34,3.1,2024-07-22
2564,Customer_721,Pizza Hut,Pizza,Singapore,4,2047.86,3.9,2025-02-04
2565,Customer_1443,KFC,Pizza,India,3,1178.49,3.8,2025-09-22
2566,Customer_1814,KFC,Pizza,India,1,1792.98,4.4,2026-04-14
2567,Customer_2841,KFC,Burger,India,3,1519.87,2.7,2025-12-08
2568,Customer_1434,Pizza Hut,Sandwich,Singapore,2,4583.29,3.2,2025-06-03
2569,Customer_187,Subway,Pizza,Singapore,10,2740.25,4.8,2025-04-15
2570,Customer_2072,KFC,Pizza,Singapore,1,944.02,3.0,2026-02-21
2571,Customer_1624,Pizza Hut,Burger,India,9,3549.97,3.5,2024-06-08
2572,Customer_2893,Pizza Hut,Sandwich,Singapore,5,2903.6,2.0,2024-07-06
2573,Customer_1960,KFC,Burger,Singapore,5,1089.61,1.8,2025-02-16
2574,Customer_2830,KFC,Pizza,India,9,575.99,1.4,2024-08-09
2575,Customer_1197,Burger King,Pizza,Australia,9,4956.75,4.4,2025-09-14
2576,Customer_632,KFC,Pizza,Australia,7,757.22,1.7,2025-08-02
2577,Customer_1383,KFC,Burger,Sri Lanka,7,1590.09,4.6,2025-09-24
2578,Customer_2958,Dominos,Pizza,Sri Lanka,2,2892.08,2.1,2026-03-20
2579,Customer_2015,Burger King,Fast Food,India,1,2685.05,2.3,2025-12-01
2580,Customer_2290,Burger King,Fast Food,Australia,3,560.98,3.6,2026-05-27
2581,Customer_1579,KFC,Sandwich,Sri Lanka,9,4030.45,3.7,2024-08-13
2582,Customer_2339,Dominos,Burger,Singapore,2,1912.24,2.1,2024-08-22
2583,Customer_185,Burger King,Burger,Australia,10,827.25,1.7,2025-05-02
2584,Customer_2703,Pizza Hut,Burger,Sri Lanka,7,4898.09,2.1,2025-10-03
2585,Customer_2320,Burger King,Burger,Singapore,5,576.08,4.7,2024-03-20
2586,Customer_2361,Dominos,Pizza,Australia,8,2962.05,2.4,2024-04-03
2587,Customer_247,Dominos,Fast Food,India,1,1641.29,2.7,2024-07-08
2588,Customer_2731,Pizza Hut,Fast Food,Singapore,2,1111.8,3.6,2024-06-11
2589,Customer_1260,Pizza Hut,Pizza,India,7,4576.72,3.5,2024-06-02
2590,Customer_2179,Subway,Sandwich,Singapore,1,3048.78,3.1,2025-04-18
2591,Customer_304,KFC,Sandwich,Singapore,8,1540.96,4.2,2024-08-08
2592,Customer_760,KFC,Sandwich,Singapore,1,2571.72,2.4,2026-02-27
2593,Customer_2173,Subway,Sandwich,Singapore,6,1567.54,3.5,2025-08-13
2594,Customer_2585,Subway,Burger,India,2,3211.78,3.5,2024-07-31
2595,Customer_1347,Burger King,Pizza,Sri Lanka,9,3524.51,4.1,2025-01-26
2596,Customer_1372,KFC,Pizza,Sri Lanka,3,705.56,1.5,2025-10-14
2597,Customer_1442,Pizza Hut,Burger,Singapore,7,1725.29,2.1,2024-03-11
2598,Customer_1869,Burger King,Sandwich,Sri Lanka,1,505.36,2.7,2025-10-17
2599,Customer_1902,Dominos,Burger,Australia,9,3494.22,2.7,2025-07-28
2600,Customer_1220,Subway,Sandwich,Singapore,5,4481.66,1.4,2025-02-14
2601,Customer_825,Dominos,Burger,Singapore,1,1656.19,2.3,2026-04-15
2602,Customer_1666,KFC,Burger,Australia,4,2616.17,1.2,2024-01-24
2603,Customer_1582,Burger King,Sandwich,India,8,2486.21,1.4,2026-01-26
2604,Customer_2317,Burger King,Pizza,Singapore,4,1944.93,1.2,2025-10-12
2605,Customer_2432,Dominos,Fast Food,India,6,2073.94,1.6,2025-01-14
2606,Customer_1896,Dominos,Pizza,Singapore,5,1556.47,1.3,2024-06-13
2607,Customer_2516,Burger King,Burger,Singapore,6,4651.71,2.7,2024-11-17
2608,Customer_1016,Burger King,Burger,Australia,5,3853.98,2.2,2025-03-21
2609,Customer_299,Burger King,Fast Food,Singapore,10,4676.01,3.4,2024-09-20
2610,Customer_2489,KFC,Burger,Australia,10,2529.01,1.9,2026-02-10
2611,Customer_1680,Burger King,Fast Food,India,3,1510.38,3.4,2024-10-03
2612,Customer_1721,KFC,Sandwich,India,10,3510.54,3.1,2025-05-27
2613,Customer_2140,Subway,Burger,Sri Lanka,4,1209.62,4.9,2026-02-28
2614,Customer_2339,Dominos,Pizza,Sri Lanka,3,1018.15,2.9,2026-02-17
2615,Customer_1962,Burger King,Burger,Australia,4,1791.79,3.8,2024-02-14
2616,Customer_1518,Burger King,Sandwich,India,3,667.82,1.0,2025-02-26
2617,Customer_1140,Subway,Sandwich,Australia,7,4680.05,1.6,2024-11-05
2618,Customer_916,Subway,Fast Food,Sri Lanka,3,4537.57,4.5,2025-09-17
2619,Customer_559,Pizza Hut,Pizza,Singapore,6,4363.12,4.5,2024-04-19
2620,Customer_2896,Subway,Sandwich,India,6,3120.58,3.5,2025-06-25
2621,Customer_1931,Pizza Hut,Sandwich,Sri Lanka,10,3242.68,4.8,2026-05-09
2622,Customer_2892,Burger King,Burger,India,5,3630.93,2.6,2024-09-24
2623,Customer_347,Pizza Hut,Pizza,Australia,1,4482.58,2.2,2024-08-14
2624,Customer_781,Dominos,Pizza,India,1,4360.89,1.8,2024-07-06
2625,Customer_1200,KFC,Burger,Singapore,4,3452.1,1.1,2025-04-13
2626,Customer_2717,Dominos,Sandwich,Singapore,9,4240.38,1.1,2024-08-25
2627,Customer_2668,Burger King,Pizza,Australia,7,3889.68,4.8,2026-03-21
2628,Customer_2679,Pizza Hut,Sandwich,Singapore,5,789.85,2.1,2024-06-05
2629,Customer_1238,KFC,Burger,Sri Lanka,3,1527.71,4.2,2024-02-08
2630,Customer_1502,Pizza Hut,Pizza,India,9,3242.76,2.1,2026-05-04
2631,Customer_1386,KFC,Sandwich,Australia,3,1395.37,1.5,2025-02-04
2632,Customer_2555,KFC,Fast Food,India,1,1104.99,2.6,2024-06-05
2633,Customer_883,KFC,Fast Food,India,1,1487.57,2.0,2024-04-20
2634,Customer_1807,Pizza Hut,Fast Food,Singapore,8,2143.4,4.3,2025-04-24
2635,Customer_1749,KFC,Sandwich,Australia,6,1621.06,4.0,2025-03-24
2636,Customer_1139,Burger King,Pizza,Sri Lanka,2,4737.03,1.7,2024-06-26
2637,Customer_2383,Subway,Burger,Singapore,3,1557.45,1.9,2024-08-24
2638,Customer_540,Pizza Hut,Pizza,Australia,8,806.46,4.9,2026-01-03
2639,Customer_68,Pizza Hut,Sandwich,India,3,3478.63,1.5,2025-08-18
2640,Customer_1530,Pizza Hut,Sandwich,Singapore,5,3472.49,3.2,2024-02-23
2641,Customer_417,Dominos,Sandwich,Australia,5,2362.64,3.5,2026-01-17
2642,Customer_2461,KFC,Burger,Sri Lanka,7,2118.92,3.2,2026-05-02
2643,Customer_1806,KFC,Sandwich,India,6,2776.05,4.7,2025-07-03
2644,Customer_638,Burger King,Fast Food,Australia,7,2273.91,3.1,2024-07-03
2645,Customer_1044,Subway,Pizza,India,8,1620.97,1.8,2025-12-30
2646,Customer_313,KFC,Fast Food,India,2,886.79,1.2,2025-08-10
2647,Customer_1876,Subway,Fast Food,India,6,4921.34,3.2,2025-06-27
2648,Customer_2516,Pizza Hut,Fast Food,Singapore,1,4383.29,2.9,2026-04-06
2649,Customer_148,KFC,Pizza,Australia,2,3144.91,3.5,2025-12-11
2650,Customer_2845,Burger King,Pizza,Australia,2,2722.96,1.7,2024-09-14
2651,Customer_2017,Dominos,Burger,India,4,3009.0,1.7,2024-05-25
2652,Customer_1478,Burger King,Pizza,India,2,2190.56,2.5,2024-01-22
2653,Customer_2807,Burger King,Sandwich,India,4,3830.17,1.0,2024-11-24
2654,Customer_801,KFC,Burger,Australia,5,2492.68,4.6,2025-07-06
2655,Customer_1249,Subway,Sandwich,Australia,1,1719.33,1.1,2024-01-19
2656,Customer_43,Burger King,Sandwich,Australia,2,3254.35,4.5,2024-06-19
2657,Customer_2793,Dominos,Sandwich,Australia,10,3658.96,1.7,2024-07-13
2658,Customer_2600,KFC,Pizza,Australia,7,1549.27,1.7,2025-03-13
2659,Customer_1943,Burger King,Pizza,India,6,3052.57,1.1,2025-05-24
2660,Customer_1636,Burger King,Fast Food,India,10,1102.2,3.6,2024-03-23
2661,Customer_2971,KFC,Pizza,Australia,2,821.01,4.7,2025-08-09
2662,Customer_1682,KFC,Fast Food,India,10,1929.86,4.0,2026-02-26
2663,Customer_2383,Dominos,Pizza,Singapore,4,2584.73,3.9,2025-12-18
2664,Customer_2646,Dominos,Pizza,Australia,3,692.35,2.5,2024-06-06
2665,Customer_2717,Burger King,Fast Food,Australia,2,1375.39,3.9,2024-12-09
2666,Customer_2682,Subway,Fast Food,Sri Lanka,5,3082.53,4.4,2024-08-16
2667,Customer_2886,KFC,Fast Food,Sri Lanka,3,4327.27,1.4,2024-08-17
2668,Customer_709,Pizza Hut,Burger,Australia,9,3482.36,4.5,2026-04-28
2669,Customer_1526,Subway,Pizza,Singapore,9,2377.2,3.0,2025-12-29
2670,Customer_1221,Pizza Hut,Fast Food,Sri Lanka,9,1970.22,3.2,2025-02-15
2671,Customer_1596,Burger King,Burger,India,1,691.61,2.6,2024-02-29
2672,Customer_2059,Dominos,Sandwich,Singapore,4,4243.59,3.1,2025-08-06
2673,Customer_1589,Dominos,Burger,Singapore,5,3987.82,1.5,2026-03-05
2674,Customer_2967,KFC,Pizza,Australia,3,1003.07,1.6,2025-03-21
2675,Customer_594,KFC,Fast Food,India,3,576.98,3.8,2025-03-22
2676,Customer_1165,KFC,Burger,India,2,1766.32,2.9,2024-02-16
2677,Customer_2328,Pizza Hut,Fast Food,Singapore,10,2509.31,4.3,2025-06-07
2678,Customer_2409,Subway,Burger,Sri Lanka,3,2811.59,1.8,2025-02-20
2679,Customer_2251,Pizza Hut,Fast Food,India,7,2400.12,1.1,2026-01-23
2680,Customer_689,Pizza Hut,Fast Food,Sri Lanka,6,4713.11,4.0,2025-12-05
2681,Customer_1379,KFC,Sandwich,India,2,517.32,3.5,2025-07-06
2682,Customer_736,Burger King,Pizza,India,9,3694.03,4.7,2024-11-30
2683,Customer_2823,KFC,Sandwich,India,10,3952.88,1.2,2025-07-20
2684,Customer_1631,Subway,Sandwich,India,8,3903.29,4.7,2025-04-06
2685,Customer_931,KFC,Pizza,Singapore,4,1465.21,2.9,2026-05-28
2686,Customer_342,Subway,Burger,Sri Lanka,9,4608.73,4.0,2026-02-03
2687,Customer_1649,KFC,Sandwich,Singapore,2,1615.24,3.2,2026-02-25
2688,Customer_446,Pizza Hut,Fast Food,India,3,3487.21,4.2,2026-03-06
2689,Customer_925,Subway,Pizza,Sri Lanka,9,4321.17,3.9,2024-07-24
2690,Customer_1431,KFC,Sandwich,Sri Lanka,9,2645.92,3.8,2024-08-17
2691,Customer_2869,Pizza Hut,Sandwich,Singapore,8,2235.39,3.6,2026-02-21
2692,Customer_2577,Burger King,Pizza,Sri Lanka,9,2851.91,4.4,2025-03-08
2693,Customer_1092,KFC,Fast Food,India,8,3230.14,4.8,2026-04-12
2694,Customer_1887,Subway,Fast Food,Australia,10,2385.5,4.4,2024-04-29
2695,Customer_1012,Subway,Burger,Australia,8,1301.88,3.7,2025-10-20
2696,Customer_2998,KFC,Sandwich,Singapore,6,3631.69,4.3,2026-01-03
2697,Customer_1575,KFC,Burger,Sri Lanka,3,1956.53,1.8,2025-06-30
2698,Customer_2078,Subway,Pizza,Australia,6,1505.82,2.1,2025-09-23
2699,Customer_2574,Pizza Hut,Sandwich,Australia,3,3106.99,3.4,2025-03-21
2700,Customer_1099,Dominos,Pizza,Singapore,7,3156.2,5.0,2025-03-31
2701,Customer_1794,Subway,Sandwich,Singapore,1,3030.96,3.2,2024-03-05
2702,Customer_1874,Burger King,Sandwich,Australia,9,2083.75,3.5,2025-09-01
2703,Customer_1165,Dominos,Burger,Sri Lanka,9,1370.94,3.4,2025-08-07
2704,Customer_1239,Pizza Hut,Sandwich,Singapore,4,1800.39,2.8,2025-05-31
2705,Customer_1407,KFC,Sandwich,Sri Lanka,7,1818.35,3.3,2025-10-07
2706,Customer_1087,Burger King,Burger,Sri Lanka,10,1249.99,3.6,2024-01-29
2707,Customer_1616,Pizza Hut,Burger,India,2,4260.62,4.9,2026-04-05
2708,Customer_1633,KFC,Sandwich,Sri Lanka,7,2300.97,3.2,2024-06-16
2709,Customer_75,Subway,Pizza,Australia,9,4251.04,2.4,2024-03-03
2710,Customer_908,Pizza Hut,Pizza,Sri Lanka,6,2671.1,3.7,2024-04-16
2711,Customer_2258,KFC,Sandwich,Australia,2,2989.99,2.7,2025-07-07
2712,Customer_969,Pizza Hut,Pizza,Singapore,6,4618.39,1.2,2026-06-05
2713,Customer_189,Burger King,Sandwich,Singapore,2,3164.78,4.5,2024-08-05
2714,Customer_1458,KFC,Fast Food,Australia,7,1817.53,3.2,2025-09-02
2715,Customer_2316,KFC,Sandwich,Australia,7,2519.71,1.2,2026-02-24
2716,Customer_1966,Pizza Hut,Fast Food,Singapore,3,2365.0,3.6,2026-02-18
2717,Customer_128,Pizza Hut,Pizza,Singapore,6,4498.5,1.5,2024-02-05
2718,Customer_1112,Burger King,Burger,Australia,3,3206.54,4.8,2024-08-24
2719,Customer_1983,Burger King,Burger,Singapore,9,4560.74,2.6,2025-02-06
2720,Customer_676,Burger King,Fast Food,Singapore,3,4043.29,1.5,2025-01-18
2721,Customer_1410,Subway,Sandwich,Singapore,3,1919.42,2.7,2024-11-27
2722,Customer_755,KFC,Fast Food,Sri Lanka,6,1561.6,4.7,2024-07-01
2723,Customer_2703,Burger King,Sandwich,Sri Lanka,5,2745.07,2.9,2025-10-25
2724,Customer_1244,Subway,Burger,Australia,6,3187.79,3.4,2025-02-02
2725,Customer_700,Pizza Hut,Pizza,India,6,527.48,4.3,2024-11-30
2726,Customer_1178,Burger King,Burger,India,2,1248.01,4.3,2024-05-20
2727,Customer_231,Pizza Hut,Pizza,Singapore,3,3462.85,4.8,2025-09-02
2728,Customer_279,Dominos,Pizza,India,8,2725.94,2.7,2026-06-08
2729,Customer_2196,Subway,Pizza,Australia,9,1944.43,3.7,2024-10-04
2730,Customer_1331,KFC,Pizza,Australia,3,3565.71,2.4,2025-07-21
2731,Customer_1281,Pizza Hut,Sandwich,Sri Lanka,9,1974.61,2.5,2025-12-30
2732,Customer_1838,Pizza Hut,Fast Food,Australia,1,2880.92,3.5,2024-03-27
2733,Customer_1264,Subway,Fast Food,Australia,8,2543.49,2.1,2025-01-06
2734,Customer_1500,KFC,Burger,India,5,2472.62,3.1,2024-08-23
2735,Customer_3000,Burger King,Fast Food,Singapore,2,2103.83,2.2,2026-01-31
2736,Customer_2340,Dominos,Pizza,Australia,5,4313.32,3.4,2026-04-05
2737,Customer_1366,KFC,Sandwich,Sri Lanka,4,1378.56,3.1,2024-02-07
2738,Customer_341,Pizza Hut,Pizza,India,9,4633.0,4.9,2025-03-07
2739,Customer_154,Subway,Sandwich,India,9,807.43,4.2,2025-03-13
2740,Customer_2226,Dominos,Pizza,Sri Lanka,5,4222.44,2.7,2025-05-06
2741,Customer_2803,Pizza Hut,Burger,India,2,2503.27,2.2,2024-11-19
2742,Customer_2708,KFC,Burger,India,8,4154.76,4.1,2024-11-30
2743,Customer_416,Subway,Fast Food,Australia,7,3585.02,1.8,2024-02-21
2744,Customer_1563,Dominos,Fast Food,Singapore,8,3840.38,4.7,2024-10-12
2745,Customer_1629,Subway,Fast Food,Australia,4,1444.55,2.6,2025-08-29
2746,Customer_2477,Subway,Burger,Singapore,7,1678.97,4.6,2025-08-24
2747,Customer_2497,Subway,Fast Food,Sri Lanka,2,717.01,3.4,2024-02-23
2748,Customer_1965,KFC,Fast Food,India,6,1236.77,3.8,2024-12-14
2749,Customer_2435,Dominos,Burger,Australia,3,3427.48,2.6,2025-07-07
2750,Customer_2108,Subway,Burger,Singapore,10,2168.2,1.7,2026-01-23
2751,Customer_1520,Dominos,Burger,Australia,9,1068.88,3.1,2026-06-16
2752,Customer_2427,Pizza Hut,Pizza,India,2,2484.98,3.3,2024-04-23
2753,Customer_2207,Subway,Fast Food,India,5,2879.67,1.8,2026-01-18
2754,Customer_1851,Pizza Hut,Sandwich,Sri Lanka,6,3877.76,3.1,2025-09-15
2755,Customer_1347,Pizza Hut,Burger,India,7,2733.53,4.5,2024-09-25
2756,Customer_1603,Subway,Fast Food,Sri Lanka,3,3767.54,3.6,2025-06-19
2757,Customer_2164,Subway,Burger,Singapore,9,1013.35,1.3,2024-08-02
2758,Customer_2498,Dominos,Fast Food,Australia,6,3093.97,4.6,2024-09-08
2759,Customer_2529,Subway,Pizza,Sri Lanka,8,2606.05,1.2,2024-01-24
2760,Customer_606,Subway,Sandwich,Singapore,10,1434.77,4.3,2024-11-19
2761,Customer_367,Burger King,Fast Food,Singapore,1,3959.61,3.7,2025-01-17
2762,Customer_519,Dominos,Fast Food,Sri Lanka,2,3090.53,4.1,2024-07-18
2763,Customer_43,KFC,Pizza,Singapore,5,1104.8,4.5,2024-03-22
2764,Customer_497,KFC,Sandwich,Sri Lanka,10,765.82,3.1,2024-12-23
2765,Customer_2192,Pizza Hut,Fast Food,Sri Lanka,5,1974.83,4.5,2026-04-26
2766,Customer_870,Dominos,Pizza,Singapore,2,4576.0,4.7,2024-11-02
2767,Customer_2175,Dominos,Pizza,Singapore,7,1129.37,2.8,2026-03-25
2768,Customer_2828,Burger King,Sandwich,India,4,2089.53,4.2,2024-08-10
2769,Customer_2885,Pizza Hut,Burger,Australia,7,906.56,3.5,2024-03-02
2770,Customer_1845,KFC,Fast Food,Australia,7,4191.85,2.0,2024-10-25
2771,Customer_2327,KFC,Burger,Australia,2,955.68,2.2,2025-05-14
2772,Customer_2781,Subway,Fast Food,India,9,4599.56,2.9,2025-02-06
2773,Customer_1872,Pizza Hut,Pizza,Singapore,7,2344.37,2.4,2024-07-05
2774,Customer_1209,KFC,Fast Food,Singapore,5,1653.91,4.3,2024-09-12
2775,Customer_1689,Pizza Hut,Fast Food,Sri Lanka,10,4996.29,2.8,2025-11-30
2776,Customer_2600,KFC,Burger,Australia,7,4227.06,1.2,2024-11-27
2777,Customer_510,Pizza Hut,Pizza,Sri Lanka,3,2706.87,1.9,2025-01-17
2778,Customer_585,Dominos,Sandwich,India,7,1104.44,4.4,2024-09-27
2779,Customer_420,Burger King,Burger,Australia,8,1022.27,4.0,2026-06-12
2780,Customer_2425,Burger King,Pizza,Sri Lanka,10,2352.93,4.2,2024-08-23
2781,Customer_2029,Dominos,Burger,Sri Lanka,10,1281.65,3.0,2025-03-04
2782,Customer_1140,Subway,Sandwich,Australia,6,3894.79,2.4,2026-02-20
2783,Customer_2896,KFC,Burger,Singapore,3,4306.36,1.5,2026-05-26
2784,Customer_806,Pizza Hut,Sandwich,Sri Lanka,2,3909.02,4.4,2024-09-29
2785,Customer_1110,Pizza Hut,Pizza,Australia,4,3157.91,4.0,2026-04-20
2786,Customer_2078,Dominos,Pizza,Singapore,8,3433.55,2.4,2024-03-07
2787,Customer_912,KFC,Pizza,Singapore,5,3924.41,2.8,2025-06-08
2788,Customer_1029,Pizza Hut,Pizza,Sri Lanka,10,556.05,4.7,2026-04-29
2789,Customer_791,Subway,Sandwich,Sri Lanka,3,2952.28,2.6,2024-12-23
2790,Customer_1084,KFC,Fast Food,Australia,2,3448.44,1.7,2024-12-23
2791,Customer_953,Pizza Hut,Fast Food,Australia,8,2578.21,1.0,2026-06-09
2792,Customer_1145,Pizza Hut,Fast Food,Sri Lanka,8,3602.6,4.4,2026-02-15
2793,Customer_409,Subway,Pizza,India,5,2170.54,4.1,2024-10-05
2794,Customer_2257,Pizza Hut,Fast Food,Singapore,10,1893.05,4.8,2026-05-10
2795,Customer_591,Burger King,Sandwich,Sri Lanka,10,3785.85,3.2,2024-05-27
2796,Customer_1597,Burger King,Sandwich,India,3,1298.55,1.3,2024-06-03
2797,Customer_1223,KFC,Pizza,Australia,1,1692.57,4.6,2025-05-22
2798,Customer_2759,KFC,Pizza,Singapore,2,985.47,4.3,2025-10-23
2799,Customer_146,KFC,Burger,Singapore,9,2442.3,3.8,2024-02-22
2800,Customer_206,Dominos,Fast Food,India,9,2297.1,3.8,2024-08-08
2801,Customer_230,KFC,Fast Food,Sri Lanka,10,2008.5,4.2,2024-06-22
2802,Customer_1697,KFC,Fast Food,Australia,4,2341.72,3.2,2025-02-04
2803,Customer_41,Burger King,Sandwich,Singapore,10,1908.45,1.2,2024-02-01
2804,Customer_997,KFC,Burger,Sri Lanka,1,4093.39,1.9,2025-05-21
2805,Customer_367,KFC,Fast Food,Singapore,3,1221.11,1.4,2025-04-17
2806,Customer_1560,Subway,Fast Food,Singapore,2,3447.89,3.0,2025-07-07
2807,Customer_492,Pizza Hut,Burger,Australia,5,3845.67,4.2,2024-07-09
2808,Customer_455,Subway,Pizza,Sri Lanka,8,4254.06,2.8,2025-05-22
2809,Customer_1004,Dominos,Fast Food,India,4,3918.09,2.2,2024-11-09
2810,Customer_540,KFC,Burger,India,2,3415.76,1.1,2026-03-16
2811,Customer_742,KFC,Burger,Sri Lanka,3,4794.57,4.7,2024-12-16
2812,Customer_2992,Pizza Hut,Burger,Australia,8,4090.26,2.9,2025-11-11
2813,Customer_1540,Subway,Fast Food,India,3,2393.0,3.5,2024-07-03
2814,Customer_387,KFC,Pizza,Singapore,7,855.06,2.9,2024-11-19
2815,Customer_1230,Subway,Fast Food,India,5,4766.08,4.3,2026-04-17
2816,Customer_2394,Subway,Burger,Sri Lanka,7,666.75,1.4,2025-01-02
2817,Customer_2734,Pizza Hut,Burger,Sri Lanka,3,4124.4,3.2,2025-08-11
2818,Customer_2880,Burger King,Sandwich,Australia,8,3002.01,4.2,2025-02-18
2819,Customer_2763,Dominos,Pizza,India,8,2207.16,1.2,2025-06-10
2820,Customer_2049,Subway,Burger,Australia,8,1664.68,3.0,2024-01-10
2821,Customer_1796,Subway,Fast Food,Sri Lanka,10,646.38,2.2,2024-08-24
2822,Customer_2324,KFC,Fast Food,Singapore,5,696.25,2.6,2026-05-16
2823,Customer_2975,Subway,Pizza,Singapore,10,4828.76,3.5,2026-01-24
2824,Customer_809,Burger King,Pizza,Australia,9,1710.57,2.7,2026-05-03
2825,Customer_161,Subway,Pizza,Sri Lanka,4,3083.38,3.1,2025-04-04
2826,Customer_1124,Dominos,Pizza,India,1,1256.78,5.0,2024-11-22
2827,Customer_2978,Dominos,Pizza,Sri Lanka,6,4561.98,1.0,2024-07-23
2828,Customer_893,Pizza Hut,Fast Food,Sri Lanka,1,2968.45,2.5,2024-08-01
2829,Customer_1195,Dominos,Sandwich,India,10,1000.53,1.0,2026-03-23
2830,Customer_2135,Subway,Fast Food,Sri Lanka,5,1036.0,4.2,2025-06-12
2831,Customer_2375,Pizza Hut,Sandwich,India,4,1124.89,3.0,2024-01-24
2832,Customer_2384,Subway,Sandwich,Sri Lanka,7,540.08,4.2,2025-04-12
2833,Customer_1230,Subway,Fast Food,Singapore,8,4999.89,2.6,2024-12-10
2834,Customer_208,Pizza Hut,Burger,India,4,2455.53,4.6,2024-02-11
2835,Customer_1001,Dominos,Fast Food,Sri Lanka,9,4470.71,2.3,2026-01-10
2836,Customer_2475,Subway,Burger,Australia,6,2755.62,4.0,2025-11-09
2837,Customer_1266,KFC,Fast Food,India,5,4122.14,3.7,2026-04-04
2838,Customer_1487,KFC,Burger,India,5,2357.93,1.1,2024-03-11
2839,Customer_1537,Subway,Burger,Australia,10,4507.57,2.1,2024-11-25
2840,Customer_1770,Dominos,Pizza,Sri Lanka,2,763.52,1.6,2025-02-18
2841,Customer_2954,Pizza Hut,Pizza,Sri Lanka,9,1184.93,1.6,2025-10-21
2842,Customer_2103,Dominos,Burger,Sri Lanka,3,4824.38,2.6,2024-08-15
2843,Customer_2175,Burger King,Fast Food,Singapore,5,3599.72,4.6,2024-02-04
2844,Customer_932,Burger King,Pizza,Singapore,5,1218.96,4.7,2025-04-23
2845,Customer_1862,Pizza Hut,Fast Food,Australia,2,1217.62,1.4,2024-12-18
2846,Customer_2294,KFC,Burger,Sri Lanka,9,1022.88,2.7,2026-03-01
2847,Customer_2574,KFC,Burger,Australia,10,580.55,3.7,2024-03-12
2848,Customer_469,Pizza Hut,Fast Food,Singapore,10,1278.02,1.2,2025-02-11
2849,Customer_1673,Pizza Hut,Fast Food,Sri Lanka,3,3027.01,3.1,2025-03-12
2850,Customer_355,Pizza Hut,Fast Food,India,4,4926.24,1.5,2025-04-14
2851,Customer_2569,Dominos,Fast Food,Australia,2,1062.92,3.6,2026-01-22
2852,Customer_2181,Burger King,Fast Food,Singapore,7,2458.52,2.3,2024-09-27
2853,Customer_2993,Burger King,Burger,Singapore,1,4867.9,2.2,2026-04-14
2854,Customer_592,Dominos,Sandwich,India,5,2222.69,4.9,2024-06-30
2855,Customer_2548,Pizza Hut,Burger,India,1,2146.78,3.9,2024-04-19
2856,Customer_2564,KFC,Burger,Singapore,3,1667.63,2.4,2026-03-28
2857,Customer_341,Dominos,Sandwich,India,3,4730.91,4.0,2025-03-07
2858,Customer_2783,KFC,Sandwich,India,7,2538.78,1.0,2026-02-06
2859,Customer_1714,Dominos,Burger,Singapore,3,4351.67,2.1,2025-02-05
2860,Customer_2546,Dominos,Sandwich,Singapore,9,4353.17,2.1,2024-03-19
2861,Customer_1202,Dominos,Sandwich,Sri Lanka,3,3101.81,3.6,2025-09-30
2862,Customer_62,Pizza Hut,Sandwich,Sri Lanka,9,1864.89,3.3,2025-01-05
2863,Customer_597,KFC,Pizza,Australia,5,4152.63,2.2,2024-11-04
2864,Customer_2974,Dominos,Sandwich,India,2,1178.67,2.3,2024-11-10
2865,Customer_1773,Burger King,Burger,India,6,1655.5,4.1,2025-10-14
2866,Customer_1638,Burger King,Burger,Sri Lanka,2,954.84,3.8,2024-01-18
2867,Customer_802,Subway,Fast Food,India,8,1620.85,4.4,2025-05-19
2868,Customer_957,Burger King,Pizza,Australia,10,4050.3,3.0,2025-03-15
2869,Customer_2060,KFC,Fast Food,Australia,10,4106.17,3.1,2026-06-03
2870,Customer_1660,Burger King,Fast Food,Australia,2,4174.51,5.0,2025-02-18
2871,Customer_374,KFC,Burger,Australia,4,3454.3,2.1,2024-07-05
2872,Customer_2975,KFC,Pizza,Sri Lanka,2,3687.05,1.2,2026-04-01
2873,Customer_2163,Dominos,Fast Food,India,8,1140.25,3.9,2025-09-17
2874,Customer_2070,Dominos,Fast Food,Sri Lanka,4,1234.2,5.0,2025-10-19
2875,Customer_431,Subway,Sandwich,Sri Lanka,2,902.59,2.1,2024-07-25
2876,Customer_860,Burger King,Sandwich,Sri Lanka,4,981.22,3.8,2024-01-14
2877,Customer_406,Subway,Sandwich,Singapore,1,4013.03,1.4,2026-02-04
2878,Customer_1590,KFC,Burger,Sri Lanka,9,1662.67,3.3,2025-10-07
2879,Customer_2606,Dominos,Burger,Australia,1,3329.09,1.3,2024-10-18
2880,Customer_1396,KFC,Burger,India,2,601.85,4.7,2025-03-24
2881,Customer_2165,Dominos,Fast Food,Singapore,3,4007.25,3.4,2025-07-25
2882,Customer_2929,KFC,Sandwich,Sri Lanka,7,976.03,1.1,2024-02-27
2883,Customer_2098,Pizza Hut,Sandwich,India,3,4521.91,3.7,2025-12-07
2884,Customer_2409,Dominos,Burger,Singapore,8,3987.02,3.1,2026-06-19
2885,Customer_1388,KFC,Fast Food,Singapore,7,3018.46,1.4,2025-05-11
2886,Customer_746,Burger King,Fast Food,Australia,6,2594.85,4.9,2024-01-08
2887,Customer_61,KFC,Burger,Australia,4,4092.81,1.5,2024-02-02
2888,Customer_1619,KFC,Pizza,Sri Lanka,7,3132.86,4.2,2026-06-16
2889,Customer_2468,Dominos,Burger,Singapore,5,2292.85,2.9,2025-01-28
2890,Customer_1813,Burger King,Fast Food,Singapore,10,3605.42,2.0,2025-02-02
2891,Customer_1494,KFC,Fast Food,Australia,1,3811.1,4.4,2026-05-20
2892,Customer_595,Dominos,Fast Food,Sri Lanka,8,4674.85,1.9,2024-11-01
2893,Customer_191,Subway,Burger,India,5,4318.41,3.8,2025-01-07
2894,Customer_461,Subway,Pizza,India,5,2938.23,2.2,2025-12-12
2895,Customer_903,Pizza Hut,Fast Food,Australia,2,3823.66,3.4,2024-03-08
2896,Customer_306,Pizza Hut,Burger,India,1,1163.12,2.5,2026-04-08
2897,Customer_1545,Dominos,Burger,Singapore,5,2319.26,4.2,2024-03-13
2898,Customer_2736,Subway,Burger,India,5,2974.78,1.4,2024-08-24
2899,Customer_70,Pizza Hut,Burger,Singapore,7,1668.1,5.0,2024-11-29
2900,Customer_2071,Subway,Sandwich,Sri Lanka,6,2626.06,3.2,2025-05-17
2901,Customer_456,KFC,Fast Food,Singapore,8,1982.82,1.4,2024-11-24
2902,Customer_2426,Burger King,Sandwich,Sri Lanka,6,2130.26,1.6,2024-08-27
2903,Customer_2620,Pizza Hut,Sandwich,India,4,3804.58,1.1,2026-05-24
2904,Customer_1199,Dominos,Burger,Australia,7,3979.24,2.9,2024-10-29
2905,Customer_1467,Pizza Hut,Sandwich,Sri Lanka,1,2573.12,1.2,2024-02-07
2906,Customer_1900,Pizza Hut,Burger,Singapore,5,3896.14,2.9,2025-05-27
2907,Customer_942,Dominos,Fast Food,India,2,2690.04,2.2,2025-10-18
2908,Customer_2172,Pizza Hut,Pizza,Singapore,5,4196.02,4.4,2024-08-21
2909,Customer_1329,Dominos,Pizza,Singapore,1,1228.99,1.7,2025-05-30
2910,Customer_1616,Subway,Sandwich,India,8,1336.71,3.1,2024-09-22
2911,Customer_188,Dominos,Sandwich,Singapore,5,1112.48,2.8,2024-11-03
2912,Customer_2799,KFC,Pizza,Singapore,2,4368.5,3.8,2025-01-21
2913,Customer_853,Subway,Sandwich,Singapore,7,3612.33,2.4,2024-12-12
2914,Customer_893,Subway,Sandwich,Singapore,10,734.53,4.6,2024-05-08
2915,Customer_124,Burger King,Sandwich,India,3,758.9,2.3,2025-12-11
2916,Customer_964,Burger King,Fast Food,Australia,1,3592.87,4.8,2025-01-14
2917,Customer_594,Dominos,Pizza,Singapore,2,4806.47,2.3,2025-09-10
2918,Customer_1841,Dominos,Burger,Sri Lanka,6,1363.33,3.6,2026-05-24
2919,Customer_1686,Dominos,Fast Food,Singapore,9,3179.2,2.9,2024-11-25
2920,Customer_1389,Burger King,Burger,India,7,4327.42,3.3,2025-12-28
2921,Customer_114,KFC,Burger,India,3,2645.86,4.4,2026-06-02
2922,Customer_534,Dominos,Pizza,India,1,3677.75,1.7,2026-02-06
2923,Customer_604,Dominos,Fast Food,Sri Lanka,2,4261.62,4.3,2025-10-20
2924,Customer_2008,Dominos,Fast Food,Singapore,2,2403.2,1.2,2025-10-28
2925,Customer_646,Subway,Burger,Sri Lanka,5,1706.92,3.2,2024-10-28
2926,Customer_2267,KFC,Fast Food,Australia,3,4729.99,4.3,2025-08-13
2927,Customer_33,KFC,Pizza,India,1,4543.2,4.0,2025-08-15
2928,Customer_2252,Pizza Hut,Fast Food,Australia,3,3553.74,2.1,2025-08-05
2929,Customer_318,Pizza Hut,Sandwich,Sri Lanka,2,2527.6,4.5,2026-04-28
2930,Customer_80,KFC,Fast Food,Singapore,4,2505.42,4.1,2026-02-16
2931,Customer_2807,Pizza Hut,Fast Food,Australia,10,1392.28,1.7,2024-12-16
2932,Customer_1880,KFC,Burger,Australia,7,3099.07,4.4,2026-05-05
2933,Customer_1805,KFC,Burger,Singapore,7,4905.0,4.7,2026-06-02
2934,Customer_2212,KFC,Fast Food,Singapore,6,1670.49,1.6,2024-01-06
2935,Customer_2523,Subway,Burger,Sri Lanka,10,1485.43,3.4,2024-12-24
2936,Customer_1893,KFC,Sandwich,India,9,4375.31,1.6,2024-05-10
2937,Customer_483,Dominos,Pizza,Australia,1,1843.09,4.1,2025-08-09
2938,Customer_1759,Pizza Hut,Pizza,Singapore,7,2536.53,3.6,2026-04-16
2939,Customer_704,Dominos,Pizza,Australia,6,4897.54,3.4,2026-04-23
2940,Customer_2554,Subway,Burger,Sri Lanka,8,3752.54,3.0,2024-09-28
2941,Customer_1782,Burger King,Fast Food,Singapore,8,4971.73,4.0,2025-07-13
2942,Customer_89,KFC,Fast Food,Sri Lanka,2,3042.7,4.4,2026-05-16
2943,Customer_2438,Pizza Hut,Pizza,India,2,4568.53,4.1,2024-06-24
2944,Customer_976,Subway,Fast Food,Australia,5,2939.96,4.7,2024-11-02
2945,Customer_923,KFC,Pizza,Australia,4,1612.7,1.7,2025-08-21
2946,Customer_1003,Burger King,Fast Food,Sri Lanka,3,4143.14,4.6,2024-06-20
2947,Customer_1358,Burger King,Fast Food,Sri Lanka,10,4481.31,1.9,2026-04-04
2948,Customer_1162,Burger King,Fast Food,India,7,3114.03,4.3,2024-12-11
2949,Customer_2295,Burger King,Pizza,India,4,1367.37,1.6,2026-04-07
2950,Customer_1009,Dominos,Pizza,Singapore,3,532.59,3.1,2026-05-20
2951,Customer_2312,Subway,Pizza,Sri Lanka,3,4242.44,4.2,2024-12-21
2952,Customer_1107,Pizza Hut,Pizza,Sri Lanka,8,4010.34,4.0,2026-02-09
2953,Customer_1283,Subway,Pizza,Sri Lanka,2,1141.89,4.9,2025-02-06
2954,Customer_812,Pizza Hut,Sandwich,Singapore,5,3145.99,2.1,2025-02-15
2955,Customer_61,Dominos,Pizza,Australia,2,3048.61,4.6,2024-03-08
2956,Customer_2549,Pizza Hut,Pizza,India,7,2508.52,3.8,2024-12-16
2957,Customer_1973,Burger King,Pizza,Singapore,3,4748.69,4.4,2024-04-12
2958,Customer_1940,Burger King,Pizza,Singapore,5,2223.93,4.6,2024-10-07
2959,Customer_2873,Pizza Hut,Sandwich,Sri Lanka,8,4138.93,1.9,2024-05-25
2960,Customer_2340,Subway,Pizza,Australia,6,4435.52,2.1,2024-01-05
2961,Customer_681,Pizza Hut,Fast Food,Australia,4,4370.27,2.4,2024-07-14
2962,Customer_386,Burger King,Pizza,India,2,3118.49,1.4,2024-11-21
2963,Customer_2729,Pizza Hut,Sandwich,Singapore,10,2574.48,1.6,2024-08-31
2964,Customer_2480,KFC,Burger,Australia,3,1189.96,1.4,2025-04-22
2965,Customer_968,Burger King,Burger,Sri Lanka,10,1311.5,4.7,2025-07-12
2966,Customer_1240,Subway,Sandwich,Singapore,1,2441.4,3.5,2024-01-08
2967,Customer_2354,KFC,Pizza,India,3,3150.1,4.9,2026-04-29
2968,Customer_1452,Pizza Hut,Burger,Sri Lanka,3,2031.32,3.9,2025-03-16
2969,Customer_1188,Dominos,Burger,Sri Lanka,9,2000.95,3.0,2025-11-12
2970,Customer_1472,Subway,Pizza,India,6,3647.62,3.8,2026-03-14
2971,Customer_553,Dominos,Pizza,Sri Lanka,9,1697.56,2.9,2025-05-04
2972,Customer_2395,KFC,Burger,Australia,4,4380.19,3.6,2025-11-05
2973,Customer_1529,Pizza Hut,Sandwich,India,9,1215.61,1.7,2024-11-22
2974,Customer_36,Pizza Hut,Pizza,Australia,7,1256.01,4.5,2024-12-24
2975,Customer_1832,KFC,Sandwich,India,10,3922.16,4.5,2024-11-03
2976,Customer_53,Pizza Hut,Pizza,India,4,4649.26,1.3,2025-10-23
2977,Customer_2349,KFC,Fast Food,Sri Lanka,10,3659.75,2.7,2025-08-06
2978,Customer_2842,Dominos,Fast Food,India,7,2293.26,2.0,2024-06-23
2979,Customer_1404,Pizza Hut,Burger,Singapore,4,1333.0,2.9,2026-04-30
2980,Customer_2651,Pizza Hut,Fast Food,India,10,836.92,3.9,2024-10-18
2981,Customer_2355,KFC,Pizza,Australia,4,2924.34,1.7,2024-03-27
2982,Customer_1221,Dominos,Fast Food,Sri Lanka,10,1499.87,4.4,2024-06-13
2983,Customer_192,Dominos,Fast Food,India,8,2686.34,1.1,2025-12-12
2984,Customer_1151,Dominos,Fast Food,Singapore,1,2633.01,2.7,2025-02-13
2985,Customer_1602,Burger King,Pizza,Australia,1,566.26,2.3,2024-05-12
2986,Customer_711,KFC,Burger,Singapore,2,2501.12,2.7,2025-04-19
2987,Customer_914,Pizza Hut,Pizza,India,7,1016.0,3.6,2024-05-30
2988,Customer_2529,Burger King,Burger,Sri Lanka,7,1848.52,4.8,2026-03-22
2989,Customer_407,Dominos,Burger,Australia,5,1023.37,4.0,2026-01-02
2990,Customer_732,Dominos,Sandwich,Singapore,9,2129.06,4.8,2025-04-15
2991,Customer_130,Dominos,Pizza,Australia,10,1815.43,3.5,2026-02-09
2992,Customer_1137,Dominos,Fast Food,Singapore,6,4362.57,1.4,2024-02-16
2993,Customer_1808,Pizza Hut,Fast Food,Singapore,10,3269.73,1.8,2025-07-17
2994,Customer_2857,KFC,Fast Food,India,5,3021.63,2.8,2024-11-02
2995,Customer_1095,Pizza Hut,Sandwich,India,4,1709.01,2.7,2024-09-30
2996,Customer_805,Subway,Sandwich,Australia,8,3066.23,5.0,2024-12-09
2997,Customer_1471,Burger King,Burger,India,7,4289.3,1.5,2024-06-18
2998,Customer_2326,Pizza Hut,Burger,Singapore,3,1390.37,2.7,2025-07-26
2999,Customer_1091,Pizza Hut,Fast Food,Sri Lanka,10,2025.07,3.0,2025-12-24
3000,Customer_2564,Burger King,Sandwich,Australia,3,911.17,3.9,2024-12-11
3001,Customer_1316,Subway,Fast Food,Sri Lanka,10,4014.56,2.9,2024-08-28
3002,Customer_1073,Dominos,Fast Food,Australia,8,4308.93,3.5,2024-03-20
3003,Customer_385,Burger King,Pizza,Singapore,9,4802.83,3.1,2026-01-24
3004,Customer_870,Dominos,Fast Food,Singapore,7,870.59,4.0,2024-10-09
3005,Customer_2670,Burger King,Sandwich,Australia,7,4320.86,1.5,2026-05-13
3006,Customer_1589,KFC,Sandwich,Sri Lanka,6,3466.05,4.5,2026-06-16
3007,Customer_2128,Burger King,Fast Food,Sri Lanka,3,2537.65,4.7,2024-03-30
3008,Customer_2363,Pizza Hut,Fast Food,Australia,6,684.54,2.8,2024-06-19
3009,Customer_2303,Dominos,Fast Food,Australia,4,2135.03,4.0,2026-05-11
3010,Customer_137,Burger King,Fast Food,India,4,2498.93,4.7,2025-03-14
3011,Customer_2086,KFC,Pizza,Sri Lanka,7,2673.71,2.8,2025-08-29
3012,Customer_92,Dominos,Sandwich,Sri Lanka,9,4698.57,1.7,2024-08-04
3013,Customer_1723,Dominos,Sandwich,Australia,2,3264.39,4.1,2024-07-06
3014,Customer_2082,Subway,Sandwich,Australia,4,2760.72,2.3,2025-04-07
3015,Customer_192,Dominos,Sandwich,India,10,2366.2,2.2,2025-09-04
3016,Customer_693,Subway,Sandwich,Singapore,1,3838.51,2.3,2026-04-12
3017,Customer_1322,Pizza Hut,Burger,India,3,4227.96,3.8,2025-10-14
3018,Customer_1075,Subway,Sandwich,Sri Lanka,9,4389.43,3.7,2024-03-01
3019,Customer_122,Dominos,Sandwich,India,3,4275.21,4.1,2025-03-29
3020,Customer_668,Subway,Fast Food,Singapore,4,4745.77,3.3,2025-02-15
3021,Customer_2085,Subway,Fast Food,India,8,1039.99,1.6,2024-06-30
3022,Customer_1323,KFC,Pizza,Singapore,2,2558.94,4.7,2025-12-20
3023,Customer_2187,Dominos,Burger,Australia,3,2323.51,2.2,2024-01-07
3024,Customer_845,Subway,Pizza,Sri Lanka,4,4809.39,2.2,2024-01-31
3025,Customer_2464,Pizza Hut,Fast Food,Australia,6,3987.89,3.4,2025-10-17
3026,Customer_1842,Pizza Hut,Sandwich,India,2,3276.19,4.3,2025-03-04
3027,Customer_778,Pizza Hut,Burger,Australia,10,2887.26,4.8,2025-03-25
3028,Customer_951,Subway,Burger,India,1,3638.19,4.1,2024-10-05
3029,Customer_2779,Pizza Hut,Sandwich,Sri Lanka,7,2621.64,4.4,2025-12-11
3030,Customer_1583,Dominos,Burger,India,2,2046.83,3.6,2024-01-06
3031,Customer_213,Pizza Hut,Sandwich,Australia,10,4644.54,3.6,2025-08-16
3032,Customer_2679,Subway,Fast Food,Australia,1,1398.71,2.8,2026-05-20
3033,Customer_469,Dominos,Fast Food,India,7,3338.65,1.2,2024-02-17
3034,Customer_197,KFC,Fast Food,Sri Lanka,9,3382.8,4.5,2026-06-19
3035,Customer_269,Dominos,Pizza,Singapore,3,2879.11,3.4,2026-05-29
3036,Customer_2254,KFC,Burger,Australia,9,1968.12,4.8,2025-02-28
3037,Customer_79,Dominos,Pizza,Australia,10,1327.33,3.6,2025-11-07
3038,Customer_1129,Pizza Hut,Fast Food,Singapore,9,509.82,4.7,2025-10-08
3039,Customer_461,Subway,Sandwich,Sri Lanka,3,4099.14,2.6,2025-12-02
3040,Customer_64,Subway,Fast Food,India,1,1580.48,1.5,2024-05-15
3041,Customer_2604,KFC,Sandwich,India,5,1762.75,1.9,2024-02-28
3042,Customer_2437,Dominos,Pizza,Australia,6,4992.44,3.7,2026-04-02
3043,Customer_1985,Pizza Hut,Fast Food,India,1,3811.03,2.2,2026-06-15
3044,Customer_2695,KFC,Burger,India,6,1467.27,3.4,2025-11-08
3045,Customer_369,KFC,Pizza,Singapore,6,1618.9,1.7,2025-08-22
3046,Customer_2335,Dominos,Sandwich,Sri Lanka,4,3245.2,3.6,2024-09-29
3047,Customer_4,KFC,Burger,India,7,1932.1,4.4,2025-04-04
3048,Customer_1263,Pizza Hut,Burger,Australia,4,3642.81,2.7,2025-12-07
3049,Customer_325,Subway,Sandwich,Australia,5,3558.51,4.9,2025-05-28
3050,Customer_1639,Burger King,Pizza,Sri Lanka,6,4434.25,3.3,2026-06-13
3051,Customer_1019,Subway,Burger,Australia,7,2350.01,5.0,2025-05-25
3052,Customer_946,Dominos,Fast Food,Singapore,7,4130.59,3.4,2024-05-10
3053,Customer_2167,Dominos,Burger,Sri Lanka,3,2177.75,2.2,2025-10-01
3054,Customer_1985,KFC,Pizza,Sri Lanka,5,1336.98,3.1,2026-04-16
3055,Customer_680,Dominos,Pizza,Sri Lanka,7,2376.29,1.3,2024-07-07
3056,Customer_2332,Subway,Sandwich,India,4,4516.43,2.5,2025-04-09
3057,Customer_2461,KFC,Pizza,India,6,3881.73,3.9,2025-08-27
3058,Customer_1638,Subway,Sandwich,Singapore,8,3249.12,2.5,2026-06-04
3059,Customer_1777,Pizza Hut,Burger,Sri Lanka,4,1646.63,1.7,2026-03-10
3060,Customer_1031,Subway,Pizza,Sri Lanka,6,1400.64,3.1,2025-06-19
3061,Customer_2456,Pizza Hut,Pizza,India,7,544.3,1.0,2024-07-13
3062,Customer_1187,Burger King,Fast Food,Singapore,7,1160.57,3.5,2024-03-09
3063,Customer_276,Burger King,Pizza,Sri Lanka,5,3789.9,3.3,2026-02-03
3064,Customer_1231,Pizza Hut,Fast Food,India,9,4151.87,3.0,2024-08-10
3065,Customer_2604,Subway,Sandwich,India,1,3161.47,3.2,2024-06-04
3066,Customer_1341,Dominos,Burger,India,3,1835.83,1.0,2025-10-21
3067,Customer_2906,KFC,Fast Food,India,4,2015.75,1.9,2025-09-27
3068,Customer_1985,Dominos,Sandwich,Sri Lanka,10,4744.75,3.2,2025-08-06
3069,Customer_1642,KFC,Fast Food,Australia,7,2902.77,4.5,2025-09-27
3070,Customer_1941,Burger King,Pizza,Sri Lanka,8,3270.59,2.6,2024-03-28
3071,Customer_1764,Subway,Burger,Singapore,3,3909.63,3.6,2025-06-22
3072,Customer_2630,Burger King,Fast Food,Australia,4,4079.31,2.2,2026-01-20
3073,Customer_494,KFC,Burger,India,2,3454.92,2.9,2024-09-20
3074,Customer_1294,Dominos,Fast Food,Sri Lanka,1,2732.9,3.0,2025-09-25
3075,Customer_695,Pizza Hut,Sandwich,Australia,1,1515.9,1.3,2025-10-19
3076,Customer_2717,KFC,Fast Food,India,6,4249.97,4.0,2025-08-12
3077,Customer_2448,Pizza Hut,Pizza,Singapore,4,1444.85,1.2,2025-08-20
3078,Customer_2998,KFC,Burger,Australia,5,4309.83,2.1,2024-11-01
3079,Customer_1,Burger King,Sandwich,Singapore,1,2497.69,4.8,2025-09-15
3080,Customer_528,KFC,Burger,Sri Lanka,1,3613.23,2.9,2025-03-01
3081,Customer_313,Subway,Fast Food,Singapore,1,4898.56,3.8,2024-11-25
3082,Customer_1464,Pizza Hut,Sandwich,India,3,4387.45,3.4,2026-05-23
3083,Customer_1098,Burger King,Sandwich,India,5,666.68,4.3,2024-03-21
3084,Customer_1451,Subway,Fast Food,Australia,6,2950.74,1.3,2025-07-25
3085,Customer_391,Burger King,Sandwich,Australia,5,3732.41,3.5,2026-01-24
3086,Customer_1499,KFC,Fast Food,Singapore,1,3409.76,4.3,2025-11-16
3087,Customer_208,Burger King,Fast Food,India,1,3725.71,2.3,2024-01-03
3088,Customer_481,Subway,Burger,Sri Lanka,4,3218.93,4.2,2024-11-15
3089,Customer_613,KFC,Fast Food,Sri Lanka,4,3148.55,2.6,2025-07-13
3090,Customer_2996,Pizza Hut,Pizza,Australia,9,2996.07,3.7,2024-06-13
3091,Customer_2574,Pizza Hut,Sandwich,Sri Lanka,3,2262.84,1.6,2024-10-12
3092,Customer_1385,Pizza Hut,Sandwich,Australia,7,3691.82,1.8,2025-12-15
3093,Customer_2959,KFC,Burger,Singapore,3,1400.39,4.7,2024-07-27
3094,Customer_1919,Burger King,Burger,Sri Lanka,9,4585.47,4.6,2025-09-11
3095,Customer_1770,Dominos,Fast Food,Singapore,1,3184.61,1.2,2026-02-19
3096,Customer_2932,Pizza Hut,Fast Food,Australia,4,854.87,1.8,2025-11-26
3097,Customer_595,Dominos,Sandwich,Sri Lanka,2,2008.79,2.1,2026-05-26
3098,Customer_2298,Pizza Hut,Burger,India,7,1584.36,3.6,2024-12-12
3099,Customer_2434,Dominos,Fast Food,Australia,8,4094.24,3.7,2024-04-24
3100,Customer_602,Pizza Hut,Burger,India,10,4572.43,3.7,2024-06-11
3101,Customer_1956,Burger King,Burger,Australia,5,2661.11,3.8,2025-05-02
3102,Customer_233,Subway,Pizza,India,2,2497.07,1.3,2026-03-19
3103,Customer_301,Subway,Burger,India,10,1725.35,4.5,2025-02-03
3104,Customer_1588,Dominos,Pizza,Singapore,3,1616.89,3.8,2025-05-12
3105,Customer_1540,Pizza Hut,Burger,India,1,1120.41,2.5,2025-08-13
3106,Customer_2190,Burger King,Fast Food,India,6,2687.73,3.2,2026-01-27
3107,Customer_25,KFC,Sandwich,Singapore,1,1987.9,4.3,2025-04-04
3108,Customer_969,Pizza Hut,Sandwich,Singapore,4,2452.88,1.0,2025-02-06
3109,Customer_530,Subway,Fast Food,Singapore,5,4268.39,3.5,2024-02-15
3110,Customer_495,Pizza Hut,Pizza,Sri Lanka,10,1032.2,1.7,2025-08-24
3111,Customer_972,Pizza Hut,Pizza,Australia,3,604.87,2.0,2026-04-04
3112,Customer_2821,KFC,Sandwich,Australia,10,2603.71,3.4,2024-06-10
3113,Customer_460,Subway,Pizza,Singapore,1,722.93,3.9,2024-08-24
3114,Customer_177,KFC,Sandwich,Australia,8,4705.0,3.6,2025-03-16
3115,Customer_1120,Subway,Pizza,Sri Lanka,6,1786.23,3.2,2024-09-20
3116,Customer_1154,Burger King,Burger,India,9,907.53,3.2,2025-09-11
3117,Customer_2299,Pizza Hut,Sandwich,Australia,6,2882.27,2.1,2025-10-07
3118,Customer_1160,Burger King,Sandwich,Singapore,3,4401.3,3.4,2026-05-09
3119,Customer_1520,KFC,Fast Food,Singapore,10,2727.69,2.3,2025-12-03
3120,Customer_1557,Pizza Hut,Pizza,Singapore,2,4148.87,4.4,2025-02-21
3121,Customer_2220,Dominos,Fast Food,Singapore,1,1833.5,4.5,2024-11-13
3122,Customer_1727,Dominos,Fast Food,India,4,2089.94,5.0,2024-06-06
3123,Customer_2065,Burger King,Fast Food,Sri Lanka,6,4797.02,3.7,2025-01-09
3124,Customer_1808,KFC,Fast Food,Singapore,8,4140.33,2.3,2024-03-10
3125,Customer_1421,Subway,Sandwich,Sri Lanka,6,1080.27,2.0,2024-02-25
3126,Customer_857,KFC,Burger,Australia,8,3052.25,1.2,2024-03-17
3127,Customer_1083,Burger King,Pizza,Sri Lanka,6,3624.78,5.0,2025-01-19
3128,Customer_2391,Pizza Hut,Burger,Singapore,2,3077.01,3.9,2025-04-23
3129,Customer_2634,Subway,Sandwich,Singapore,5,4314.26,2.6,2026-02-15
3130,Customer_1760,Burger King,Sandwich,Sri Lanka,9,1557.73,4.5,2024-08-07
3131,Customer_2488,Dominos,Burger,Singapore,7,2961.22,1.0,2025-12-31
3132,Customer_1920,Pizza Hut,Pizza,India,8,4314.04,4.2,2025-12-04
3133,Customer_2221,Burger King,Pizza,Sri Lanka,2,3036.48,1.7,2024-03-31
3134,Customer_1475,Dominos,Sandwich,India,4,1353.44,4.3,2025-09-09
3135,Customer_2894,Subway,Sandwich,India,3,1446.5,5.0,2025-12-07
3136,Customer_1185,Burger King,Fast Food,India,9,4647.02,2.3,2025-02-18
3137,Customer_672,Dominos,Sandwich,Singapore,10,4367.6,3.6,2026-02-20
3138,Customer_678,Dominos,Sandwich,India,10,4698.73,1.6,2024-09-21
3139,Customer_2192,Burger King,Pizza,Sri Lanka,3,1572.34,1.7,2026-01-08
3140,Customer_385,Burger King,Fast Food,Sri Lanka,7,3275.81,1.9,2025-08-12
3141,Customer_718,Subway,Burger,Australia,3,1455.88,2.2,2026-03-28
3142,Customer_290,Subway,Pizza,Sri Lanka,8,1991.3,2.3,2025-11-06
3143,Customer_1345,Burger King,Burger,India,7,759.11,4.7,2024-03-27
3144,Customer_1788,Subway,Fast Food,India,9,4817.29,1.5,2024-11-27
3145,Customer_2936,Dominos,Burger,India,4,3530.46,1.7,2024-01-04
3146,Customer_1772,KFC,Pizza,Singapore,8,2603.48,1.9,2026-02-15
3147,Customer_1697,Subway,Fast Food,Singapore,7,4678.61,3.9,2024-03-18
3148,Customer_1815,Pizza Hut,Pizza,Australia,1,1571.18,4.2,2024-01-29
3149,Customer_2517,Burger King,Pizza,Australia,3,3335.79,1.3,2024-12-09
3150,Customer_154,Dominos,Burger,Sri Lanka,3,4540.13,2.1,2026-04-23
3151,Customer_2655,Dominos,Sandwich,Australia,9,1251.52,2.8,2025-11-22
3152,Customer_1521,Subway,Fast Food,Singapore,3,562.07,1.2,2024-05-21
3153,Customer_1659,KFC,Burger,Singapore,5,4756.39,3.9,2025-12-24
3154,Customer_2350,Dominos,Burger,Australia,10,2685.66,3.3,2024-10-16
3155,Customer_2142,KFC,Sandwich,Australia,10,4053.17,2.0,2024-04-16
3156,Customer_2073,Dominos,Fast Food,Australia,6,563.93,2.1,2025-12-24
3157,Customer_2711,KFC,Pizza,Singapore,7,1834.69,1.5,2025-12-20
3158,Customer_912,Subway,Burger,Singapore,2,1088.43,1.6,2026-02-02
3159,Customer_2400,Subway,Fast Food,Sri Lanka,6,3271.63,3.2,2025-07-15
3160,Customer_934,Burger King,Fast Food,Sri Lanka,2,1321.04,2.8,2024-12-13
3161,Customer_2864,KFC,Pizza,India,10,4874.76,3.8,2026-01-29
3162,Customer_2039,Burger King,Pizza,India,6,2289.61,2.8,2024-11-07
3163,Customer_2852,Dominos,Fast Food,India,3,1422.63,3.1,2025-05-31
3164,Customer_2659,Dominos,Fast Food,Australia,9,4876.39,2.2,2025-07-13
3165,Customer_2139,Pizza Hut,Sandwich,Sri Lanka,4,3640.59,2.0,2025-02-01
3166,Customer_1516,Dominos,Burger,Singapore,10,3197.56,4.9,2025-10-19
3167,Customer_1604,Pizza Hut,Burger,Singapore,8,3305.89,3.3,2024-10-04
3168,Customer_1585,KFC,Pizza,Sri Lanka,10,4361.36,2.8,2026-03-26
3169,Customer_1618,Pizza Hut,Fast Food,Sri Lanka,10,4460.26,2.7,2024-07-25
3170,Customer_1642,KFC,Fast Food,Sri Lanka,7,1951.93,4.6,2025-01-28
3171,Customer_1842,Subway,Sandwich,Australia,6,2746.68,4.7,2026-01-20
3172,Customer_1321,Burger King,Burger,Singapore,6,949.44,4.9,2025-02-12
3173,Customer_1927,Dominos,Burger,Sri Lanka,1,735.36,3.1,2024-09-17
3174,Customer_2135,Dominos,Pizza,Australia,1,2108.36,2.7,2024-12-11
3175,Customer_1046,Burger King,Fast Food,India,3,4512.98,4.4,2024-12-27
3176,Customer_282,Subway,Sandwich,Australia,1,1146.74,4.4,2024-09-23
3177,Customer_826,Subway,Sandwich,Singapore,1,2806.51,1.9,2024-07-25
3178,Customer_1925,Pizza Hut,Fast Food,Singapore,1,4812.49,2.6,2024-11-21
3179,Customer_2549,Burger King,Burger,India,4,2807.13,2.6,2024-02-16
3180,Customer_186,Burger King,Fast Food,India,1,4924.04,4.1,2024-06-26
3181,Customer_284,KFC,Burger,Sri Lanka,10,3965.71,3.6,2024-10-11
3182,Customer_2488,Dominos,Sandwich,Singapore,3,4283.15,2.3,2026-04-23
3183,Customer_2275,Burger King,Fast Food,India,6,2251.58,2.1,2024-06-05
3184,Customer_1224,Burger King,Fast Food,Singapore,4,2092.72,4.1,2024-01-14
3185,Customer_2832,Dominos,Burger,Sri Lanka,10,1948.41,3.6,2026-02-08
3186,Customer_2348,Burger King,Fast Food,Australia,10,4227.74,4.0,2024-08-16
3187,Customer_575,Dominos,Fast Food,India,10,1629.39,1.6,2024-02-16
3188,Customer_182,KFC,Fast Food,Australia,9,3202.09,4.1,2026-06-11
3189,Customer_2133,Burger King,Fast Food,Singapore,4,4299.73,1.6,2024-12-06
3190,Customer_395,Subway,Sandwich,Singapore,8,1785.66,2.7,2024-08-20
3191,Customer_2498,Burger King,Fast Food,Australia,2,2810.68,2.7,2025-01-06
3192,Customer_2813,Subway,Pizza,India,1,2753.87,4.0,2024-09-30
3193,Customer_2484,Burger King,Sandwich,Australia,2,3067.48,1.6,2024-05-12
3194,Customer_901,KFC,Sandwich,Sri Lanka,6,3751.57,2.5,2025-10-24
3195,Customer_1147,KFC,Sandwich,Singapore,8,1816.41,3.1,2025-09-29
3196,Customer_1817,KFC,Fast Food,Singapore,7,1318.07,3.4,2024-04-11
3197,Customer_2631,Pizza Hut,Burger,Sri Lanka,9,4654.95,4.2,2025-11-03
3198,Customer_1920,Subway,Pizza,Australia,3,4488.59,4.3,2024-04-02
3199,Customer_1393,Subway,Burger,Singapore,10,2969.42,4.3,2026-04-21
3200,Customer_626,KFC,Pizza,Singapore,3,1490.29,2.9,2025-03-06
3201,Customer_2559,Subway,Fast Food,India,3,1526.0,3.7,2025-04-06
3202,Customer_232,Pizza Hut,Sandwich,Australia,5,4428.14,3.9,2025-08-09
3203,Customer_2613,Dominos,Fast Food,Australia,8,4929.94,3.3,2025-10-04
3204,Customer_1063,Pizza Hut,Sandwich,Singapore,8,1912.82,1.8,2025-12-21
3205,Customer_318,Subway,Fast Food,Singapore,4,2582.46,1.3,2025-06-21
3206,Customer_266,Burger King,Sandwich,Sri Lanka,9,3114.64,2.5,2025-08-20
3207,Customer_2918,Dominos,Pizza,Singapore,9,1445.44,2.1,2025-09-15
3208,Customer_1816,Dominos,Pizza,Sri Lanka,3,4817.68,3.7,2025-06-08
3209,Customer_325,KFC,Pizza,Singapore,2,1311.83,4.7,2025-02-12
3210,Customer_2736,Subway,Fast Food,Australia,2,2962.32,4.2,2026-03-16
3211,Customer_634,Subway,Sandwich,Sri Lanka,9,3951.57,4.3,2024-04-12
3212,Customer_2658,Dominos,Fast Food,Singapore,7,3718.71,4.4,2024-01-28
3213,Customer_151,Pizza Hut,Fast Food,Singapore,10,1093.8,2.9,2025-09-02
3214,Customer_2415,Subway,Pizza,Singapore,9,3230.13,1.9,2024-05-30
3215,Customer_2894,Subway,Sandwich,Australia,10,4559.54,4.7,2024-10-08
3216,Customer_2924,Burger King,Fast Food,Singapore,8,1975.57,3.0,2024-09-05
3217,Customer_2125,KFC,Pizza,Australia,6,3607.33,1.1,2025-02-27
3218,Customer_1812,KFC,Fast Food,India,4,950.68,2.3,2025-05-13
3219,Customer_175,Burger King,Sandwich,Sri Lanka,6,1071.4,1.4,2025-10-09
3220,Customer_2531,Subway,Pizza,Australia,5,1685.33,2.2,2025-05-04
3221,Customer_2202,KFC,Fast Food,Sri Lanka,5,787.51,4.6,2025-06-05
3222,Customer_2669,Pizza Hut,Pizza,India,6,4328.74,1.8,2024-02-22
3223,Customer_1819,Pizza Hut,Burger,Singapore,9,3207.83,4.0,2025-07-02
3224,Customer_2617,Dominos,Sandwich,Singapore,9,740.47,4.5,2025-08-19
3225,Customer_2617,Burger King,Burger,Australia,7,2805.7,2.1,2024-08-25
3226,Customer_2354,Burger King,Fast Food,India,7,3765.33,2.7,2025-04-29
3227,Customer_89,Pizza Hut,Sandwich,India,3,3259.2,2.9,2024-11-01
3228,Customer_2043,Subway,Pizza,Sri Lanka,6,3120.31,3.0,2026-02-15
3229,Customer_2894,KFC,Pizza,Singapore,4,970.07,2.6,2025-04-08
3230,Customer_854,Pizza Hut,Pizza,Sri Lanka,6,3016.45,4.7,2025-07-26
3231,Customer_1247,KFC,Pizza,India,3,1850.39,2.5,2025-11-08
3232,Customer_1528,Pizza Hut,Burger,Australia,9,1613.48,2.7,2026-01-24
3233,Customer_99,Dominos,Pizza,Australia,5,4076.19,4.4,2025-02-02
3234,Customer_1043,Dominos,Pizza,Sri Lanka,6,3843.55,3.3,2025-12-27
3235,Customer_1161,Pizza Hut,Sandwich,Australia,10,1017.07,1.3,2025-07-11
3236,Customer_1380,Pizza Hut,Pizza,India,2,2811.29,1.4,2024-01-04
3237,Customer_2261,Pizza Hut,Burger,Sri Lanka,4,4044.81,2.2,2025-08-01
3238,Customer_2735,Dominos,Sandwich,Sri Lanka,10,1648.15,3.2,2024-10-07
3239,Customer_1995,Dominos,Burger,Sri Lanka,3,3161.71,3.9,2025-12-11
3240,Customer_2196,Dominos,Burger,India,4,3967.93,1.1,2024-05-08
3241,Customer_1740,Burger King,Fast Food,Singapore,3,1024.59,4.6,2024-06-04
3242,Customer_1545,Dominos,Sandwich,Sri Lanka,10,3858.15,5.0,2025-03-01
3243,Customer_1784,Pizza Hut,Fast Food,India,6,3859.72,4.7,2025-02-27
3244,Customer_713,Pizza Hut,Pizza,India,3,3560.22,4.9,2024-10-11
3245,Customer_2514,Subway,Fast Food,Sri Lanka,4,3763.39,4.9,2024-10-02
3246,Customer_905,Dominos,Sandwich,Australia,10,3831.66,1.4,2025-07-21
3247,Customer_1853,Subway,Fast Food,Australia,3,3360.49,2.1,2026-06-03
3248,Customer_493,Burger King,Burger,Sri Lanka,10,1238.92,2.0,2025-02-17
3249,Customer_1436,Pizza Hut,Sandwich,Australia,7,4585.85,2.7,2026-05-28
3250,Customer_574,Dominos,Fast Food,Sri Lanka,9,2226.79,3.0,2024-11-10
3251,Customer_1555,KFC,Fast Food,Australia,7,4521.33,3.5,2024-05-11
3252,Customer_2387,KFC,Pizza,Singapore,8,2190.33,4.5,2024-12-30
3253,Customer_380,Burger King,Fast Food,Sri Lanka,4,4672.82,4.9,2026-04-11
3254,Customer_2243,Burger King,Fast Food,India,6,2044.74,3.9,2026-04-13
3255,Customer_1111,Burger King,Burger,Singapore,8,1133.07,3.1,2024-08-01
3256,Customer_937,Subway,Fast Food,Australia,8,3897.63,4.8,2025-07-02
3257,Customer_1036,Burger King,Burger,Singapore,2,2182.06,2.9,2024-03-08
3258,Customer_811,KFC,Burger,Sri Lanka,2,1673.21,4.1,2025-08-17
3259,Customer_2155,Subway,Sandwich,Australia,4,785.87,4.5,2025-04-13
3260,Customer_1186,Pizza Hut,Burger,Australia,4,2483.66,3.6,2024-01-09
3261,Customer_389,Subway,Pizza,Sri Lanka,9,4119.76,3.0,2025-03-11
3262,Customer_410,Subway,Sandwich,India,2,1904.09,3.3,2024-03-02
3263,Customer_378,Pizza Hut,Burger,India,7,2666.21,2.7,2024-11-28
3264,Customer_426,Pizza Hut,Sandwich,Sri Lanka,9,2552.48,1.2,2025-10-08
3265,Customer_1661,Subway,Burger,Singapore,5,1079.93,4.0,2025-11-18
3266,Customer_217,Dominos,Fast Food,India,7,4198.86,3.6,2026-05-09
3267,Customer_2956,Pizza Hut,Burger,Australia,3,3680.28,1.8,2024-09-07
3268,Customer_137,Pizza Hut,Pizza,India,1,1332.59,3.0,2025-02-17
3269,Customer_1374,Burger King,Fast Food,Australia,3,1256.9,4.0,2026-06-14
3270,Customer_1185,KFC,Fast Food,Singapore,7,2661.8,1.4,2024-04-08
3271,Customer_1049,Burger King,Pizza,Sri Lanka,2,4923.97,2.6,2024-03-18
3272,Customer_843,Subway,Pizza,India,3,4337.96,2.1,2024-09-12
3273,Customer_1309,KFC,Pizza,India,3,712.36,2.5,2024-02-02
3274,Customer_113,Pizza Hut,Fast Food,Sri Lanka,2,3911.74,2.0,2025-11-01
3275,Customer_857,KFC,Fast Food,India,4,3387.84,2.5,2024-11-10
3276,Customer_1552,Pizza Hut,Pizza,India,4,3798.22,2.0,2025-06-13
3277,Customer_1687,Burger King,Burger,India,4,1869.26,3.0,2026-05-02
3278,Customer_1221,Subway,Sandwich,Singapore,1,1279.68,3.3,2024-11-01
3279,Customer_1759,KFC,Burger,India,1,3783.57,3.3,2025-03-16
3280,Customer_1014,Dominos,Sandwich,Singapore,4,1745.28,3.3,2024-12-31
3281,Customer_2561,Burger King,Pizza,Singapore,4,2102.95,4.3,2025-10-14
3282,Customer_1371,KFC,Sandwich,Singapore,6,4163.33,3.3,2024-04-04
3283,Customer_1096,Dominos,Sandwich,India,6,4043.9,4.5,2024-03-08
3284,Customer_249,Subway,Sandwich,Singapore,5,973.52,2.9,2025-06-07
3285,Customer_898,KFC,Sandwich,Australia,3,1798.45,2.8,2025-01-13
3286,Customer_1614,Dominos,Burger,India,6,1437.7,3.3,2024-10-04
3287,Customer_2867,Dominos,Pizza,Australia,4,1193.43,1.8,2025-12-06
3288,Customer_1591,Dominos,Pizza,Australia,2,2024.4,1.3,2025-12-25
3289,Customer_1875,Dominos,Pizza,India,6,1721.54,4.8,2025-10-18
3290,Customer_1683,Subway,Burger,Singapore,4,3509.4,1.1,2024-10-20
3291,Customer_415,Dominos,Pizza,Australia,10,2616.75,3.6,2026-03-14
3292,Customer_2493,Subway,Fast Food,Singapore,2,2095.18,1.9,2025-09-22
3293,Customer_342,Pizza Hut,Sandwich,India,8,897.73,2.0,2025-05-27
3294,Customer_853,Dominos,Pizza,Singapore,1,2621.89,1.7,2025-05-24
3295,Customer_17,Pizza Hut,Burger,Singapore,8,4815.17,4.6,2026-04-30
3296,Customer_2278,KFC,Sandwich,Australia,10,1436.03,1.5,2024-01-20
3297,Customer_1170,Dominos,Pizza,Australia,8,2285.87,2.3,2024-05-05
3298,Customer_591,Subway,Pizza,Singapore,5,2050.13,2.6,2024-10-11
3299,Customer_784,Subway,Fast Food,Singapore,3,3866.23,3.3,2026-04-15
3300,Customer_2412,Burger King,Fast Food,India,7,4192.97,2.0,2026-04-05
3301,Customer_2724,Pizza Hut,Fast Food,India,7,3661.32,2.5,2026-05-16
3302,Customer_2324,Dominos,Fast Food,Singapore,8,4953.09,1.1,2024-10-26
3303,Customer_2256,KFC,Pizza,Australia,4,3200.37,1.1,2025-11-29
3304,Customer_441,KFC,Burger,Sri Lanka,2,2306.08,3.9,2025-02-02
3305,Customer_2465,Burger King,Fast Food,Sri Lanka,4,1518.9,2.1,2025-08-04
3306,Customer_883,Dominos,Sandwich,Singapore,4,4806.49,2.1,2024-10-05
3307,Customer_412,Burger King,Fast Food,Australia,2,3777.67,4.8,2026-03-24
3308,Customer_1779,Dominos,Pizza,Sri Lanka,2,4972.89,4.6,2026-06-04
3309,Customer_425,Dominos,Fast Food,Australia,10,3445.04,3.4,2024-04-03
3310,Customer_341,Pizza Hut,Fast Food,Australia,3,4521.34,1.2,2025-11-04
3311,Customer_2302,Dominos,Sandwich,Sri Lanka,7,4621.9,5.0,2025-06-26
3312,Customer_297,Subway,Fast Food,India,5,1149.71,4.8,2026-02-04
3313,Customer_822,Burger King,Burger,Australia,9,1675.1,1.6,2026-02-27
3314,Customer_859,Burger King,Pizza,Sri Lanka,7,776.23,2.9,2024-03-02
3315,Customer_394,Dominos,Fast Food,India,9,2219.71,1.3,2025-11-18
3316,Customer_1969,Pizza Hut,Fast Food,Singapore,2,1414.75,1.5,2026-03-17
3317,Customer_401,Subway,Burger,Sri Lanka,3,1865.55,2.9,2025-12-23
3318,Customer_18,KFC,Fast Food,Australia,2,1036.54,4.4,2026-06-07
3319,Customer_2589,Burger King,Burger,India,8,4702.49,1.3,2025-04-15
3320,Customer_873,Dominos,Sandwich,Australia,8,2212.54,4.4,2025-09-14
3321,Customer_2479,Pizza Hut,Pizza,Sri Lanka,1,4630.87,3.0,2024-07-11
3322,Customer_456,Dominos,Fast Food,Australia,3,1622.77,1.6,2025-09-21
3323,Customer_1164,Pizza Hut,Fast Food,India,2,4640.37,1.9,2024-12-22
3324,Customer_1684,Subway,Sandwich,India,7,798.93,3.2,2024-02-22
3325,Customer_1411,Burger King,Pizza,Australia,3,3909.47,3.0,2026-04-13
3326,Customer_308,Pizza Hut,Pizza,Australia,5,2689.51,4.2,2024-11-15
3327,Customer_1911,Subway,Burger,Australia,7,2256.92,2.1,2025-12-25
3328,Customer_2449,KFC,Fast Food,Sri Lanka,6,976.85,5.0,2025-08-06
3329,Customer_2993,Burger King,Sandwich,Singapore,6,4725.86,4.7,2025-12-18
3330,Customer_1498,Burger King,Burger,India,3,2517.15,3.9,2024-08-01
3331,Customer_640,Dominos,Sandwich,India,6,2322.92,1.1,2025-04-11
3332,Customer_33,Dominos,Fast Food,Sri Lanka,2,1823.27,5.0,2025-01-26
3333,Customer_456,KFC,Fast Food,Singapore,9,3417.27,4.8,2024-10-08
3334,Customer_738,Burger King,Fast Food,Singapore,2,4446.27,1.0,2026-05-31
3335,Customer_1687,Dominos,Fast Food,Australia,2,2686.38,3.1,2025-10-15
3336,Customer_1933,Dominos,Pizza,India,9,3740.52,1.5,2024-01-08
3337,Customer_2702,KFC,Pizza,India,3,2984.96,1.7,2026-06-10
3338,Customer_635,Burger King,Fast Food,Australia,8,1970.34,1.6,2025-07-23
3339,Customer_1467,Subway,Burger,Sri Lanka,1,1728.14,1.2,2024-07-16
3340,Customer_2271,Burger King,Sandwich,Sri Lanka,4,2178.62,4.1,2026-02-08
3341,Customer_473,KFC,Burger,Sri Lanka,6,1374.08,4.9,2025-12-22
3342,Customer_597,KFC,Pizza,Sri Lanka,7,1801.71,3.6,2025-03-29
3343,Customer_1473,Dominos,Fast Food,Singapore,9,1581.19,1.5,2025-11-11
3344,Customer_71,Pizza Hut,Fast Food,Australia,2,3299.27,4.6,2025-07-07
3345,Customer_1350,KFC,Burger,Sri Lanka,10,1998.12,4.0,2025-12-30
3346,Customer_2092,Pizza Hut,Burger,Australia,8,3000.52,4.2,2026-03-16
3347,Customer_2576,KFC,Fast Food,India,2,3387.02,3.7,2024-10-21
3348,Customer_915,Pizza Hut,Sandwich,India,6,2739.75,4.7,2025-09-16
3349,Customer_2910,Pizza Hut,Pizza,Singapore,9,3133.32,1.5,2025-10-19
3350,Customer_399,KFC,Sandwich,Australia,4,4199.09,2.6,2024-05-29
3351,Customer_57,Burger King,Burger,Australia,6,4617.35,4.1,2025-08-12
3352,Customer_2344,Burger King,Fast Food,Australia,3,3091.61,3.9,2025-08-29
3353,Customer_1717,Subway,Sandwich,Sri Lanka,5,2116.79,1.6,2026-05-04
3354,Customer_2226,Dominos,Fast Food,Singapore,2,3775.49,2.6,2025-09-14
3355,Customer_1883,KFC,Pizza,Singapore,5,2170.65,4.6,2025-03-06
3356,Customer_1635,Burger King,Pizza,Singapore,7,919.55,1.9,2024-03-25
3357,Customer_2295,Pizza Hut,Burger,Sri Lanka,3,2109.71,3.5,2025-11-10
3358,Customer_1149,KFC,Sandwich,Singapore,10,3262.01,3.6,2025-06-08
3359,Customer_1630,Burger King,Burger,Australia,8,3982.42,3.0,2026-05-19
3360,Customer_1324,Pizza Hut,Burger,India,4,3847.76,4.6,2024-07-03
3361,Customer_871,Burger King,Fast Food,Sri Lanka,5,860.07,3.8,2024-06-27
3362,Customer_454,Burger King,Burger,India,7,3201.59,2.3,2024-11-11
3363,Customer_1292,Dominos,Burger,Sri Lanka,7,1283.53,3.0,2024-12-12
3364,Customer_1552,Pizza Hut,Pizza,Australia,3,2160.15,1.2,2026-04-08
3365,Customer_873,KFC,Pizza,Australia,10,1810.02,1.7,2026-02-20
3366,Customer_339,Burger King,Pizza,Singapore,4,707.41,1.1,2024-08-15
3367,Customer_573,Subway,Sandwich,Singapore,3,4571.69,3.8,2026-04-28
3368,Customer_372,Dominos,Pizza,Sri Lanka,8,1829.71,1.6,2025-09-06
3369,Customer_537,Pizza Hut,Burger,Sri Lanka,7,2588.05,4.7,2024-05-22
3370,Customer_489,Burger King,Pizza,India,7,2221.02,1.8,2024-06-30
3371,Customer_21,Dominos,Pizza,India,6,3881.86,4.9,2026-05-29
3372,Customer_945,Subway,Pizza,Sri Lanka,5,2892.37,4.8,2024-05-04
3373,Customer_32,KFC,Pizza,Sri Lanka,7,928.49,3.3,2025-01-01
3374,Customer_2362,KFC,Pizza,India,6,3285.48,3.0,2024-04-18
3375,Customer_348,Subway,Fast Food,Sri Lanka,1,3407.57,1.7,2025-05-13
3376,Customer_2655,Burger King,Sandwich,Sri Lanka,7,1158.01,4.4,2025-08-18
3377,Customer_2931,Burger King,Sandwich,Sri Lanka,9,3829.83,2.4,2025-01-20
3378,Customer_1267,Pizza Hut,Sandwich,India,4,502.12,4.2,2025-09-06
3379,Customer_2978,KFC,Pizza,India,2,4830.68,3.6,2024-12-18
3380,Customer_1907,Subway,Fast Food,Australia,6,2195.8,2.8,2025-04-24
3381,Customer_1004,Dominos,Fast Food,Sri Lanka,10,1830.69,4.0,2024-10-21
3382,Customer_2776,Subway,Fast Food,Sri Lanka,8,4883.16,2.7,2024-07-19
3383,Customer_2915,Dominos,Burger,Sri Lanka,6,1295.58,2.9,2025-03-06
3384,Customer_1713,Pizza Hut,Pizza,Sri Lanka,10,1220.54,1.3,2026-02-16
3385,Customer_2655,Burger King,Sandwich,Sri Lanka,7,3479.81,4.2,2025-12-18
3386,Customer_246,KFC,Pizza,India,2,3538.28,2.6,2025-10-01
3387,Customer_2241,Dominos,Fast Food,Singapore,8,3346.75,1.8,2025-10-03
3388,Customer_555,KFC,Pizza,Singapore,2,2926.18,3.3,2024-09-08
3389,Customer_566,Dominos,Burger,Australia,7,1493.02,3.0,2024-03-14
3390,Customer_1172,KFC,Burger,India,1,680.19,4.8,2024-03-26
3391,Customer_1858,Burger King,Pizza,India,4,3663.68,1.3,2024-09-07
3392,Customer_1064,Dominos,Burger,Singapore,7,3256.73,1.5,2024-05-26
3393,Customer_2193,Burger King,Fast Food,Singapore,9,1407.67,3.7,2025-05-05
3394,Customer_1403,Subway,Fast Food,Australia,4,4637.07,1.6,2025-02-26
3395,Customer_403,Burger King,Fast Food,Singapore,6,1236.5,2.7,2024-04-06
3396,Customer_754,Dominos,Sandwich,India,6,786.26,1.6,2024-10-26
3397,Customer_1146,Burger King,Burger,India,4,2700.54,4.3,2024-07-06
3398,Customer_1607,Burger King,Sandwich,Singapore,7,1670.8,2.8,2025-11-19
3399,Customer_2412,Dominos,Pizza,India,5,4163.66,3.3,2024-10-27
3400,Customer_1506,Pizza Hut,Fast Food,Australia,7,3314.63,2.3,2025-12-26
3401,Customer_2370,KFC,Sandwich,Australia,7,2902.24,2.3,2025-02-27
3402,Customer_586,Pizza Hut,Sandwich,India,8,4441.17,3.8,2024-04-22
3403,Customer_2447,KFC,Burger,Sri Lanka,10,2483.82,4.1,2024-07-02
3404,Customer_2806,Burger King,Pizza,Sri Lanka,3,3089.88,2.2,2024-09-20
3405,Customer_2691,Burger King,Fast Food,India,3,4043.4,2.2,2026-06-08
3406,Customer_1891,Subway,Fast Food,Australia,6,4876.1,3.9,2025-05-20
3407,Customer_561,Burger King,Fast Food,Australia,1,2565.3,1.8,2025-04-19
3408,Customer_2503,Subway,Pizza,Sri Lanka,5,2537.53,3.7,2025-10-27
3409,Customer_996,KFC,Sandwich,India,1,4669.09,3.8,2024-05-27
3410,Customer_1298,Pizza Hut,Sandwich,Singapore,7,3946.72,2.8,2024-10-03
3411,Customer_808,Dominos,Pizza,India,9,2418.52,1.0,2025-02-08
3412,Customer_567,KFC,Fast Food,Sri Lanka,9,1814.8,4.7,2024-03-09
3413,Customer_1589,Burger King,Pizza,India,4,2402.87,2.8,2024-05-09
3414,Customer_1561,Pizza Hut,Pizza,Singapore,8,3757.02,3.6,2025-08-13
3415,Customer_848,Dominos,Fast Food,Australia,5,3229.65,2.1,2025-12-15
3416,Customer_2456,KFC,Fast Food,Australia,7,1759.69,3.9,2025-03-21
3417,Customer_466,KFC,Pizza,Australia,10,2163.16,4.5,2024-02-23
3418,Customer_882,Burger King,Fast Food,Sri Lanka,2,987.27,2.3,2025-07-31
3419,Customer_450,Dominos,Burger,Sri Lanka,9,4449.99,1.9,2025-02-04
3420,Customer_2088,Subway,Fast Food,Australia,5,3371.26,1.2,2025-06-20
3421,Customer_1114,KFC,Fast Food,Australia,7,2232.33,3.0,2024-03-03
3422,Customer_2815,KFC,Burger,India,9,3354.37,1.4,2024-03-18
3423,Customer_2645,KFC,Sandwich,Australia,8,1938.73,3.0,2025-06-11
3424,Customer_173,Subway,Fast Food,Sri Lanka,7,2823.44,2.3,2024-07-20
3425,Customer_1833,Pizza Hut,Sandwich,Singapore,9,1680.19,1.4,2024-10-15
3426,Customer_153,KFC,Sandwich,Sri Lanka,7,4538.56,3.1,2025-09-14
3427,Customer_2646,KFC,Sandwich,Sri Lanka,7,920.34,2.5,2025-07-26
3428,Customer_1738,Subway,Sandwich,Sri Lanka,2,3059.38,2.9,2025-02-02
3429,Customer_1579,Dominos,Burger,India,4,1219.24,1.3,2026-05-01
3430,Customer_171,Burger King,Fast Food,Australia,9,1433.21,1.8,2026-06-09
3431,Customer_2637,Subway,Fast Food,Australia,7,1972.17,3.8,2024-12-31
3432,Customer_1514,KFC,Burger,India,4,3103.26,3.4,2025-07-12
3433,Customer_2086,KFC,Burger,India,7,2300.81,1.6,2026-02-18
3434,Customer_2869,Dominos,Burger,Sri Lanka,2,3565.94,3.2,2025-04-24
3435,Customer_1743,Dominos,Sandwich,India,1,4166.54,4.1,2024-10-01
3436,Customer_622,Subway,Burger,India,3,4554.28,2.8,2024-01-07
3437,Customer_1574,Dominos,Pizza,Australia,6,813.35,2.5,2025-05-05
3438,Customer_2909,Pizza Hut,Pizza,Australia,3,4436.55,2.5,2026-01-26
3439,Customer_1747,Pizza Hut,Pizza,Sri Lanka,9,2602.02,1.8,2024-11-03
3440,Customer_2193,Subway,Sandwich,India,1,3375.09,4.1,2024-01-08
3441,Customer_2276,KFC,Sandwich,Singapore,8,2551.46,4.0,2024-08-17
3442,Customer_475,Pizza Hut,Burger,India,6,1077.22,3.9,2026-02-12
3443,Customer_2065,Dominos,Pizza,Sri Lanka,10,776.65,2.8,2025-10-30
3444,Customer_600,Pizza Hut,Fast Food,India,5,1133.66,2.2,2024-03-25
3445,Customer_2003,KFC,Fast Food,Australia,8,4319.45,3.8,2024-10-24
3446,Customer_1924,Pizza Hut,Sandwich,Sri Lanka,10,3121.54,2.9,2025-04-02
3447,Customer_1495,Subway,Sandwich,Australia,7,2311.86,2.8,2025-01-20
3448,Customer_167,Subway,Sandwich,India,4,1794.07,2.1,2024-10-30
3449,Customer_2520,Burger King,Pizza,India,5,4752.39,4.9,2024-01-18
3450,Customer_2795,Burger King,Pizza,Singapore,10,1401.31,3.8,2025-01-23
3451,Customer_362,Subway,Fast Food,Australia,4,4928.33,3.8,2024-05-10
3452,Customer_88,Burger King,Burger,Singapore,4,2396.0,4.0,2025-04-14
3453,Customer_2019,Subway,Fast Food,Sri Lanka,6,667.14,3.8,2024-12-08
3454,Customer_284,Dominos,Pizza,Singapore,1,638.29,1.1,2024-02-14
3455,Customer_1429,Subway,Pizza,Australia,8,4593.81,3.4,2025-02-14
3456,Customer_2279,KFC,Pizza,Australia,5,2784.2,3.9,2026-06-03
3457,Customer_2016,Pizza Hut,Pizza,Sri Lanka,5,3067.05,2.9,2025-01-01
3458,Customer_1033,Dominos,Pizza,Singapore,7,4338.79,3.7,2024-04-03
3459,Customer_639,Pizza Hut,Pizza,Sri Lanka,8,3617.03,4.3,2024-09-02
3460,Customer_1734,Burger King,Pizza,India,5,2267.8,2.3,2025-02-21
3461,Customer_2426,KFC,Sandwich,India,5,511.76,4.2,2026-05-28
3462,Customer_2767,KFC,Fast Food,Singapore,1,888.62,3.7,2025-12-06
3463,Customer_72,Burger King,Fast Food,Sri Lanka,9,3945.61,2.1,2025-01-21
3464,Customer_587,Dominos,Fast Food,Singapore,4,3783.35,4.5,2026-04-23
3465,Customer_2972,KFC,Pizza,Australia,7,4302.57,4.6,2025-12-13
3466,Customer_2451,KFC,Fast Food,Sri Lanka,1,755.89,1.2,2025-01-25
3467,Customer_2156,Subway,Pizza,Sri Lanka,9,2495.15,1.5,2024-02-23
3468,Customer_1269,Subway,Fast Food,India,9,3396.64,4.8,2024-01-04
3469,Customer_2864,Burger King,Fast Food,Australia,9,4463.52,3.4,2024-12-09
3470,Customer_2560,Pizza Hut,Pizza,Sri Lanka,5,3678.25,3.5,2024-07-03
3471,Customer_1740,Pizza Hut,Pizza,Singapore,7,1266.77,4.7,2025-03-03
3472,Customer_2097,Pizza Hut,Pizza,India,7,2839.61,2.4,2024-01-26
3473,Customer_2344,Burger King,Sandwich,Australia,8,4310.62,4.5,2026-06-04
3474,Customer_903,Pizza Hut,Fast Food,Sri Lanka,6,3563.96,4.8,2026-01-05
3475,Customer_1002,Pizza Hut,Sandwich,Singapore,4,3220.97,3.5,2025-11-21
3476,Customer_572,Pizza Hut,Fast Food,Australia,3,3502.7,3.4,2024-10-24
3477,Customer_1672,Burger King,Fast Food,Sri Lanka,7,4155.33,2.7,2025-04-30
3478,Customer_403,Subway,Sandwich,Singapore,7,4413.8,1.5,2025-12-07
3479,Customer_2223,KFC,Sandwich,India,7,2951.36,4.6,2025-06-27
3480,Customer_1465,Pizza Hut,Fast Food,Singapore,3,2569.51,2.6,2025-11-13
3481,Customer_651,KFC,Sandwich,Singapore,7,2497.34,4.3,2025-08-29
3482,Customer_46,Subway,Pizza,Singapore,7,885.31,2.6,2025-06-11
3483,Customer_1331,KFC,Pizza,Sri Lanka,8,1811.45,3.3,2026-04-16
3484,Customer_1303,Subway,Fast Food,India,6,2036.29,2.9,2026-04-07
3485,Customer_624,Dominos,Burger,Singapore,7,1833.74,3.2,2025-04-21
3486,Customer_2282,Burger King,Fast Food,Australia,1,4659.25,4.7,2024-07-11
3487,Customer_512,Dominos,Fast Food,Singapore,6,2672.81,3.3,2024-10-24
3488,Customer_287,KFC,Burger,Singapore,6,4106.45,3.1,2025-08-08
3489,Customer_329,Pizza Hut,Burger,Singapore,1,752.37,3.6,2025-03-27
3490,Customer_179,Pizza Hut,Pizza,Australia,5,3174.65,3.6,2026-03-03
3491,Customer_1832,Subway,Sandwich,Australia,8,4965.88,3.5,2025-06-19
3492,Customer_69,KFC,Pizza,Sri Lanka,2,957.54,4.5,2025-10-19
3493,Customer_2596,Pizza Hut,Fast Food,Singapore,1,2720.33,1.7,2024-12-14
3494,Customer_95,Dominos,Burger,India,3,1229.23,4.4,2026-02-11
3495,Customer_2477,KFC,Fast Food,Sri Lanka,7,1256.67,1.2,2025-02-21
3496,Customer_2042,KFC,Fast Food,India,5,4034.73,4.6,2026-03-12
3497,Customer_2911,Dominos,Pizza,Australia,10,2530.55,2.0,2025-10-28
3498,Customer_2602,Burger King,Fast Food,Australia,8,4478.58,3.8,2026-03-22
3499,Customer_2630,Burger King,Burger,Singapore,10,2153.65,2.6,2026-04-06
3500,Customer_2032,Burger King,Fast Food,Singapore,9,4564.48,4.2,2026-03-06
3501,Customer_2646,Burger King,Burger,Australia,4,1644.74,3.9,2025-01-05
3502,Customer_1560,Dominos,Sandwich,Australia,9,1393.82,4.0,2024-10-14
3503,Customer_2076,KFC,Burger,India,6,3447.11,4.8,2024-10-01
3504,Customer_656,Dominos,Sandwich,India,7,4903.87,4.3,2025-10-07
3505,Customer_1283,KFC,Pizza,Sri Lanka,8,2627.43,3.1,2025-06-14
3506,Customer_2081,Subway,Burger,India,3,3979.13,3.6,2024-01-05
3507,Customer_2499,Subway,Pizza,Australia,5,1597.35,4.9,2026-02-28
3508,Customer_2446,Burger King,Fast Food,Australia,1,3934.22,4.2,2025-03-16
3509,Customer_245,Burger King,Fast Food,India,9,1711.13,2.9,2024-11-22
3510,Customer_34,Pizza Hut,Sandwich,India,5,1274.97,4.9,2026-01-20
3511,Customer_804,Subway,Fast Food,Singapore,8,1522.74,4.0,2025-09-09
3512,Customer_2418,Burger King,Burger,Australia,1,1587.6,4.7,2024-05-25
3513,Customer_1728,KFC,Burger,Australia,2,2094.56,3.7,2024-03-05
3514,Customer_2856,Pizza Hut,Burger,Australia,1,3460.7,4.8,2025-12-06
3515,Customer_1277,KFC,Burger,India,2,1126.71,2.9,2024-04-06
3516,Customer_2801,KFC,Pizza,Singapore,10,4363.13,4.0,2024-09-28
3517,Customer_323,Pizza Hut,Fast Food,India,4,3455.69,3.3,2024-07-11
3518,Customer_684,Dominos,Burger,India,8,4177.02,1.6,2024-10-08
3519,Customer_2768,Dominos,Pizza,Australia,2,3613.55,3.1,2025-03-20
3520,Customer_916,Subway,Pizza,Australia,6,1816.5,4.8,2025-05-22
3521,Customer_2589,Dominos,Fast Food,Sri Lanka,10,1544.68,1.4,2024-09-22
3522,Customer_2727,Burger King,Burger,Australia,6,3901.09,1.9,2025-05-03
3523,Customer_2862,Pizza Hut,Sandwich,India,8,1339.15,4.4,2025-04-09
3524,Customer_1867,KFC,Pizza,Singapore,5,2233.72,5.0,2025-03-01
3525,Customer_356,Burger King,Sandwich,Australia,7,3736.14,4.0,2024-05-23
3526,Customer_684,Dominos,Burger,Sri Lanka,3,3889.66,1.1,2026-02-04
3527,Customer_2154,Pizza Hut,Sandwich,Singapore,3,563.52,3.5,2024-09-20
3528,Customer_1737,Subway,Pizza,Sri Lanka,10,4245.16,2.0,2024-03-01
3529,Customer_963,Subway,Burger,Sri Lanka,7,3851.29,4.8,2026-03-20
3530,Customer_1375,Pizza Hut,Burger,India,3,4614.71,3.8,2024-11-14
3531,Customer_1806,KFC,Fast Food,India,4,1761.79,1.9,2025-03-04
3532,Customer_2176,Subway,Fast Food,Australia,9,2048.7,4.7,2026-03-05
3533,Customer_1196,KFC,Fast Food,India,6,3235.13,2.0,2025-11-04
3534,Customer_1501,Pizza Hut,Pizza,India,4,981.8,2.0,2024-10-31
3535,Customer_1482,Burger King,Sandwich,Singapore,8,1331.62,3.4,2025-04-27
3536,Customer_2943,Burger King,Burger,Sri Lanka,5,3329.2,1.8,2024-04-22
3537,Customer_2136,KFC,Burger,India,7,4473.2,2.5,2024-03-28
3538,Customer_347,Pizza Hut,Pizza,Singapore,8,1034.16,3.6,2026-03-25
3539,Customer_65,Dominos,Pizza,Sri Lanka,8,3222.3,2.6,2024-11-24
3540,Customer_1392,Pizza Hut,Sandwich,India,3,2791.55,4.4,2026-03-12
3541,Customer_2808,Subway,Fast Food,Sri Lanka,9,2701.27,4.3,2024-05-24
3542,Customer_642,Pizza Hut,Pizza,Singapore,10,4549.52,4.1,2024-06-08
3543,Customer_893,Dominos,Sandwich,Singapore,2,3977.94,2.4,2025-03-29
3544,Customer_2105,Dominos,Sandwich,Sri Lanka,8,3395.61,2.4,2025-08-01
3545,Customer_2535,Pizza Hut,Burger,India,1,1644.33,2.3,2025-09-01
3546,Customer_728,Pizza Hut,Pizza,Singapore,9,1598.16,3.0,2024-01-11
3547,Customer_141,KFC,Burger,Australia,1,1265.45,2.3,2025-09-19
3548,Customer_1854,Dominos,Fast Food,India,1,1724.9,3.4,2025-02-13
3549,Customer_843,Burger King,Sandwich,Singapore,6,1839.19,1.3,2026-01-06
3550,Customer_2964,KFC,Pizza,Singapore,9,2772.45,1.2,2025-12-29
3551,Customer_2251,KFC,Sandwich,India,2,718.11,4.0,2024-09-06
3552,Customer_999,KFC,Burger,Singapore,1,952.48,2.2,2024-04-12
3553,Customer_12,Pizza Hut,Pizza,India,6,4082.42,1.7,2024-06-01
3554,Customer_2254,KFC,Fast Food,Singapore,9,1047.01,4.1,2026-02-28
3555,Customer_911,Dominos,Fast Food,India,9,3044.03,3.7,2025-02-24
3556,Customer_2657,Dominos,Pizza,Singapore,10,556.84,4.0,2024-03-29
3557,Customer_2894,Burger King,Sandwich,Singapore,8,1328.84,1.2,2025-08-29
3558,Customer_531,Pizza Hut,Burger,Sri Lanka,1,4849.36,4.7,2024-12-28
3559,Customer_468,Dominos,Pizza,Australia,9,2143.33,4.2,2025-04-12
3560,Customer_2680,Subway,Burger,Sri Lanka,3,1475.11,1.0,2026-03-24
3561,Customer_332,Pizza Hut,Fast Food,Australia,5,2128.13,4.7,2025-01-15
3562,Customer_2481,Dominos,Pizza,Singapore,6,2022.94,4.3,2025-03-06
3563,Customer_763,Dominos,Sandwich,Singapore,2,1563.47,2.8,2025-09-06
3564,Customer_477,Subway,Sandwich,India,7,1582.33,2.4,2025-12-01
3565,Customer_551,Dominos,Sandwich,Singapore,9,1484.41,1.1,2024-04-19
3566,Customer_2026,KFC,Sandwich,Sri Lanka,4,2950.12,4.4,2025-01-07
3567,Customer_1174,Pizza Hut,Pizza,India,4,3593.26,4.7,2025-05-04
3568,Customer_1183,Dominos,Fast Food,Australia,5,4043.57,4.5,2026-02-18
3569,Customer_2025,Dominos,Pizza,India,1,1835.86,3.7,2024-06-29
3570,Customer_1873,Dominos,Fast Food,Australia,3,3317.94,1.4,2024-03-14
3571,Customer_1211,Subway,Pizza,Sri Lanka,10,2285.52,3.1,2024-07-09
3572,Customer_849,Dominos,Burger,Singapore,1,4287.74,2.6,2025-03-07
3573,Customer_2207,Subway,Sandwich,Singapore,1,1474.03,3.2,2025-01-21
3574,Customer_948,Pizza Hut,Fast Food,Australia,9,1489.5,3.7,2026-03-09
3575,Customer_934,Dominos,Pizza,Sri Lanka,6,3094.94,1.7,2025-10-18
3576,Customer_2896,Subway,Fast Food,India,8,4707.69,2.5,2024-05-28
3577,Customer_914,Burger King,Fast Food,Sri Lanka,5,724.46,4.0,2025-09-04
3578,Customer_595,Subway,Fast Food,Sri Lanka,9,2532.48,1.5,2025-12-03
3579,Customer_1151,Dominos,Fast Food,India,1,893.77,1.5,2024-06-09
3580,Customer_2390,Dominos,Fast Food,Singapore,6,3547.15,3.1,2025-12-14
3581,Customer_2979,Subway,Burger,Singapore,5,3117.36,2.8,2026-01-16
3582,Customer_233,Burger King,Pizza,India,2,2706.5,1.4,2025-09-06
3583,Customer_1677,Burger King,Sandwich,Australia,9,3819.96,3.2,2025-07-13
3584,Customer_2716,Pizza Hut,Fast Food,Singapore,2,2716.32,3.5,2025-07-01
3585,Customer_2895,Burger King,Sandwich,India,2,4969.19,1.8,2025-12-02
3586,Customer_689,Subway,Sandwich,Australia,6,2518.84,1.7,2024-04-06
3587,Customer_1698,Pizza Hut,Sandwich,Australia,10,2347.34,3.0,2026-06-06
3588,Customer_2078,Pizza Hut,Fast Food,India,9,4338.26,3.8,2025-07-28
3589,Customer_2379,Subway,Fast Food,Singapore,9,4901.13,1.7,2025-10-25
3590,Customer_467,KFC,Fast Food,Singapore,2,2417.08,3.0,2024-02-18
3591,Customer_2799,KFC,Fast Food,Singapore,4,4111.14,3.8,2024-07-12
3592,Customer_494,KFC,Fast Food,Singapore,10,4374.42,2.3,2025-03-07
3593,Customer_151,Pizza Hut,Burger,Sri Lanka,4,2643.0,1.7,2025-08-15
3594,Customer_1212,Burger King,Burger,India,6,3626.8,4.6,2024-12-31
3595,Customer_961,Subway,Fast Food,India,8,4327.75,5.0,2026-04-20
3596,Customer_2473,KFC,Pizza,Australia,6,976.29,4.2,2024-08-11
3597,Customer_2459,KFC,Burger,Sri Lanka,5,4244.32,4.5,2024-03-12
3598,Customer_436,KFC,Pizza,Singapore,1,1046.81,3.2,2024-07-02
3599,Customer_2341,Subway,Burger,Australia,5,939.51,1.8,2024-08-26
3600,Customer_2273,Burger King,Burger,India,2,1912.78,1.9,2026-03-02
3601,Customer_2471,KFC,Fast Food,Singapore,10,2299.74,3.6,2024-02-23
3602,Customer_2547,Pizza Hut,Sandwich,Australia,6,4468.68,3.3,2024-12-11
3603,Customer_556,Burger King,Fast Food,India,2,2574.06,3.5,2025-04-20
3604,Customer_1347,Pizza Hut,Sandwich,Singapore,9,789.67,4.5,2024-07-11
3605,Customer_2547,Dominos,Pizza,Singapore,8,629.52,3.8,2024-08-08
3606,Customer_1962,KFC,Burger,Sri Lanka,3,1875.33,3.6,2024-05-03
3607,Customer_700,Burger King,Fast Food,India,1,2353.08,4.6,2025-10-23
3608,Customer_962,Dominos,Burger,Australia,1,923.65,3.2,2024-07-08
3609,Customer_1270,Burger King,Burger,India,5,3923.51,3.2,2025-10-26
3610,Customer_1109,KFC,Fast Food,India,5,1600.93,4.3,2026-05-23
3611,Customer_30,Subway,Burger,Singapore,7,2079.67,4.6,2025-01-11
3612,Customer_484,Subway,Sandwich,Sri Lanka,6,2374.38,2.1,2024-04-03
3613,Customer_2360,Burger King,Fast Food,Australia,8,2081.99,3.5,2025-09-19
3614,Customer_2895,Pizza Hut,Pizza,Singapore,1,1939.64,4.3,2025-09-26
3615,Customer_1230,Burger King,Fast Food,Sri Lanka,9,4591.84,1.7,2024-05-17
3616,Customer_312,Pizza Hut,Fast Food,India,6,2224.99,3.5,2026-05-30
3617,Customer_2368,Subway,Pizza,Sri Lanka,3,1588.38,2.5,2024-07-04
3618,Customer_1773,Subway,Sandwich,India,3,3064.31,1.9,2025-01-25
3619,Customer_1572,Pizza Hut,Burger,Sri Lanka,2,3313.01,3.2,2025-07-04
3620,Customer_786,Subway,Fast Food,India,5,1070.67,3.6,2026-02-11
3621,Customer_610,Burger King,Fast Food,Singapore,7,3530.06,3.0,2026-05-29
3622,Customer_1107,Dominos,Pizza,India,5,3535.46,3.2,2024-07-11
3623,Customer_976,Burger King,Pizza,Singapore,6,961.37,4.8,2024-08-23
3624,Customer_1562,Dominos,Burger,Sri Lanka,9,2455.96,4.2,2025-06-23
3625,Customer_1180,KFC,Burger,India,9,1294.68,4.8,2026-04-11
3626,Customer_2272,Burger King,Burger,Sri Lanka,8,1710.45,2.4,2024-05-16
3627,Customer_89,Subway,Burger,India,9,3351.21,4.7,2026-05-02
3628,Customer_2546,Burger King,Burger,Singapore,1,1619.32,2.7,2026-04-06
3629,Customer_1729,Burger King,Burger,India,6,3204.23,4.4,2025-09-11
3630,Customer_1659,Burger King,Fast Food,Australia,8,1060.7,3.2,2025-04-26
3631,Customer_19,Pizza Hut,Burger,Australia,3,2977.15,4.8,2024-07-25
3632,Customer_1126,Burger King,Sandwich,Singapore,9,4832.92,2.7,2024-08-05
3633,Customer_2208,Subway,Burger,Singapore,1,2338.62,1.4,2025-08-26
3634,Customer_2632,Pizza Hut,Sandwich,Sri Lanka,2,4308.26,3.5,2025-12-18
3635,Customer_331,Pizza Hut,Pizza,Australia,8,961.83,2.6,2024-03-25
3636,Customer_1469,Dominos,Sandwich,Australia,1,3436.79,1.3,2026-04-29
3637,Customer_2070,Dominos,Fast Food,Sri Lanka,7,2711.28,2.2,2026-01-15
3638,Customer_2963,KFC,Pizza,Australia,4,4863.46,2.5,2025-07-30
3639,Customer_1782,Subway,Burger,Sri Lanka,5,1958.92,4.6,2025-10-17
3640,Customer_1373,Dominos,Sandwich,India,8,2044.2,1.2,2025-10-23
3641,Customer_2917,Burger King,Pizza,Singapore,2,2622.33,3.8,2026-04-24
3642,Customer_688,Burger King,Sandwich,Sri Lanka,5,4815.35,4.4,2025-08-24
3643,Customer_229,KFC,Burger,Singapore,7,3850.56,4.0,2024-12-04
3644,Customer_1233,Subway,Fast Food,Singapore,4,2827.86,2.2,2026-06-14
3645,Customer_1668,Subway,Fast Food,Singapore,4,1953.84,2.4,2024-09-07
3646,Customer_2950,Pizza Hut,Fast Food,Sri Lanka,3,2476.74,3.3,2024-01-20
3647,Customer_1366,Pizza Hut,Pizza,Sri Lanka,5,3392.15,3.0,2025-09-07
3648,Customer_604,Dominos,Sandwich,Australia,9,2192.22,2.9,2025-01-12
3649,Customer_1587,Burger King,Sandwich,India,1,4754.1,4.0,2024-08-09
3650,Customer_1040,Burger King,Burger,India,10,1661.74,3.0,2024-08-08
3651,Customer_1547,KFC,Pizza,Sri Lanka,9,823.73,4.9,2025-09-04
3652,Customer_911,Burger King,Sandwich,Singapore,2,2645.5,4.4,2024-07-19
3653,Customer_1838,KFC,Fast Food,Singapore,5,1759.73,2.4,2024-02-18
3654,Customer_1754,KFC,Sandwich,India,7,1602.51,2.6,2025-04-17
3655,Customer_1283,Pizza Hut,Sandwich,Singapore,5,4026.0,4.9,2025-07-05
3656,Customer_1534,Subway,Burger,Australia,4,4734.27,4.4,2026-05-29
3657,Customer_1370,KFC,Burger,India,8,3874.57,4.1,2025-12-30
3658,Customer_113,KFC,Sandwich,Singapore,8,2389.51,2.9,2026-06-18
3659,Customer_1087,KFC,Fast Food,Singapore,7,2602.61,1.3,2024-01-26
3660,Customer_1824,Burger King,Pizza,Australia,2,842.14,4.0,2025-09-03
3661,Customer_851,KFC,Fast Food,Sri Lanka,1,3395.07,1.2,2026-02-23
3662,Customer_1138,Pizza Hut,Sandwich,Australia,7,2106.81,3.0,2026-05-21
3663,Customer_1190,Burger King,Burger,India,9,4924.36,4.2,2024-09-04
3664,Customer_2692,Dominos,Burger,India,6,4792.24,4.7,2025-11-01
3665,Customer_2773,KFC,Sandwich,Singapore,1,3340.84,4.7,2026-06-04
3666,Customer_56,Pizza Hut,Burger,Singapore,1,4349.6,3.3,2025-11-18
3667,Customer_288,Pizza Hut,Pizza,Australia,10,4953.2,3.7,2024-03-21
3668,Customer_1727,Pizza Hut,Fast Food,Singapore,6,4971.28,1.3,2026-04-24
3669,Customer_2797,Burger King,Pizza,Singapore,5,2308.07,1.3,2024-04-14
3670,Customer_1256,Dominos,Sandwich,Singapore,2,2798.27,4.1,2026-01-17
3671,Customer_2094,Dominos,Fast Food,Australia,8,3798.85,2.6,2025-02-22
3672,Customer_2667,Dominos,Pizza,Sri Lanka,6,3704.07,2.5,2025-11-18
3673,Customer_2460,Subway,Burger,Sri Lanka,9,3388.57,1.3,2024-12-17
3674,Customer_673,KFC,Pizza,Sri Lanka,3,3084.13,1.7,2026-01-05
3675,Customer_1171,Pizza Hut,Burger,Australia,8,3561.84,3.5,2025-03-08
3676,Customer_716,KFC,Fast Food,Australia,1,2095.49,1.9,2025-03-08
3677,Customer_2179,Dominos,Sandwich,Sri Lanka,5,2680.49,2.8,2024-03-31
3678,Customer_874,Subway,Fast Food,Australia,8,3799.55,3.0,2024-09-06
3679,Customer_1070,Dominos,Burger,Australia,3,511.98,2.3,2024-06-20
3680,Customer_1156,Pizza Hut,Fast Food,India,4,4023.91,2.9,2024-09-25
3681,Customer_1464,Pizza Hut,Sandwich,Singapore,5,4665.52,4.5,2024-08-19
3682,Customer_1239,Pizza Hut,Pizza,Sri Lanka,4,4634.03,1.3,2025-05-05
3683,Customer_770,Pizza Hut,Pizza,Australia,9,2182.5,2.1,2025-11-21
3684,Customer_1304,Subway,Fast Food,Australia,4,4778.9,4.7,2025-03-04
3685,Customer_2204,Burger King,Pizza,Sri Lanka,8,2976.7,2.3,2026-03-05
3686,Customer_2551,Subway,Fast Food,Australia,2,4625.03,4.9,2026-06-16
3687,Customer_1537,Burger King,Burger,Sri Lanka,7,2573.22,4.0,2025-07-21
3688,Customer_882,Subway,Pizza,Sri Lanka,10,1491.53,3.1,2024-07-01
3689,Customer_376,Subway,Fast Food,Sri Lanka,4,4822.33,1.3,2025-08-08
3690,Customer_1578,KFC,Burger,India,10,4919.13,1.7,2024-09-21
3691,Customer_422,Subway,Burger,Singapore,4,4901.34,4.4,2024-06-09
3692,Customer_2407,Pizza Hut,Pizza,Sri Lanka,9,1914.78,2.9,2026-05-10
3693,Customer_1210,Pizza Hut,Fast Food,Australia,7,896.54,2.0,2024-07-16
3694,Customer_2627,Burger King,Burger,India,1,4785.21,2.3,2024-12-06
3695,Customer_778,Pizza Hut,Burger,Australia,1,2524.01,3.1,2024-02-09
3696,Customer_2918,Pizza Hut,Fast Food,Singapore,6,3262.6,2.2,2025-11-18
3697,Customer_1282,Burger King,Sandwich,Singapore,7,1568.21,4.2,2026-02-25
3698,Customer_1244,Pizza Hut,Pizza,Sri Lanka,3,2329.74,3.5,2024-11-29
3699,Customer_1094,Burger King,Pizza,Sri Lanka,7,1880.54,1.3,2025-09-04
3700,Customer_422,Pizza Hut,Sandwich,Sri Lanka,7,4919.91,2.5,2025-09-24
3701,Customer_383,Pizza Hut,Fast Food,India,3,3488.69,1.5,2025-09-22
3702,Customer_506,Dominos,Pizza,Singapore,9,4662.75,1.6,2026-01-27
3703,Customer_2593,Dominos,Burger,Singapore,3,3426.73,2.5,2024-03-26
3704,Customer_2329,Dominos,Pizza,Sri Lanka,9,1370.99,2.1,2025-09-25
3705,Customer_2902,Pizza Hut,Fast Food,Sri Lanka,6,3059.16,1.6,2025-08-09
3706,Customer_2598,Burger King,Sandwich,India,3,2980.71,2.8,2026-03-29
3707,Customer_825,KFC,Pizza,Sri Lanka,1,4820.73,3.6,2025-12-21
3708,Customer_1095,Subway,Burger,Singapore,3,1643.4,1.8,2026-05-15
3709,Customer_501,KFC,Burger,Sri Lanka,5,2006.05,4.6,2025-04-19
3710,Customer_184,Burger King,Fast Food,India,9,2297.45,4.2,2026-04-10
3711,Customer_1180,Subway,Fast Food,India,3,1679.66,2.7,2024-02-14
3712,Customer_1231,Dominos,Burger,Singapore,7,3616.66,3.4,2025-01-02
3713,Customer_171,Subway,Fast Food,Australia,2,3355.54,4.9,2024-12-15
3714,Customer_2069,Burger King,Sandwich,Singapore,5,1419.07,1.4,2025-08-21
3715,Customer_1349,Burger King,Sandwich,India,4,2816.7,3.0,2025-02-02
3716,Customer_2091,Dominos,Sandwich,Australia,7,3637.66,4.6,2025-06-04
3717,Customer_2554,KFC,Fast Food,India,7,3465.51,1.2,2025-09-20
3718,Customer_525,KFC,Fast Food,Sri Lanka,2,4097.14,4.5,2025-10-24
3719,Customer_1566,Pizza Hut,Burger,Singapore,10,1746.92,4.0,2025-07-23
3720,Customer_2366,Subway,Fast Food,India,9,575.04,2.3,2024-03-22
3721,Customer_2954,Burger King,Burger,India,9,1258.2,3.9,2026-02-17
3722,Customer_1262,Pizza Hut,Fast Food,Australia,8,4139.96,3.9,2024-10-23
3723,Customer_956,Burger King,Sandwich,India,9,1577.16,2.4,2025-01-05
3724,Customer_1675,Dominos,Pizza,Sri Lanka,10,1991.22,1.9,2024-04-05
3725,Customer_2991,Dominos,Sandwich,Sri Lanka,9,1651.31,3.0,2025-11-04
3726,Customer_1655,Subway,Sandwich,Australia,7,3599.45,1.6,2025-06-13
3727,Customer_1506,Subway,Pizza,India,9,4578.05,3.9,2024-06-19
3728,Customer_454,Subway,Pizza,India,4,2180.82,1.2,2024-01-02
3729,Customer_2107,Burger King,Sandwich,Australia,7,2682.31,2.6,2025-06-06
3730,Customer_2058,Pizza Hut,Sandwich,Australia,6,4107.7,1.9,2025-05-22
3731,Customer_1150,Subway,Burger,Singapore,6,1159.52,1.9,2024-10-02
3732,Customer_822,Pizza Hut,Sandwich,Australia,6,3576.56,3.8,2025-10-13
3733,Customer_2575,KFC,Sandwich,Australia,9,3688.42,4.9,2025-09-06
3734,Customer_2810,Pizza Hut,Burger,Singapore,3,2428.44,2.3,2024-03-30
3735,Customer_2671,Pizza Hut,Sandwich,Singapore,5,2005.9,2.1,2024-05-03
3736,Customer_1457,Burger King,Fast Food,Australia,7,1898.06,1.4,2025-02-20
3737,Customer_1805,Subway,Sandwich,India,1,4610.82,1.2,2025-02-16
3738,Customer_1438,Subway,Pizza,Sri Lanka,2,2282.01,1.8,2024-07-30
3739,Customer_352,Burger King,Sandwich,India,3,4648.84,1.6,2024-02-08
3740,Customer_1151,Subway,Pizza,Australia,10,1253.27,2.5,2025-06-20
3741,Customer_200,Subway,Burger,Singapore,1,4797.13,4.2,2025-07-20
3742,Customer_2074,Pizza Hut,Burger,Sri Lanka,4,1384.41,2.2,2026-06-14
3743,Customer_295,Burger King,Pizza,Singapore,4,2186.28,4.5,2024-01-06
3744,Customer_1640,Dominos,Fast Food,Australia,6,1675.47,2.7,2025-02-12
3745,Customer_1414,KFC,Pizza,Singapore,1,3267.74,2.7,2024-01-17
3746,Customer_1095,Dominos,Pizza,Singapore,3,716.35,2.3,2026-05-26
3747,Customer_1619,Burger King,Fast Food,Sri Lanka,10,3608.93,3.8,2024-07-30
3748,Customer_1430,Dominos,Sandwich,India,9,2139.94,1.2,2026-04-20
3749,Customer_1464,Burger King,Pizza,India,1,3531.1,2.8,2024-03-28
3750,Customer_1311,Subway,Pizza,Sri Lanka,3,2238.25,2.7,2026-06-14
3751,Customer_2488,Burger King,Sandwich,Singapore,9,1701.48,4.0,2024-08-10
3752,Customer_1827,Subway,Fast Food,Singapore,6,869.84,4.1,2024-01-03
3753,Customer_2855,Subway,Fast Food,Sri Lanka,8,2674.74,2.5,2025-07-30
3754,Customer_2346,Burger King,Burger,Sri Lanka,5,3218.07,1.7,2024-06-05
3755,Customer_2754,Pizza Hut,Sandwich,Australia,10,2936.74,3.1,2024-07-29
3756,Customer_1002,Subway,Burger,Singapore,5,2479.89,2.7,2025-11-20
3757,Customer_1308,Subway,Fast Food,Singapore,1,2127.4,2.2,2025-01-23
3758,Customer_1079,KFC,Burger,India,7,2916.7,3.6,2025-09-19
3759,Customer_1378,Dominos,Pizza,India,1,4235.31,2.1,2024-04-14
3760,Customer_221,Dominos,Sandwich,India,5,4393.08,2.4,2025-09-19
3761,Customer_2432,Dominos,Sandwich,Sri Lanka,1,3487.96,1.4,2025-01-03
3762,Customer_2636,Burger King,Sandwich,Singapore,4,3949.25,3.5,2024-12-07
3763,Customer_985,Pizza Hut,Burger,Singapore,3,1278.27,4.8,2024-09-26
3764,Customer_2050,Burger King,Sandwich,Australia,2,1504.63,2.1,2025-04-24
3765,Customer_2597,Dominos,Burger,Sri Lanka,7,2902.85,4.5,2026-01-18
3766,Customer_1916,KFC,Burger,India,4,4373.17,3.1,2025-01-18
3767,Customer_1432,Subway,Fast Food,Australia,8,3860.77,2.2,2025-01-16
3768,Customer_1484,Subway,Fast Food,Singapore,7,699.4,4.1,2025-05-14
3769,Customer_1076,Pizza Hut,Pizza,Singapore,3,1572.51,4.0,2025-06-27
3770,Customer_2614,Burger King,Sandwich,Sri Lanka,5,582.09,1.4,2025-11-01
3771,Customer_2429,Dominos,Fast Food,Australia,8,3512.48,3.0,2025-02-14
3772,Customer_2841,KFC,Burger,Sri Lanka,9,2071.85,2.3,2026-04-08
3773,Customer_171,Subway,Pizza,Singapore,5,2177.88,4.1,2024-12-14
3774,Customer_503,Dominos,Fast Food,India,10,4210.91,1.4,2024-02-07
3775,Customer_1885,Burger King,Fast Food,Sri Lanka,2,2472.48,1.1,2024-03-20
3776,Customer_1885,Subway,Burger,Sri Lanka,8,2943.48,3.8,2025-01-27
3777,Customer_2167,Burger King,Burger,Sri Lanka,7,4567.39,1.6,2024-07-01
3778,Customer_1496,Subway,Pizza,Singapore,8,2308.12,2.0,2026-02-06
3779,Customer_1755,Dominos,Pizza,Australia,6,3664.54,3.4,2024-07-21
3780,Customer_2004,Pizza Hut,Sandwich,India,3,2902.9,1.9,2024-02-16
3781,Customer_350,KFC,Pizza,Australia,2,3889.77,3.4,2026-03-08
3782,Customer_1115,KFC,Fast Food,Singapore,5,1242.36,3.5,2024-03-17
3783,Customer_929,Dominos,Sandwich,India,6,2659.03,4.1,2025-09-21
3784,Customer_1696,Dominos,Fast Food,Australia,9,4834.69,1.8,2025-08-04
3785,Customer_2735,Pizza Hut,Fast Food,Singapore,4,4120.67,4.1,2026-02-25
3786,Customer_1495,Subway,Pizza,Singapore,1,2811.5,4.9,2025-03-23
3787,Customer_744,Dominos,Pizza,Singapore,10,4756.89,3.8,2024-12-16
3788,Customer_280,KFC,Sandwich,Singapore,10,966.59,4.2,2026-03-30
3789,Customer_527,KFC,Pizza,Sri Lanka,5,3319.8,1.7,2025-11-19
3790,Customer_652,Dominos,Fast Food,Sri Lanka,10,2701.54,3.6,2026-06-06
3791,Customer_602,Burger King,Burger,Singapore,6,2531.77,2.1,2025-08-04
3792,Customer_1118,Dominos,Burger,India,3,2186.53,4.3,2025-10-06
3793,Customer_1174,Pizza Hut,Fast Food,Sri Lanka,9,3495.8,4.1,2024-10-13
3794,Customer_1404,Pizza Hut,Pizza,Singapore,8,1344.11,4.9,2025-12-13
3795,Customer_1385,KFC,Fast Food,India,9,4214.88,3.6,2025-12-04
3796,Customer_2827,Subway,Pizza,Singapore,7,2808.46,4.1,2024-04-12
3797,Customer_1145,Dominos,Fast Food,Australia,7,3518.42,1.7,2025-07-03
3798,Customer_1070,Subway,Pizza,India,4,1956.39,4.9,2024-03-17
3799,Customer_456,KFC,Sandwich,India,9,1431.76,2.6,2024-04-09
3800,Customer_7,Subway,Sandwich,Singapore,5,2609.21,2.9,2024-07-19
3801,Customer_2348,Pizza Hut,Sandwich,Singapore,7,987.83,3.2,2026-01-19
3802,Customer_1905,Dominos,Pizza,Australia,1,2674.32,3.6,2026-03-05
3803,Customer_270,Dominos,Pizza,Sri Lanka,8,1162.77,2.1,2025-12-06
3804,Customer_2115,Dominos,Fast Food,Australia,2,2754.52,4.3,2025-06-20
3805,Customer_184,KFC,Pizza,Singapore,5,3444.54,4.2,2024-08-15
3806,Customer_2519,Dominos,Sandwich,Australia,2,3149.7,1.3,2024-09-19
3807,Customer_1323,KFC,Fast Food,Singapore,5,4082.38,3.3,2024-02-07
3808,Customer_2947,Dominos,Fast Food,India,5,1088.1,4.3,2025-08-01
3809,Customer_2889,Subway,Sandwich,Sri Lanka,2,2985.4,3.9,2024-04-27
3810,Customer_2289,Subway,Fast Food,India,7,4970.62,1.6,2025-01-17
3811,Customer_1903,Pizza Hut,Sandwich,Australia,3,1030.4,2.3,2025-02-04
3812,Customer_275,Subway,Pizza,Singapore,3,4014.31,2.4,2024-09-09
3813,Customer_1645,Pizza Hut,Pizza,India,2,2405.5,3.9,2024-06-24
3814,Customer_103,Subway,Sandwich,Australia,5,2814.8,1.6,2026-02-13
3815,Customer_2472,KFC,Pizza,Australia,9,1538.56,3.0,2026-05-13
3816,Customer_787,Subway,Fast Food,Sri Lanka,7,2129.39,2.0,2024-11-01
3817,Customer_1337,Pizza Hut,Sandwich,Australia,6,4632.24,2.5,2026-04-02
3818,Customer_2828,Burger King,Fast Food,Sri Lanka,3,3804.82,2.2,2024-08-10
3819,Customer_363,KFC,Pizza,India,2,3071.11,2.5,2026-04-07
3820,Customer_2388,Dominos,Fast Food,India,6,4136.12,4.4,2025-10-12
3821,Customer_410,Dominos,Sandwich,Sri Lanka,8,3646.66,1.8,2025-04-09
3822,Customer_1683,Subway,Sandwich,Sri Lanka,10,1865.59,1.5,2024-12-19
3823,Customer_1565,Pizza Hut,Burger,Sri Lanka,7,1640.17,4.2,2025-12-16
3824,Customer_2600,Subway,Burger,India,4,2516.98,3.2,2026-02-18
3825,Customer_2283,Dominos,Sandwich,Singapore,8,4395.51,2.7,2024-04-28
3826,Customer_39,Dominos,Burger,India,5,1960.69,4.8,2024-03-03
3827,Customer_2927,Subway,Sandwich,India,2,3375.74,2.9,2026-05-13
3828,Customer_183,KFC,Pizza,India,5,3110.65,2.7,2024-08-30
3829,Customer_2960,Dominos,Burger,Singapore,5,4975.45,2.4,2026-04-28
3830,Customer_2,Burger King,Burger,Sri Lanka,10,1865.62,4.5,2026-03-09
3831,Customer_2972,KFC,Fast Food,Sri Lanka,6,2241.58,4.4,2025-03-25
3832,Customer_1186,KFC,Sandwich,Sri Lanka,8,3174.58,4.4,2026-05-15
3833,Customer_2375,Burger King,Sandwich,Singapore,2,973.34,1.2,2025-01-03
3834,Customer_1937,Dominos,Burger,Singapore,6,1804.69,4.0,2025-08-12
3835,Customer_1399,Dominos,Pizza,Singapore,3,1248.89,3.7,2025-03-04
3836,Customer_1213,Subway,Burger,Australia,1,3911.95,3.3,2024-08-03
3837,Customer_2079,Burger King,Sandwich,Australia,7,551.34,2.7,2025-09-15
3838,Customer_2418,Subway,Pizza,Singapore,2,1483.18,1.5,2026-01-10
3839,Customer_2245,Dominos,Fast Food,Singapore,8,4506.67,2.8,2025-02-23
3840,Customer_1919,Pizza Hut,Pizza,Singapore,3,2193.12,3.0,2025-01-18
3841,Customer_753,Dominos,Fast Food,Sri Lanka,1,4758.59,4.0,2025-08-26
3842,Customer_505,KFC,Sandwich,India,3,3473.1,1.1,2025-01-01
3843,Customer_2676,KFC,Burger,India,3,1543.23,3.7,2025-07-06
3844,Customer_991,Pizza Hut,Pizza,India,10,3152.24,1.9,2026-03-05
3845,Customer_1553,Pizza Hut,Sandwich,Sri Lanka,7,3046.99,4.9,2024-10-13
3846,Customer_929,Pizza Hut,Sandwich,Australia,3,1358.28,2.8,2025-12-25
3847,Customer_1324,KFC,Burger,Sri Lanka,3,2776.32,2.0,2025-02-05
3848,Customer_199,Pizza Hut,Sandwich,Australia,5,2889.78,4.3,2026-01-02
3849,Customer_1177,Subway,Sandwich,Australia,4,979.85,4.8,2024-12-10
3850,Customer_2132,Pizza Hut,Burger,India,6,2075.28,2.2,2025-10-08
3851,Customer_2169,Pizza Hut,Burger,India,8,2345.89,5.0,2024-05-26
3852,Customer_1496,Burger King,Fast Food,Singapore,9,4368.38,4.8,2024-05-15
3853,Customer_2172,Dominos,Sandwich,Sri Lanka,3,689.19,3.9,2025-07-17
3854,Customer_692,Pizza Hut,Pizza,Sri Lanka,8,653.82,4.6,2024-05-13
3855,Customer_2938,Burger King,Sandwich,Singapore,4,4781.39,4.1,2025-09-28
3856,Customer_540,Subway,Sandwich,Singapore,3,4638.59,3.1,2025-11-08
3857,Customer_2866,Pizza Hut,Burger,India,5,3053.23,4.2,2024-07-26
3858,Customer_2361,Pizza Hut,Sandwich,Singapore,5,1851.88,2.7,2024-06-26
3859,Customer_798,KFC,Fast Food,Singapore,1,587.24,1.3,2024-08-28
3860,Customer_733,Subway,Sandwich,Australia,6,3581.49,1.6,2024-02-12
3861,Customer_603,KFC,Fast Food,Sri Lanka,8,2123.84,2.5,2024-01-22
3862,Customer_274,Dominos,Burger,Singapore,10,1118.7,4.5,2024-10-05
3863,Customer_228,Burger King,Sandwich,Singapore,3,4435.01,2.3,2024-03-10
3864,Customer_74,Pizza Hut,Burger,India,7,3564.26,3.3,2026-01-27
3865,Customer_1130,KFC,Fast Food,India,7,749.31,3.1,2024-09-15
3866,Customer_1400,Burger King,Pizza,India,1,3077.89,2.5,2026-02-24
3867,Customer_581,KFC,Pizza,Singapore,9,3682.48,1.0,2025-05-20
3868,Customer_361,Burger King,Burger,Singapore,10,1190.88,1.5,2024-02-20
3869,Customer_310,Burger King,Burger,Sri Lanka,10,3354.21,1.0,2025-05-12
3870,Customer_182,Pizza Hut,Sandwich,Singapore,10,4915.47,4.9,2025-01-08
3871,Customer_542,Pizza Hut,Pizza,Australia,2,3071.56,1.2,2025-11-16
3872,Customer_2304,KFC,Burger,India,4,1520.8,1.6,2026-05-18
3873,Customer_1844,Pizza Hut,Burger,India,8,3134.71,3.0,2025-08-01
3874,Customer_423,Burger King,Burger,Australia,2,847.96,4.4,2025-08-30
3875,Customer_2476,Dominos,Fast Food,Australia,10,1241.93,1.1,2026-04-01
3876,Customer_1912,Burger King,Sandwich,Australia,2,4977.14,4.9,2026-03-17
3877,Customer_1225,Subway,Sandwich,India,10,2354.2,2.5,2024-07-06
3878,Customer_2463,Pizza Hut,Pizza,Sri Lanka,3,1851.71,3.3,2024-12-20
3879,Customer_1925,Dominos,Pizza,Singapore,8,2660.07,4.5,2026-03-21
3880,Customer_1217,KFC,Burger,India,6,4369.68,3.5,2024-09-21
3881,Customer_2126,Dominos,Pizza,Singapore,6,2644.49,2.4,2025-04-18
3882,Customer_2913,Burger King,Pizza,Sri Lanka,3,3260.23,3.3,2025-02-19
3883,Customer_928,Burger King,Fast Food,Australia,3,1818.55,3.3,2026-02-20
3884,Customer_208,Pizza Hut,Fast Food,Australia,1,3206.33,2.7,2025-03-04
3885,Customer_1979,KFC,Sandwich,Singapore,3,1795.93,1.7,2024-12-28
3886,Customer_2845,KFC,Pizza,Australia,5,3172.55,4.7,2025-01-26
3887,Customer_1690,Subway,Pizza,Sri Lanka,10,3922.14,3.9,2024-08-14
3888,Customer_2579,Pizza Hut,Fast Food,Australia,3,2600.42,1.4,2024-10-01
3889,Customer_466,Dominos,Pizza,India,7,1898.33,1.3,2025-12-28
3890,Customer_1345,Dominos,Fast Food,Sri Lanka,2,2847.67,1.5,2025-05-18
3891,Customer_913,KFC,Burger,Australia,8,4105.07,1.7,2025-09-17
3892,Customer_2207,KFC,Burger,Singapore,7,4602.17,2.9,2025-08-12
3893,Customer_338,Burger King,Pizza,Sri Lanka,3,1247.74,4.1,2025-05-03
3894,Customer_1234,Dominos,Pizza,Singapore,6,547.69,3.9,2024-06-16
3895,Customer_2479,Subway,Fast Food,Sri Lanka,1,2445.46,4.4,2024-05-26
3896,Customer_277,Burger King,Burger,India,8,2764.57,2.0,2025-02-20
3897,Customer_2891,Burger King,Burger,Australia,1,3714.79,2.1,2026-01-25
3898,Customer_1019,Pizza Hut,Sandwich,Singapore,10,1146.24,3.8,2025-10-18
3899,Customer_1774,Dominos,Burger,Australia,10,1510.85,1.8,2024-03-03
3900,Customer_2802,Subway,Sandwich,Sri Lanka,5,1937.59,1.8,2024-08-24
3901,Customer_2752,Subway,Pizza,Australia,3,2810.23,3.2,2026-03-07
3902,Customer_1370,Dominos,Pizza,India,9,943.74,1.9,2024-08-15
3903,Customer_1972,KFC,Burger,Australia,4,3330.82,4.4,2024-01-21
3904,Customer_207,KFC,Pizza,Singapore,5,956.62,1.7,2024-08-01
3905,Customer_1949,Burger King,Fast Food,Australia,4,3715.61,2.8,2024-10-27
3906,Customer_991,KFC,Burger,Sri Lanka,6,4621.35,2.6,2024-02-26
3907,Customer_1019,KFC,Burger,Sri Lanka,1,2693.63,1.4,2024-05-08
3908,Customer_1329,Subway,Sandwich,Sri Lanka,10,4802.1,2.1,2024-12-31
3909,Customer_215,Burger King,Pizza,India,5,4758.36,2.6,2025-12-16
3910,Customer_323,Subway,Pizza,Australia,6,4351.33,1.5,2024-03-13
3911,Customer_2092,Pizza Hut,Sandwich,Sri Lanka,10,910.1,2.0,2024-08-26
3912,Customer_1415,Pizza Hut,Burger,India,5,3250.58,2.0,2026-01-20
3913,Customer_281,Subway,Sandwich,Sri Lanka,6,3614.03,4.4,2026-02-19
3914,Customer_1467,Dominos,Fast Food,Singapore,7,4088.94,1.7,2024-11-17
3915,Customer_2588,KFC,Burger,Singapore,4,578.52,4.1,2025-06-11
3916,Customer_1682,KFC,Fast Food,Australia,7,1568.51,1.5,2024-05-03
3917,Customer_4,Dominos,Sandwich,Sri Lanka,6,686.91,1.6,2026-06-13
3918,Customer_2487,Subway,Sandwich,Australia,7,3180.41,2.8,2024-11-17
3919,Customer_1254,KFC,Pizza,Singapore,1,4608.07,3.0,2024-03-20
3920,Customer_2429,Pizza Hut,Fast Food,Sri Lanka,2,4624.07,4.1,2026-02-02
3921,Customer_394,Pizza Hut,Pizza,India,8,4239.76,3.1,2025-03-03
3922,Customer_403,Subway,Pizza,Sri Lanka,5,4096.62,4.6,2025-07-24
3923,Customer_470,Dominos,Pizza,Sri Lanka,7,4850.98,2.9,2025-11-03
3924,Customer_1444,Pizza Hut,Burger,Singapore,10,705.86,2.4,2025-07-02
3925,Customer_2707,Subway,Sandwich,Australia,7,3914.35,3.1,2024-02-06
3926,Customer_1558,Dominos,Pizza,Sri Lanka,1,2656.25,1.6,2024-06-13
3927,Customer_642,Pizza Hut,Fast Food,Australia,8,1194.52,1.8,2025-05-14
3928,Customer_1441,Dominos,Burger,Sri Lanka,8,2820.94,3.9,2024-08-03
3929,Customer_118,Subway,Pizza,Sri Lanka,7,3216.47,4.8,2025-12-30
3930,Customer_2452,Subway,Burger,Sri Lanka,5,2060.06,2.1,2025-06-16
3931,Customer_838,Dominos,Sandwich,Sri Lanka,5,2243.88,2.1,2025-07-15
3932,Customer_1781,Dominos,Sandwich,Singapore,6,807.7,3.2,2024-02-06
3933,Customer_2013,Pizza Hut,Fast Food,Singapore,5,2094.46,1.2,2026-02-20
3934,Customer_2489,Burger King,Sandwich,India,5,1620.25,4.0,2025-11-15
3935,Customer_200,Dominos,Pizza,India,1,3738.92,1.5,2025-05-30
3936,Customer_1418,Dominos,Burger,India,4,3967.39,3.8,2025-06-25
3937,Customer_992,Pizza Hut,Pizza,Sri Lanka,7,2728.08,3.2,2025-05-08
3938,Customer_2425,KFC,Sandwich,Sri Lanka,6,1774.27,2.9,2024-04-20
3939,Customer_52,Pizza Hut,Pizza,Australia,1,1123.23,2.5,2024-06-06
3940,Customer_1189,Burger King,Burger,Sri Lanka,1,4985.54,2.2,2026-04-17
3941,Customer_2078,Pizza Hut,Pizza,Singapore,7,3339.94,1.9,2024-02-02
3942,Customer_1960,KFC,Burger,Singapore,2,2262.78,1.1,2025-06-06
3943,Customer_1156,KFC,Pizza,Sri Lanka,1,634.59,1.3,2026-03-28
3944,Customer_1282,KFC,Burger,India,1,2712.73,4.9,2024-08-16
3945,Customer_436,Dominos,Sandwich,Australia,5,2359.91,2.5,2024-10-11
3946,Customer_2537,Dominos,Pizza,Australia,2,2848.41,4.2,2025-06-08
3947,Customer_596,Burger King,Pizza,Singapore,6,3343.26,1.2,2024-06-09
3948,Customer_522,KFC,Fast Food,India,4,4534.88,2.1,2024-06-18
3949,Customer_1566,Dominos,Sandwich,Sri Lanka,3,2117.42,3.6,2025-01-16
3950,Customer_2310,Pizza Hut,Burger,Sri Lanka,9,4328.78,1.7,2025-06-15
3951,Customer_2077,Pizza Hut,Burger,Sri Lanka,7,2311.46,1.2,2026-06-01
3952,Customer_471,KFC,Pizza,India,8,2872.42,2.2,2025-07-09
3953,Customer_1991,Subway,Fast Food,Singapore,4,2373.28,2.3,2024-10-09
3954,Customer_1602,Subway,Burger,Australia,5,1863.19,1.1,2025-04-30
3955,Customer_1064,Subway,Pizza,Australia,9,2948.99,2.6,2024-06-12
3956,Customer_289,KFC,Sandwich,India,8,845.64,2.5,2026-01-11
3957,Customer_302,Pizza Hut,Fast Food,India,7,3555.68,3.5,2024-08-19
3958,Customer_499,Burger King,Fast Food,India,10,2339.44,2.5,2026-04-11
3959,Customer_1081,Dominos,Fast Food,Sri Lanka,2,4165.62,4.2,2024-01-26
3960,Customer_513,Burger King,Sandwich,India,5,3768.26,2.6,2025-09-22
3961,Customer_2741,KFC,Burger,Sri Lanka,1,1492.0,1.3,2025-07-19
3962,Customer_812,Pizza Hut,Fast Food,Sri Lanka,9,3350.7,2.2,2024-04-05
3963,Customer_352,KFC,Pizza,Australia,2,2502.2,3.3,2024-12-16
3964,Customer_1269,Burger King,Sandwich,Sri Lanka,9,2125.21,1.0,2024-01-03
3965,Customer_1126,Pizza Hut,Sandwich,Singapore,2,1831.6,4.3,2026-02-01
3966,Customer_2157,KFC,Fast Food,Sri Lanka,4,970.55,4.2,2025-04-14
3967,Customer_1597,Burger King,Burger,Singapore,3,4758.65,1.6,2024-12-28
3968,Customer_2710,Dominos,Burger,Sri Lanka,8,3765.4,1.1,2024-12-01
3969,Customer_1843,Burger King,Burger,Singapore,1,3219.21,1.9,2024-08-07
3970,Customer_437,KFC,Sandwich,Australia,2,1336.2,3.5,2025-09-15
3971,Customer_291,Pizza Hut,Sandwich,Sri Lanka,4,1255.23,4.0,2024-11-03
3972,Customer_1437,KFC,Fast Food,Sri Lanka,6,2700.1,4.8,2025-04-06
3973,Customer_359,Pizza Hut,Fast Food,Sri Lanka,9,3211.52,3.6,2024-09-04
3974,Customer_1668,Pizza Hut,Pizza,Australia,4,2282.74,2.6,2024-10-29
3975,Customer_88,Pizza Hut,Burger,Singapore,5,4777.62,2.6,2024-10-22
3976,Customer_1231,Subway,Sandwich,Australia,9,1635.47,1.3,2025-09-05
3977,Customer_2661,KFC,Sandwich,Sri Lanka,1,4947.03,4.7,2024-01-13
3978,Customer_1920,Pizza Hut,Fast Food,Singapore,8,4773.58,4.1,2025-04-11
3979,Customer_2679,Dominos,Burger,Australia,10,1387.72,1.8,2024-08-15
3980,Customer_1820,Subway,Fast Food,Sri Lanka,2,2490.57,3.3,2024-02-07
3981,Customer_1734,Pizza Hut,Fast Food,Australia,10,606.32,4.7,2026-02-16
3982,Customer_1174,Burger King,Fast Food,Australia,6,4321.44,2.7,2024-10-01
3983,Customer_932,KFC,Pizza,Australia,10,3786.85,4.9,2024-10-13
3984,Customer_1533,KFC,Pizza,Sri Lanka,8,3992.7,1.1,2024-12-16
3985,Customer_2978,KFC,Burger,India,1,4443.95,4.0,2024-08-04
3986,Customer_2529,Subway,Pizza,Singapore,7,4909.76,1.9,2024-11-14
3987,Customer_2940,Pizza Hut,Sandwich,Singapore,4,966.95,2.8,2025-01-30
3988,Customer_1243,Dominos,Pizza,Australia,9,2728.89,3.9,2025-08-04
3989,Customer_2295,Burger King,Sandwich,Australia,4,4260.17,1.6,2024-07-19
3990,Customer_2699,Dominos,Sandwich,Sri Lanka,5,3655.83,5.0,2025-05-05
3991,Customer_1121,Subway,Pizza,Sri Lanka,8,4628.35,2.6,2024-09-04
3992,Customer_1764,Pizza Hut,Burger,Australia,9,3384.88,2.9,2024-02-04
3993,Customer_1309,Dominos,Pizza,Sri Lanka,2,2248.62,2.4,2024-08-22
3994,Customer_2857,Subway,Pizza,Australia,5,2269.15,2.6,2025-02-06
3995,Customer_2428,Subway,Sandwich,Sri Lanka,2,4724.02,3.7,2026-04-19
3996,Customer_2646,Burger King,Burger,Singapore,1,4311.3,1.9,2025-10-05
3997,Customer_973,Burger King,Pizza,Singapore,2,3759.34,4.9,2026-01-04
3998,Customer_2389,KFC,Burger,Australia,3,3219.52,4.4,2025-02-11
3999,Customer_1349,Pizza Hut,Pizza,Singapore,1,531.9,3.7,2024-02-26
4000,Customer_456,Pizza Hut,Fast Food,Australia,7,832.1,1.3,2026-03-13
4001,Customer_1883,KFC,Burger,Australia,10,3320.6,1.3,2025-08-22
4002,Customer_947,Pizza Hut,Fast Food,India,4,2888.85,2.2,2024-03-30
4003,Customer_2347,Subway,Fast Food,Singapore,8,1075.36,3.7,2025-01-19
4004,Customer_302,Pizza Hut,Burger,Australia,9,1061.91,3.7,2024-08-11
4005,Customer_2573,KFC,Sandwich,Australia,6,3760.88,1.3,2025-04-22
4006,Customer_518,Pizza Hut,Pizza,India,1,2347.97,4.0,2024-05-21
4007,Customer_2979,Dominos,Burger,Sri Lanka,8,2229.83,3.6,2025-06-22
4008,Customer_2941,KFC,Fast Food,India,4,2360.57,4.1,2025-10-04
4009,Customer_2572,Dominos,Pizza,Singapore,9,1351.73,4.7,2025-12-07
4010,Customer_2421,Pizza Hut,Sandwich,Singapore,7,1732.62,4.3,2025-09-16
4011,Customer_923,Subway,Fast Food,India,3,4898.8,1.6,2024-05-30
4012,Customer_612,Dominos,Sandwich,Sri Lanka,3,2212.4,3.4,2025-06-30
4013,Customer_2389,Burger King,Burger,India,3,1908.6,4.6,2025-04-17
4014,Customer_1054,Burger King,Burger,Australia,4,4106.46,4.0,2025-02-28
4015,Customer_2882,Subway,Sandwich,Sri Lanka,2,834.73,4.1,2025-03-15
4016,Customer_905,Pizza Hut,Sandwich,Australia,1,3222.5,3.1,2024-08-15
4017,Customer_2302,Dominos,Sandwich,Sri Lanka,6,1927.69,2.4,2024-11-24
4018,Customer_2704,Pizza Hut,Sandwich,India,8,2887.91,4.7,2025-11-22
4019,Customer_704,Burger King,Fast Food,India,1,3709.58,2.1,2024-02-23
4020,Customer_965,Dominos,Pizza,Sri Lanka,7,1303.6,3.9,2025-02-03
4021,Customer_1620,Pizza Hut,Pizza,India,4,1958.0,2.2,2025-02-10
4022,Customer_28,KFC,Burger,Australia,10,3152.47,4.8,2025-07-02
4023,Customer_932,Dominos,Pizza,Australia,8,4337.22,2.3,2025-04-24
4024,Customer_277,Subway,Pizza,Australia,8,1712.45,1.3,2024-12-20
4025,Customer_1964,KFC,Sandwich,Singapore,1,1482.88,3.1,2024-03-06
4026,Customer_1455,Dominos,Sandwich,Singapore,2,965.35,2.5,2024-05-31
4027,Customer_1195,KFC,Pizza,India,1,4084.17,3.2,2025-07-22
4028,Customer_1630,KFC,Fast Food,India,10,4838.03,3.5,2025-01-05
4029,Customer_2289,KFC,Sandwich,India,3,4097.17,1.2,2025-10-14
4030,Customer_2798,Subway,Pizza,Sri Lanka,3,3365.05,1.9,2025-04-28
4031,Customer_1447,Burger King,Burger,India,3,512.01,1.5,2025-03-13
4032,Customer_2528,Dominos,Fast Food,Australia,3,2951.46,2.0,2024-03-06
4033,Customer_285,Dominos,Pizza,Singapore,10,3641.84,4.0,2025-11-20
4034,Customer_2578,Dominos,Burger,Sri Lanka,3,3311.18,3.9,2024-08-02
4035,Customer_1360,Pizza Hut,Fast Food,Sri Lanka,6,4482.51,1.1,2024-12-27
4036,Customer_2534,Burger King,Burger,India,3,2431.73,1.7,2024-04-27
4037,Customer_196,Pizza Hut,Pizza,Singapore,1,4982.15,1.5,2025-12-07
4038,Customer_1320,Pizza Hut,Pizza,India,1,3674.25,1.8,2024-09-03
4039,Customer_2797,KFC,Burger,India,8,1989.02,1.8,2024-10-05
4040,Customer_1781,Subway,Pizza,Sri Lanka,10,1003.36,2.7,2024-04-27
4041,Customer_906,Pizza Hut,Sandwich,Singapore,10,2234.78,3.2,2025-02-09
4042,Customer_2770,Burger King,Fast Food,India,4,4361.58,2.0,2026-01-14
4043,Customer_1036,Pizza Hut,Fast Food,Singapore,2,2461.52,2.1,2024-10-12
4044,Customer_18,Pizza Hut,Burger,Australia,6,2985.44,1.4,2025-04-20
4045,Customer_2687,Pizza Hut,Sandwich,Singapore,5,1142.16,4.8,2026-01-16
4046,Customer_2840,KFC,Fast Food,India,5,931.52,2.4,2026-04-30
4047,Customer_75,Subway,Sandwich,Singapore,2,3788.64,4.1,2024-11-21
4048,Customer_1352,KFC,Burger,Australia,3,3641.59,3.8,2024-05-05
4049,Customer_2707,Subway,Fast Food,Australia,9,4268.54,1.8,2024-05-16
4050,Customer_2654,Dominos,Burger,India,6,4645.55,4.0,2025-04-11
4051,Customer_2921,Burger King,Sandwich,Singapore,3,4722.89,4.0,2025-12-17
4052,Customer_813,Subway,Burger,Sri Lanka,2,891.23,4.7,2025-11-23
4053,Customer_652,Burger King,Burger,Singapore,3,2583.53,3.8,2026-03-05
4054,Customer_2205,KFC,Sandwich,Sri Lanka,4,871.05,2.8,2025-07-19
4055,Customer_2407,Pizza Hut,Pizza,Sri Lanka,5,4588.14,2.4,2025-06-28
4056,Customer_2079,Pizza Hut,Sandwich,Sri Lanka,9,2442.95,4.2,2025-06-30
4057,Customer_1268,KFC,Pizza,India,6,4807.75,2.3,2026-05-19
4058,Customer_1209,Burger King,Pizza,Sri Lanka,6,3814.04,2.4,2025-12-09
4059,Customer_1815,Burger King,Sandwich,Singapore,10,3232.7,4.4,2025-02-20
4060,Customer_2788,KFC,Sandwich,India,1,3688.89,4.0,2024-04-19
4061,Customer_1687,KFC,Sandwich,Australia,6,3951.74,3.7,2025-04-23
4062,Customer_1594,Pizza Hut,Burger,Singapore,1,4090.96,1.4,2024-03-30
4063,Customer_2701,KFC,Pizza,Sri Lanka,4,1406.38,3.8,2024-12-22
4064,Customer_1540,Pizza Hut,Fast Food,India,5,2563.28,3.7,2025-09-01
4065,Customer_533,Subway,Pizza,Sri Lanka,8,1763.43,4.6,2024-03-13
4066,Customer_479,KFC,Sandwich,India,8,973.1,4.6,2026-01-28
4067,Customer_2851,Dominos,Fast Food,India,4,2843.92,2.9,2024-12-02
4068,Customer_2127,Burger King,Pizza,Australia,9,4373.51,3.0,2025-07-07
4069,Customer_2671,Pizza Hut,Burger,India,10,2603.35,3.8,2025-06-08
4070,Customer_2916,Subway,Fast Food,Sri Lanka,8,1567.45,3.3,2024-02-22
4071,Customer_2386,Subway,Burger,Australia,6,2581.5,4.6,2025-09-22
4072,Customer_1035,Burger King,Burger,Sri Lanka,1,2533.55,3.3,2025-11-06
4073,Customer_698,Dominos,Pizza,Singapore,6,1781.64,1.9,2026-04-28
4074,Customer_1852,Burger King,Fast Food,Singapore,1,4715.07,3.9,2026-02-26
4075,Customer_1397,Subway,Pizza,Australia,10,3833.47,2.8,2024-09-12
4076,Customer_2884,Subway,Sandwich,Australia,9,4347.82,2.8,2025-09-12
4077,Customer_914,Dominos,Burger,Singapore,9,824.2,2.9,2026-02-13
4078,Customer_894,Burger King,Fast Food,Singapore,4,755.55,2.8,2024-11-12
4079,Customer_401,Dominos,Sandwich,Singapore,2,4460.73,3.7,2025-11-17
4080,Customer_792,Burger King,Fast Food,Sri Lanka,8,2785.37,1.9,2026-05-30
4081,Customer_642,KFC,Pizza,India,9,1946.96,1.1,2025-08-20
4082,Customer_1675,Subway,Burger,India,9,1998.64,4.1,2024-07-12
4083,Customer_768,KFC,Fast Food,India,7,1917.77,1.6,2026-01-15
4084,Customer_1285,Burger King,Fast Food,Australia,10,2527.21,2.0,2024-08-31
4085,Customer_220,KFC,Pizza,India,4,1705.27,2.9,2025-12-07
4086,Customer_1737,Subway,Burger,Sri Lanka,10,1593.62,2.4,2024-10-26
4087,Customer_1412,Dominos,Fast Food,India,1,684.3,1.5,2025-01-11
4088,Customer_302,KFC,Sandwich,Australia,5,4716.58,4.2,2024-09-14
4089,Customer_1123,Dominos,Sandwich,Sri Lanka,3,984.98,3.3,2025-07-31
4090,Customer_2446,Pizza Hut,Pizza,Singapore,1,4292.32,2.3,2025-11-09
4091,Customer_1660,Pizza Hut,Pizza,India,3,4578.58,3.2,2025-03-24
4092,Customer_2688,Pizza Hut,Burger,Singapore,5,1774.78,3.2,2024-08-30
4093,Customer_1018,Pizza Hut,Burger,Australia,6,1957.29,4.8,2024-12-27
4094,Customer_1364,Pizza Hut,Pizza,Singapore,4,3675.62,2.7,2025-08-17
4095,Customer_2042,Dominos,Burger,India,4,3407.75,3.0,2025-05-26
4096,Customer_786,Subway,Fast Food,Australia,7,659.15,3.1,2026-05-28
4097,Customer_1001,Dominos,Sandwich,India,7,4504.06,3.3,2025-12-11
4098,Customer_2809,KFC,Pizza,Sri Lanka,10,2498.55,4.8,2024-07-07
4099,Customer_96,Dominos,Fast Food,Singapore,10,667.07,3.6,2025-11-23
4100,Customer_98,Pizza Hut,Burger,Sri Lanka,3,674.03,1.8,2025-04-18
4101,Customer_856,Burger King,Burger,Sri Lanka,8,2463.91,2.9,2026-05-18
4102,Customer_470,Dominos,Pizza,Sri Lanka,9,3420.74,3.7,2024-06-16
4103,Customer_2811,KFC,Fast Food,India,10,4639.39,4.1,2026-02-12
4104,Customer_601,Pizza Hut,Fast Food,Australia,4,612.01,1.3,2025-09-16
4105,Customer_1712,Pizza Hut,Fast Food,India,3,2799.09,3.6,2024-06-26
4106,Customer_1146,KFC,Sandwich,Sri Lanka,6,1787.32,3.2,2025-03-31
4107,Customer_2218,Subway,Sandwich,India,9,4700.9,1.2,2025-05-17
4108,Customer_618,KFC,Fast Food,Sri Lanka,3,2396.25,3.3,2024-07-17
4109,Customer_1193,Burger King,Sandwich,Singapore,6,2764.71,2.3,2024-02-24
4110,Customer_1109,Dominos,Sandwich,Sri Lanka,10,2376.3,3.8,2026-01-28
4111,Customer_2650,Dominos,Burger,Singapore,3,3626.49,2.0,2024-01-20
4112,Customer_1404,KFC,Burger,Singapore,4,2538.72,2.9,2026-04-16
4113,Customer_1923,Dominos,Burger,Sri Lanka,8,516.22,3.8,2024-09-13
4114,Customer_1117,Dominos,Burger,Singapore,8,2561.67,4.5,2025-09-12
4115,Customer_354,KFC,Sandwich,India,9,1878.42,2.6,2025-03-20
4116,Customer_2453,KFC,Pizza,Singapore,2,3683.5,4.0,2024-03-03
4117,Customer_490,Dominos,Fast Food,Sri Lanka,6,1381.44,3.0,2024-09-20
4118,Customer_2114,Dominos,Fast Food,Australia,7,3778.86,2.6,2025-10-22
4119,Customer_44,KFC,Fast Food,Singapore,7,1875.26,2.9,2025-06-11
4120,Customer_2365,Burger King,Fast Food,India,8,3121.85,1.8,2026-06-09
4121,Customer_714,Burger King,Pizza,Australia,4,4923.42,3.7,2024-05-06
4122,Customer_341,Dominos,Fast Food,Sri Lanka,10,3217.69,4.9,2024-10-03
4123,Customer_2790,Burger King,Fast Food,Singapore,1,4689.33,1.5,2025-07-23
4124,Customer_2836,Subway,Sandwich,Singapore,2,2151.59,1.2,2024-01-02
4125,Customer_2658,Pizza Hut,Fast Food,Singapore,5,761.97,1.9,2025-04-23
4126,Customer_2245,Subway,Burger,Singapore,10,2206.88,3.8,2025-03-10
4127,Customer_1203,Dominos,Fast Food,Sri Lanka,6,4885.01,1.4,2025-10-25
4128,Customer_2338,Pizza Hut,Fast Food,Singapore,1,4168.59,3.0,2026-04-28
4129,Customer_1484,Pizza Hut,Pizza,Sri Lanka,6,716.29,2.4,2026-01-24
4130,Customer_2316,Dominos,Pizza,India,10,1290.31,1.3,2024-10-22
4131,Customer_706,Subway,Sandwich,Australia,10,4057.5,2.9,2025-11-21
4132,Customer_1888,Burger King,Pizza,Singapore,6,3177.51,4.0,2025-10-25
4133,Customer_1267,Burger King,Pizza,Australia,3,2226.1,3.7,2025-04-07
4134,Customer_1057,KFC,Fast Food,Australia,2,2320.09,1.5,2025-09-22
4135,Customer_2945,KFC,Sandwich,Australia,1,4735.21,4.1,2026-03-08
4136,Customer_1501,Pizza Hut,Pizza,India,8,4718.44,4.9,2026-05-21
4137,Customer_942,Dominos,Sandwich,Singapore,10,3971.51,3.7,2026-02-24
4138,Customer_1554,Subway,Fast Food,Singapore,1,4268.67,2.3,2025-04-03
4139,Customer_363,Dominos,Burger,Sri Lanka,6,2844.34,3.5,2025-05-23
4140,Customer_2115,Subway,Fast Food,Australia,5,3147.04,1.1,2025-02-04
4141,Customer_867,Burger King,Sandwich,India,5,3805.12,3.7,2024-02-29
4142,Customer_1047,Burger King,Burger,Sri Lanka,10,3277.41,3.2,2025-03-30
4143,Customer_749,Burger King,Burger,India,6,1154.11,2.8,2024-08-02
4144,Customer_448,Pizza Hut,Fast Food,Sri Lanka,1,4599.7,3.1,2025-08-28
4145,Customer_2839,Pizza Hut,Burger,Singapore,7,4536.8,3.4,2026-03-30
4146,Customer_2978,Burger King,Pizza,India,2,1592.43,4.3,2025-11-15
4147,Customer_483,Subway,Pizza,Sri Lanka,8,3754.46,1.8,2025-02-25
4148,Customer_2840,Subway,Fast Food,Sri Lanka,3,1165.09,4.4,2024-10-08
4149,Customer_635,Burger King,Sandwich,India,1,2007.26,2.3,2024-09-28
4150,Customer_672,Subway,Sandwich,Sri Lanka,10,1134.08,1.3,2025-07-13
4151,Customer_1155,Dominos,Burger,Australia,8,1872.71,1.0,2026-02-15
4152,Customer_2392,KFC,Sandwich,Sri Lanka,8,3744.76,4.7,2024-06-27
4153,Customer_1944,KFC,Fast Food,Australia,7,853.35,1.7,2025-11-29
4154,Customer_2193,Pizza Hut,Burger,Australia,3,3296.73,4.6,2024-12-10
4155,Customer_1827,Dominos,Sandwich,Singapore,8,1987.89,2.1,2025-03-09
4156,Customer_1057,Dominos,Burger,Sri Lanka,4,1749.36,1.5,2025-06-09
4157,Customer_558,Subway,Pizza,Singapore,1,3610.65,4.9,2025-09-17
4158,Customer_746,Dominos,Burger,Sri Lanka,10,1439.58,2.5,2025-03-21
4159,Customer_2114,Subway,Fast Food,Sri Lanka,3,4281.33,4.4,2024-09-12
4160,Customer_1173,Burger King,Sandwich,India,7,3734.45,3.7,2025-06-24
4161,Customer_487,Pizza Hut,Burger,Singapore,9,4114.93,1.5,2025-02-20
4162,Customer_2873,KFC,Fast Food,Singapore,1,3457.54,2.3,2024-05-15
4163,Customer_2124,Pizza Hut,Burger,India,2,2204.45,1.5,2024-09-15
4164,Customer_1842,Burger King,Pizza,India,1,1459.31,2.8,2024-05-13
4165,Customer_722,Dominos,Fast Food,Singapore,3,1779.21,2.8,2025-11-22
4166,Customer_1443,Dominos,Pizza,Sri Lanka,2,1085.26,1.3,2026-06-14
4167,Customer_2862,Pizza Hut,Sandwich,India,9,4568.35,3.2,2025-07-10
4168,Customer_195,Dominos,Sandwich,Sri Lanka,6,3636.3,2.2,2026-03-28
4169,Customer_2092,Burger King,Sandwich,Singapore,4,2091.38,2.3,2025-09-29
4170,Customer_1215,Pizza Hut,Fast Food,India,9,3562.98,1.7,2026-05-03
4171,Customer_312,KFC,Sandwich,Singapore,10,686.77,4.7,2024-05-22
4172,Customer_2513,Burger King,Sandwich,Australia,3,2915.86,4.6,2026-05-04
4173,Customer_2182,Burger King,Sandwich,Sri Lanka,6,1193.52,2.0,2025-12-10
4174,Customer_903,KFC,Sandwich,Sri Lanka,3,1443.24,1.6,2025-11-16
4175,Customer_852,Dominos,Sandwich,Singapore,5,1070.49,2.8,2024-01-18
4176,Customer_1969,Subway,Sandwich,India,7,4751.33,3.8,2026-06-12
4177,Customer_1385,KFC,Sandwich,India,9,2582.46,2.5,2026-03-07
4178,Customer_2959,KFC,Pizza,Sri Lanka,9,4972.74,2.9,2024-01-30
4179,Customer_928,Burger King,Sandwich,Sri Lanka,1,2330.15,3.7,2025-07-28
4180,Customer_909,Burger King,Burger,Australia,8,1592.23,4.6,2024-08-21
4181,Customer_791,KFC,Sandwich,Singapore,1,751.71,2.3,2024-06-26
4182,Customer_2174,Burger King,Sandwich,India,1,4736.83,4.1,2024-12-13
4183,Customer_2606,KFC,Pizza,Australia,8,4652.51,1.1,2024-08-13
4184,Customer_669,Burger King,Fast Food,India,6,2039.82,2.2,2025-12-27
4185,Customer_2135,Subway,Pizza,Singapore,8,3421.58,2.2,2025-02-24
4186,Customer_1703,Dominos,Fast Food,Australia,10,2395.97,4.1,2024-04-16
4187,Customer_1638,Dominos,Pizza,Singapore,6,2210.51,1.0,2024-10-19
4188,Customer_2110,Burger King,Sandwich,Singapore,4,1432.53,3.8,2024-10-12
4189,Customer_289,KFC,Burger,Australia,6,2905.97,4.7,2025-09-30
4190,Customer_119,Pizza Hut,Sandwich,India,4,3548.26,2.0,2025-03-24
4191,Customer_2387,Subway,Burger,India,7,1735.64,3.0,2024-11-16
4192,Customer_2606,Subway,Burger,India,1,883.14,4.8,2024-01-25
4193,Customer_924,KFC,Fast Food,Sri Lanka,4,3746.03,3.0,2024-02-18
4194,Customer_1540,KFC,Pizza,India,6,2409.34,3.5,2024-04-03
4195,Customer_2246,Pizza Hut,Fast Food,Sri Lanka,2,2146.89,1.9,2024-11-24
4196,Customer_1148,KFC,Burger,Singapore,8,595.29,3.5,2025-04-13
4197,Customer_2012,KFC,Sandwich,Sri Lanka,6,4667.01,2.5,2025-04-05
4198,Customer_2704,Subway,Burger,Singapore,10,3505.04,2.2,2025-03-17
4199,Customer_1396,Subway,Burger,Australia,6,614.38,2.4,2025-05-21
4200,Customer_984,Dominos,Pizza,Sri Lanka,8,1016.3,3.1,2025-10-26
4201,Customer_1173,Pizza Hut,Pizza,Australia,3,3603.55,1.5,2026-06-15
4202,Customer_2715,Burger King,Pizza,Sri Lanka,8,4523.99,4.1,2026-05-23
4203,Customer_2051,KFC,Fast Food,Singapore,6,933.26,1.3,2025-10-22
4204,Customer_2908,KFC,Fast Food,Australia,6,2711.42,3.8,2025-10-06
4205,Customer_611,Pizza Hut,Pizza,Sri Lanka,3,2631.13,2.5,2024-11-23
4206,Customer_1074,Dominos,Pizza,Sri Lanka,9,3787.93,3.2,2025-09-29
4207,Customer_233,KFC,Burger,India,3,3755.73,1.4,2024-11-03
4208,Customer_1166,Burger King,Fast Food,India,10,1401.24,4.1,2024-06-21
4209,Customer_1187,Pizza Hut,Burger,Sri Lanka,3,4087.48,1.4,2024-08-27
4210,Customer_159,Burger King,Pizza,Australia,8,3072.53,3.3,2025-07-18
4211,Customer_2898,Pizza Hut,Burger,Singapore,10,4608.94,1.4,2024-03-03
4212,Customer_2685,KFC,Pizza,Australia,5,2329.86,1.3,2026-03-30
4213,Customer_357,Pizza Hut,Pizza,Australia,4,1678.94,3.0,2025-08-31
4214,Customer_1938,Pizza Hut,Pizza,India,10,3952.12,3.5,2025-01-10
4215,Customer_721,Dominos,Sandwich,Singapore,2,1335.38,2.0,2025-12-09
4216,Customer_527,Pizza Hut,Fast Food,India,1,3979.72,3.5,2026-04-19
4217,Customer_2899,KFC,Fast Food,India,1,915.2,3.4,2025-12-13
4218,Customer_2296,Pizza Hut,Pizza,Sri Lanka,9,2952.66,3.1,2024-11-08
4219,Customer_2370,Dominos,Sandwich,Australia,6,1210.02,1.5,2024-03-12
4220,Customer_442,Subway,Fast Food,India,2,3518.16,1.8,2025-08-09
4221,Customer_2301,KFC,Fast Food,Singapore,3,1550.77,2.7,2025-02-05
4222,Customer_2565,Dominos,Sandwich,Sri Lanka,5,4882.1,3.8,2026-06-02
4223,Customer_284,Dominos,Fast Food,Sri Lanka,4,3608.52,4.6,2025-12-13
4224,Customer_2533,Pizza Hut,Sandwich,Australia,1,1944.77,4.5,2024-04-04
4225,Customer_980,KFC,Pizza,Sri Lanka,4,1725.94,4.2,2024-04-24
4226,Customer_1507,Dominos,Fast Food,Singapore,2,1652.46,3.1,2025-08-29
4227,Customer_1601,Burger King,Fast Food,Singapore,8,2060.39,3.8,2026-02-27
4228,Customer_2898,Dominos,Pizza,India,2,4214.79,4.0,2025-01-01
4229,Customer_482,Dominos,Fast Food,India,8,4818.56,3.0,2024-08-01
4230,Customer_381,Pizza Hut,Burger,Singapore,1,4793.48,4.0,2024-03-19
4231,Customer_2507,Dominos,Pizza,Sri Lanka,7,2295.22,2.8,2025-08-10
4232,Customer_1415,Subway,Burger,Singapore,10,4381.98,4.9,2024-01-14
4233,Customer_2812,Subway,Pizza,India,4,1481.9,2.8,2025-02-10
4234,Customer_2020,Pizza Hut,Burger,Sri Lanka,1,3109.99,4.5,2024-01-30
4235,Customer_1124,Pizza Hut,Sandwich,India,4,1321.73,2.2,2024-03-08
4236,Customer_126,Dominos,Burger,Singapore,5,1783.91,3.8,2026-05-14
4237,Customer_2156,Subway,Pizza,India,4,2606.54,3.4,2025-12-11
4238,Customer_2367,Dominos,Pizza,India,9,4329.13,2.3,2024-01-06
4239,Customer_2837,KFC,Burger,Australia,5,2102.32,5.0,2025-07-08
4240,Customer_867,Subway,Fast Food,Singapore,1,4837.35,4.7,2024-04-25
4241,Customer_677,KFC,Sandwich,Singapore,9,3023.57,1.8,2025-06-15
4242,Customer_2004,KFC,Sandwich,India,3,4787.81,3.1,2025-12-28
4243,Customer_1058,KFC,Sandwich,Australia,8,2138.42,2.2,2024-02-03
4244,Customer_1121,Subway,Sandwich,Singapore,5,942.19,1.9,2025-03-07
4245,Customer_362,KFC,Fast Food,Singapore,4,975.42,2.3,2026-02-24
4246,Customer_2356,Dominos,Sandwich,Singapore,1,1048.23,2.4,2024-06-21
4247,Customer_20,Subway,Fast Food,Sri Lanka,5,1638.78,1.3,2024-11-05
4248,Customer_731,Subway,Fast Food,Australia,4,3663.71,4.6,2025-03-25
4249,Customer_1697,Subway,Sandwich,Sri Lanka,2,1881.12,4.7,2024-03-15
4250,Customer_813,Dominos,Fast Food,Sri Lanka,9,3234.07,2.6,2026-05-30
4251,Customer_91,Burger King,Burger,Australia,5,2205.88,2.4,2026-02-05
4252,Customer_719,Dominos,Pizza,Singapore,9,3888.77,4.7,2024-09-21
4253,Customer_949,Dominos,Sandwich,Sri Lanka,5,4131.3,1.8,2026-03-08
4254,Customer_2772,Burger King,Burger,Australia,6,4314.2,2.4,2026-06-17
4255,Customer_1737,Pizza Hut,Fast Food,India,1,4330.52,1.4,2025-02-24
4256,Customer_2636,KFC,Pizza,Singapore,3,4804.08,4.9,2025-02-27
4257,Customer_2405,Dominos,Burger,India,2,3432.35,3.9,2025-01-20
4258,Customer_1823,KFC,Sandwich,India,9,2154.43,4.1,2026-02-23
4259,Customer_2380,Burger King,Sandwich,Sri Lanka,10,1371.55,1.1,2024-02-26
4260,Customer_2477,Subway,Fast Food,Singapore,6,649.16,1.5,2026-01-03
4261,Customer_1687,Burger King,Fast Food,India,5,4173.11,3.5,2024-07-12
4262,Customer_1115,KFC,Sandwich,Singapore,1,570.18,2.7,2025-07-29
4263,Customer_1995,Subway,Burger,Australia,2,1871.96,1.7,2026-04-09
4264,Customer_1045,Burger King,Sandwich,Singapore,10,1981.86,1.6,2024-12-29
4265,Customer_2854,Dominos,Burger,Singapore,3,2635.93,1.7,2024-03-27
4266,Customer_50,Pizza Hut,Sandwich,Sri Lanka,8,1421.12,2.2,2024-01-08
4267,Customer_2713,Burger King,Burger,India,4,1908.7,1.5,2025-08-16
4268,Customer_2915,KFC,Pizza,India,7,1753.24,3.9,2025-02-23
4269,Customer_1993,Pizza Hut,Fast Food,Sri Lanka,2,2502.3,2.9,2025-09-12
4270,Customer_514,Subway,Burger,Australia,8,2322.66,1.3,2024-04-15
4271,Customer_981,Pizza Hut,Burger,Australia,9,1768.29,3.8,2026-01-26
4272,Customer_1182,KFC,Pizza,Australia,6,3982.41,4.1,2026-05-23
4273,Customer_2220,KFC,Pizza,Singapore,3,3535.26,4.2,2026-04-13
4274,Customer_1472,Dominos,Sandwich,Sri Lanka,4,717.25,1.6,2025-12-31
4275,Customer_1550,Burger King,Sandwich,Singapore,2,4225.72,2.4,2024-11-29
4276,Customer_533,Pizza Hut,Sandwich,Sri Lanka,9,4056.78,2.1,2025-07-27
4277,Customer_9,Dominos,Fast Food,Sri Lanka,7,1036.67,2.2,2026-01-08
4278,Customer_1056,Burger King,Sandwich,Sri Lanka,2,4997.11,4.4,2025-02-14
4279,Customer_248,Subway,Sandwich,Australia,5,1276.08,4.1,2024-09-03
4280,Customer_2005,KFC,Burger,India,4,2736.69,3.9,2026-06-13
4281,Customer_1198,Subway,Sandwich,Singapore,1,754.28,3.2,2025-05-09
4282,Customer_2591,KFC,Burger,India,3,2004.5,1.4,2024-05-03
4283,Customer_2662,Subway,Fast Food,India,3,2327.81,3.3,2024-03-29
4284,Customer_248,Subway,Sandwich,Singapore,7,3776.06,1.6,2025-08-22
4285,Customer_1477,KFC,Pizza,Australia,8,784.3,2.2,2025-03-16
4286,Customer_2739,Subway,Pizza,Sri Lanka,1,4230.99,1.8,2026-02-15
4287,Customer_1935,Pizza Hut,Fast Food,Singapore,1,4148.34,2.9,2026-02-01
4288,Customer_249,Subway,Sandwich,Singapore,10,1511.58,1.1,2026-03-06
4289,Customer_2894,Pizza Hut,Pizza,Australia,9,1720.94,1.6,2026-03-30
4290,Customer_2833,Dominos,Sandwich,Australia,9,2481.16,2.6,2025-12-12
4291,Customer_721,Subway,Sandwich,Australia,1,4335.9,4.2,2025-12-01
4292,Customer_1102,Burger King,Sandwich,Australia,8,1099.54,2.9,2025-11-20
4293,Customer_2773,Burger King,Fast Food,India,9,963.33,5.0,2025-01-04
4294,Customer_2042,Dominos,Burger,Sri Lanka,1,1372.24,2.3,2024-10-04
4295,Customer_611,Pizza Hut,Pizza,Singapore,3,2287.41,5.0,2024-05-15
4296,Customer_239,KFC,Pizza,Singapore,5,2053.91,4.8,2024-08-19
4297,Customer_1816,KFC,Pizza,Sri Lanka,10,4597.34,4.0,2025-01-15
4298,Customer_1057,Pizza Hut,Sandwich,India,6,889.44,3.1,2025-04-17
4299,Customer_2652,KFC,Burger,Singapore,7,3850.84,2.5,2024-05-30
4300,Customer_1404,Subway,Pizza,Singapore,10,3171.0,1.1,2024-05-08
4301,Customer_1468,KFC,Sandwich,Singapore,10,4688.17,1.8,2026-01-07
4302,Customer_1780,KFC,Pizza,Australia,3,1172.52,4.8,2025-05-19
4303,Customer_1640,KFC,Pizza,Singapore,3,4528.44,4.3,2025-12-14
4304,Customer_898,Dominos,Pizza,India,6,3879.12,1.8,2026-04-13
4305,Customer_955,KFC,Sandwich,Sri Lanka,1,2944.48,3.3,2024-02-06
4306,Customer_2683,KFC,Burger,Sri Lanka,4,3843.79,1.0,2024-05-25
4307,Customer_783,KFC,Pizza,Sri Lanka,9,4492.57,3.1,2024-07-21
4308,Customer_1151,Burger King,Sandwich,Sri Lanka,3,2120.21,2.9,2025-06-30
4309,Customer_2564,Pizza Hut,Burger,Singapore,4,2479.5,3.4,2025-07-14
4310,Customer_2912,Burger King,Fast Food,Singapore,7,3071.15,2.5,2026-03-31
4311,Customer_2673,Dominos,Burger,Australia,6,1882.23,3.9,2024-01-17
4312,Customer_591,Pizza Hut,Burger,Singapore,9,4061.98,2.9,2025-12-08
4313,Customer_645,Dominos,Burger,Sri Lanka,6,1428.16,1.6,2025-11-15
4314,Customer_1845,KFC,Sandwich,Australia,10,1418.8,3.9,2026-04-23
4315,Customer_2156,Subway,Pizza,Sri Lanka,4,3214.54,3.5,2024-05-15
4316,Customer_1920,Subway,Pizza,India,2,3620.24,1.1,2025-09-13
4317,Customer_388,Subway,Burger,Singapore,6,4090.41,4.1,2024-06-17
4318,Customer_2806,Pizza Hut,Pizza,Australia,1,2282.55,2.7,2025-11-28
4319,Customer_2660,Subway,Sandwich,Sri Lanka,7,3408.05,1.9,2026-01-24
4320,Customer_2025,Dominos,Sandwich,Sri Lanka,5,4229.77,3.3,2024-10-31
4321,Customer_1756,KFC,Pizza,Australia,10,900.62,3.9,2025-06-28
4322,Customer_2162,Burger King,Pizza,Australia,3,4354.32,2.5,2024-08-24
4323,Customer_423,Burger King,Burger,Singapore,4,4583.95,2.8,2024-06-05
4324,Customer_2347,Dominos,Pizza,Australia,10,2015.68,3.4,2024-07-29
4325,Customer_824,Subway,Burger,Australia,5,2366.41,2.7,2024-01-08
4326,Customer_2675,Burger King,Pizza,Sri Lanka,8,761.94,3.0,2025-11-09
4327,Customer_220,KFC,Fast Food,Sri Lanka,3,3813.36,4.8,2024-02-02
4328,Customer_1558,Dominos,Pizza,India,6,3811.24,3.6,2024-07-27
4329,Customer_840,KFC,Pizza,India,5,4631.56,2.8,2025-04-17
4330,Customer_876,Subway,Fast Food,Singapore,7,522.9,1.4,2025-07-31
4331,Customer_137,Subway,Fast Food,Australia,9,2837.29,2.6,2024-05-06
4332,Customer_94,Dominos,Pizza,India,7,1892.94,4.7,2026-01-14
4333,Customer_2285,Subway,Pizza,Singapore,9,2108.32,2.5,2025-04-03
4334,Customer_375,Dominos,Sandwich,Sri Lanka,10,3519.03,3.4,2024-10-13
4335,Customer_397,Dominos,Burger,Australia,9,983.49,2.1,2025-05-22
4336,Customer_2011,KFC,Burger,Singapore,7,4826.15,4.3,2026-02-08
4337,Customer_2023,KFC,Pizza,Singapore,9,4469.82,4.0,2024-09-18
4338,Customer_2915,Burger King,Pizza,Sri Lanka,6,2250.46,2.4,2026-03-16
4339,Customer_2266,KFC,Sandwich,Australia,8,2491.44,3.4,2024-03-30
4340,Customer_2211,Subway,Pizza,Singapore,5,1604.8,2.1,2026-02-10
4341,Customer_2484,Dominos,Burger,India,9,682.6,1.6,2024-02-14
4342,Customer_237,KFC,Pizza,Sri Lanka,9,4372.58,3.6,2024-11-27
4343,Customer_2757,Dominos,Burger,Singapore,10,4785.36,1.7,2026-04-28
4344,Customer_1222,KFC,Burger,Australia,9,2325.65,2.3,2024-08-15
4345,Customer_765,Pizza Hut,Burger,Singapore,1,4201.45,3.0,2024-04-24
4346,Customer_21,Subway,Fast Food,India,6,4405.02,2.7,2024-03-06
4347,Customer_1564,Dominos,Fast Food,Australia,10,4110.71,1.8,2024-10-24
4348,Customer_1064,Dominos,Burger,Singapore,7,3805.95,3.3,2025-02-16
4349,Customer_336,Dominos,Fast Food,India,3,1021.07,2.4,2025-11-03
4350,Customer_974,Subway,Sandwich,Australia,6,2980.62,2.6,2026-02-11
4351,Customer_2913,Pizza Hut,Fast Food,Sri Lanka,5,1051.8,3.1,2025-05-29
4352,Customer_881,KFC,Burger,India,9,2371.93,3.9,2024-08-14
4353,Customer_6,Pizza Hut,Pizza,Australia,6,3871.44,4.1,2025-02-14
4354,Customer_686,Subway,Burger,Singapore,4,4054.18,1.0,2024-01-27
4355,Customer_128,Pizza Hut,Pizza,Australia,6,4352.68,1.4,2026-06-15
4356,Customer_380,Burger King,Fast Food,Singapore,2,3189.82,3.4,2025-07-08
4357,Customer_2370,Pizza Hut,Pizza,Singapore,6,662.82,2.4,2026-02-28
4358,Customer_2358,Pizza Hut,Pizza,Singapore,9,2471.1,3.0,2024-05-03
4359,Customer_2705,Dominos,Fast Food,Singapore,1,2913.21,3.6,2026-03-25
4360,Customer_605,Subway,Pizza,India,9,4582.28,4.8,2025-09-16
4361,Customer_1498,Pizza Hut,Sandwich,Sri Lanka,10,2401.54,1.6,2026-05-17
4362,Customer_902,KFC,Pizza,Sri Lanka,4,1757.52,2.4,2025-08-28
4363,Customer_173,Subway,Burger,Sri Lanka,1,4746.51,4.3,2024-05-18
4364,Customer_2770,Pizza Hut,Sandwich,Singapore,6,2849.68,2.4,2025-05-04
4365,Customer_2935,Dominos,Burger,Sri Lanka,7,2297.42,1.3,2024-06-07
4366,Customer_1698,KFC,Fast Food,India,1,4976.05,3.4,2024-07-04
4367,Customer_1518,Pizza Hut,Sandwich,Australia,8,3531.98,1.7,2026-04-30
4368,Customer_2271,Dominos,Fast Food,Sri Lanka,9,868.41,1.5,2024-04-30
4369,Customer_540,KFC,Pizza,India,1,1319.49,2.4,2026-01-17
4370,Customer_2081,Dominos,Pizza,Sri Lanka,7,4046.14,1.9,2026-06-14
4371,Customer_1166,Burger King,Sandwich,Sri Lanka,1,4466.63,3.8,2026-03-20
4372,Customer_442,Subway,Sandwich,Sri Lanka,5,2116.9,2.4,2025-10-10
4373,Customer_267,KFC,Fast Food,India,7,526.49,1.5,2024-04-01
4374,Customer_1123,Pizza Hut,Fast Food,Australia,5,3862.18,4.2,2026-03-15
4375,Customer_175,Subway,Fast Food,Singapore,2,1654.94,4.2,2026-05-09
4376,Customer_968,Burger King,Sandwich,Australia,5,1762.2,4.5,2025-07-19
4377,Customer_1655,Pizza Hut,Burger,Sri Lanka,7,4224.63,3.8,2024-01-31
4378,Customer_1075,Burger King,Sandwich,Singapore,10,3008.76,3.7,2025-04-12
4379,Customer_2238,Burger King,Fast Food,Singapore,5,1137.47,4.9,2025-10-14
4380,Customer_1250,KFC,Fast Food,Australia,10,2115.89,4.7,2024-03-21
4381,Customer_1815,Dominos,Pizza,Australia,4,3535.17,3.5,2025-10-28
4382,Customer_1861,Dominos,Sandwich,Sri Lanka,10,4128.9,1.8,2024-10-21
4383,Customer_1601,Burger King,Sandwich,India,9,4911.85,2.6,2024-04-08
4384,Customer_1203,Dominos,Burger,Sri Lanka,3,4847.39,4.8,2025-04-25
4385,Customer_531,Subway,Sandwich,Singapore,2,1044.32,2.6,2025-01-31
4386,Customer_2946,Subway,Sandwich,Singapore,1,3955.97,2.2,2024-05-20
4387,Customer_523,Burger King,Sandwich,Singapore,8,3427.1,1.5,2025-06-18
4388,Customer_1551,KFC,Sandwich,Singapore,5,701.62,1.3,2025-01-13
4389,Customer_2037,KFC,Pizza,Sri Lanka,3,1950.3,2.1,2025-01-07
4390,Customer_1394,KFC,Burger,Singapore,1,503.09,2.3,2024-07-26
4391,Customer_2141,Subway,Burger,Singapore,2,2536.77,1.4,2026-05-07
4392,Customer_232,Burger King,Pizza,Sri Lanka,6,4586.87,4.6,2026-05-19
4393,Customer_816,Pizza Hut,Pizza,Sri Lanka,9,1724.88,4.7,2024-12-04
4394,Customer_1350,Subway,Pizza,Australia,3,1589.9,1.5,2024-01-18
4395,Customer_2913,Pizza Hut,Fast Food,Sri Lanka,3,4646.11,3.3,2026-01-05
4396,Customer_927,Pizza Hut,Burger,Sri Lanka,5,4379.54,4.2,2024-09-21
4397,Customer_1989,Subway,Pizza,Australia,4,3564.11,3.5,2025-07-05
4398,Customer_1974,Subway,Pizza,Australia,1,3903.46,1.4,2026-06-15
4399,Customer_1750,Subway,Pizza,India,2,1476.55,3.5,2024-04-27
4400,Customer_2792,Subway,Fast Food,Sri Lanka,1,4820.51,4.2,2025-08-02
4401,Customer_1569,KFC,Burger,India,7,2047.12,2.9,2025-08-03
4402,Customer_2526,Dominos,Pizza,Australia,6,2767.71,2.8,2026-03-01
4403,Customer_1421,KFC,Sandwich,India,5,2760.21,4.8,2024-10-16
4404,Customer_801,Dominos,Pizza,Australia,5,1829.42,1.7,2024-05-27
4405,Customer_1319,KFC,Burger,Sri Lanka,2,4545.66,4.9,2025-10-16
4406,Customer_2282,KFC,Fast Food,Australia,1,4932.07,2.0,2025-11-26
4407,Customer_944,Subway,Pizza,Singapore,3,532.02,2.0,2025-01-09
4408,Customer_1937,Dominos,Sandwich,Singapore,1,2895.25,3.2,2025-02-10
4409,Customer_1226,Burger King,Sandwich,Sri Lanka,3,750.27,2.9,2025-05-22
4410,Customer_296,KFC,Sandwich,Australia,10,1353.12,2.5,2024-07-31
4411,Customer_2906,KFC,Sandwich,India,2,3455.0,1.1,2026-02-07
4412,Customer_1211,Pizza Hut,Burger,Australia,4,517.07,4.3,2026-05-11
4413,Customer_1588,Pizza Hut,Burger,Australia,6,1140.51,4.2,2024-01-16
4414,Customer_1565,Burger King,Burger,Singapore,5,1720.49,1.8,2025-09-03
4415,Customer_2438,Subway,Sandwich,Sri Lanka,2,3575.86,2.4,2024-03-11
4416,Customer_996,Burger King,Sandwich,India,10,2444.61,3.5,2024-08-20
4417,Customer_378,Pizza Hut,Fast Food,India,5,1518.29,2.2,2024-01-30
4418,Customer_2033,Burger King,Burger,Singapore,2,3801.48,3.1,2025-09-06
4419,Customer_1951,Subway,Sandwich,Sri Lanka,3,1020.22,3.3,2024-04-04
4420,Customer_2045,Subway,Burger,India,8,2466.97,4.7,2024-06-06
4421,Customer_523,Dominos,Burger,Sri Lanka,4,1464.74,1.6,2025-06-11
4422,Customer_939,Subway,Burger,Australia,9,684.31,4.5,2024-07-09
4423,Customer_1188,Dominos,Pizza,Sri Lanka,5,3793.26,4.5,2024-01-15
4424,Customer_2152,KFC,Sandwich,Singapore,5,2569.24,3.9,2026-06-17
4425,Customer_1048,Pizza Hut,Sandwich,Sri Lanka,4,2312.1,2.6,2025-05-23
4426,Customer_1447,Dominos,Fast Food,Sri Lanka,8,2199.31,3.9,2026-02-19
4427,Customer_2252,KFC,Fast Food,India,9,1071.77,3.3,2024-06-14
4428,Customer_2063,Dominos,Pizza,Singapore,9,4055.61,4.1,2024-08-05
4429,Customer_1748,Burger King,Pizza,India,4,4327.19,4.6,2024-05-16
4430,Customer_1476,Subway,Sandwich,India,1,4550.6,2.6,2026-01-09
4431,Customer_133,Burger King,Burger,India,2,1317.67,2.0,2025-02-10
4432,Customer_843,Burger King,Burger,Sri Lanka,2,4849.64,3.6,2024-09-27
4433,Customer_1774,Burger King,Fast Food,India,5,1315.92,1.1,2026-05-30
4434,Customer_963,Dominos,Fast Food,Singapore,1,1881.18,3.8,2025-02-02
4435,Customer_1542,Burger King,Fast Food,Sri Lanka,7,3769.75,3.3,2024-08-18
4436,Customer_2263,Burger King,Burger,India,2,3301.99,3.0,2025-01-05
4437,Customer_809,Pizza Hut,Pizza,Singapore,4,4593.15,2.6,2026-02-11
4438,Customer_2034,KFC,Sandwich,Singapore,8,2424.51,3.0,2025-08-13
4439,Customer_1500,Subway,Pizza,Australia,9,2413.15,1.8,2025-05-14
4440,Customer_1265,Pizza Hut,Sandwich,Australia,10,828.38,2.4,2026-03-05
4441,Customer_2275,Pizza Hut,Burger,India,7,4039.8,4.4,2026-03-04
4442,Customer_822,Subway,Fast Food,Singapore,7,1017.42,4.5,2024-07-15
4443,Customer_385,Pizza Hut,Fast Food,India,10,978.18,2.2,2024-02-03
4444,Customer_1261,Burger King,Pizza,India,7,4873.19,3.0,2024-01-01
4445,Customer_306,Burger King,Fast Food,Sri Lanka,1,4388.03,3.1,2024-06-09
4446,Customer_399,Dominos,Burger,Singapore,10,583.47,4.4,2025-02-07
4447,Customer_2698,Subway,Fast Food,Australia,8,1508.77,3.6,2026-03-30
4448,Customer_1563,Dominos,Sandwich,Singapore,4,2241.97,1.7,2024-01-28
4449,Customer_2393,Dominos,Fast Food,Sri Lanka,3,3927.54,2.8,2024-02-07
4450,Customer_1252,KFC,Pizza,Sri Lanka,6,2790.13,2.5,2025-03-18
4451,Customer_1798,KFC,Burger,Australia,10,4928.8,1.4,2025-08-02
4452,Customer_2645,Burger King,Burger,Singapore,10,1379.61,4.1,2026-05-14
4453,Customer_1913,Pizza Hut,Fast Food,Sri Lanka,6,1887.15,3.5,2025-05-15
4454,Customer_1911,Dominos,Pizza,India,7,520.71,4.9,2026-05-03
4455,Customer_2081,Burger King,Sandwich,Singapore,2,657.2,4.0,2025-03-10
4456,Customer_2759,Subway,Sandwich,India,6,2754.3,4.9,2024-12-17
4457,Customer_2422,Burger King,Pizza,India,7,1732.13,4.5,2025-05-05
4458,Customer_690,Dominos,Pizza,India,8,2280.26,3.0,2024-02-22
4459,Customer_1437,Subway,Sandwich,Australia,6,2832.09,3.6,2025-03-10
4460,Customer_1578,Subway,Burger,Australia,8,3850.62,2.4,2025-01-31
4461,Customer_2574,KFC,Burger,Singapore,5,4385.9,3.6,2026-05-12
4462,Customer_2616,KFC,Burger,Sri Lanka,6,1586.02,3.0,2026-01-04
4463,Customer_2652,Pizza Hut,Burger,Singapore,6,4453.23,3.6,2025-09-06
4464,Customer_1364,Pizza Hut,Pizza,Singapore,6,1758.46,4.5,2024-09-21
4465,Customer_1975,Subway,Fast Food,Australia,4,2894.43,1.8,2024-02-03
4466,Customer_1524,Dominos,Pizza,India,10,1043.9,2.6,2025-06-30
4467,Customer_1241,Subway,Fast Food,Australia,1,2636.23,2.8,2025-01-23
4468,Customer_1126,Pizza Hut,Burger,Sri Lanka,7,1482.91,4.2,2024-02-26
4469,Customer_1055,Pizza Hut,Burger,Sri Lanka,1,4109.75,4.5,2025-12-24
4470,Customer_1479,Subway,Pizza,Singapore,10,2443.47,1.8,2025-02-21
4471,Customer_1617,Dominos,Burger,Singapore,5,3612.46,5.0,2024-10-25
4472,Customer_1769,Pizza Hut,Pizza,India,3,4565.43,1.8,2025-02-07
4473,Customer_2337,Subway,Sandwich,Australia,2,2010.53,1.6,2026-03-13
4474,Customer_2903,Subway,Burger,Sri Lanka,1,4447.07,1.1,2024-02-24
4475,Customer_2004,Dominos,Fast Food,Singapore,9,995.79,4.5,2025-10-05
4476,Customer_471,Dominos,Burger,Australia,10,4465.18,2.9,2024-12-01
4477,Customer_1923,KFC,Pizza,India,1,2422.02,2.1,2025-10-11
4478,Customer_1317,Dominos,Burger,Australia,8,2876.47,1.8,2024-08-08
4479,Customer_94,Burger King,Pizza,Singapore,1,1335.78,2.9,2024-12-15
4480,Customer_1653,Subway,Sandwich,Australia,7,3902.98,1.2,2026-01-13
4481,Customer_2608,Subway,Fast Food,India,10,1320.5,4.5,2024-03-28
4482,Customer_389,KFC,Fast Food,India,4,2713.93,2.0,2025-02-12
4483,Customer_2641,Subway,Burger,Sri Lanka,4,4591.52,2.0,2025-09-04
4484,Customer_2051,Dominos,Fast Food,Australia,9,4003.26,1.0,2025-02-25
4485,Customer_271,Pizza Hut,Sandwich,Australia,2,4489.01,4.3,2025-08-15
4486,Customer_168,Dominos,Fast Food,Singapore,9,1422.43,3.2,2024-09-30
4487,Customer_1235,Dominos,Burger,India,1,1525.99,3.1,2025-10-22
4488,Customer_1439,Dominos,Pizza,Singapore,6,3469.7,3.8,2026-02-26
4489,Customer_1193,Burger King,Pizza,Singapore,3,2813.33,3.5,2024-01-08
4490,Customer_483,Dominos,Pizza,Singapore,5,1605.67,4.8,2024-07-12
4491,Customer_2018,Subway,Burger,Australia,5,4972.31,4.6,2025-03-14
4492,Customer_2302,Subway,Burger,India,1,1399.56,1.7,2025-07-18
4493,Customer_138,Dominos,Burger,Singapore,1,4301.34,4.3,2025-10-02
4494,Customer_1734,Subway,Fast Food,Sri Lanka,6,1215.29,4.3,2024-06-07
4495,Customer_155,KFC,Sandwich,Singapore,4,1485.25,4.8,2025-10-26
4496,Customer_677,KFC,Burger,Singapore,6,1691.32,1.0,2026-04-22
4497,Customer_121,Dominos,Fast Food,Australia,5,4122.92,4.4,2024-09-07
4498,Customer_738,Dominos,Pizza,India,1,1028.64,4.5,2026-04-03
4499,Customer_2496,Burger King,Pizza,Sri Lanka,9,4893.76,2.3,2025-10-05
4500,Customer_1197,KFC,Pizza,Sri Lanka,9,1130.14,1.2,2024-01-23
4501,Customer_1575,Subway,Pizza,Sri Lanka,5,2877.55,1.5,2025-12-10
4502,Customer_134,Subway,Pizza,Sri Lanka,6,1837.95,2.2,2025-12-10
4503,Customer_891,Subway,Burger,Singapore,8,3200.01,4.5,2025-04-04
4504,Customer_2153,KFC,Burger,Australia,6,1565.16,4.3,2025-08-23
4505,Customer_347,Subway,Pizza,Singapore,3,4368.03,1.8,2025-01-18
4506,Customer_566,Dominos,Burger,India,10,2097.66,4.8,2025-06-11
4507,Customer_1407,KFC,Burger,Australia,8,3585.03,4.1,2025-05-31
4508,Customer_2155,Pizza Hut,Burger,Australia,10,684.58,1.2,2026-03-13
4509,Customer_508,Subway,Sandwich,Australia,5,1678.11,3.0,2025-06-09
4510,Customer_424,Burger King,Fast Food,Australia,9,2994.83,3.3,2025-01-31
4511,Customer_2921,Burger King,Fast Food,India,5,1796.48,3.8,2024-04-27
4512,Customer_973,Burger King,Fast Food,Singapore,7,3180.47,2.4,2024-02-12
4513,Customer_1444,Subway,Pizza,Australia,6,2787.37,1.3,2026-03-13
4514,Customer_2080,KFC,Pizza,Singapore,8,3991.84,2.2,2024-03-04
4515,Customer_1852,Dominos,Sandwich,Australia,6,3084.91,1.7,2026-02-25
4516,Customer_2901,Pizza Hut,Pizza,India,9,2513.2,4.4,2024-10-17
4517,Customer_2404,KFC,Sandwich,Singapore,10,673.42,3.0,2026-01-24
4518,Customer_1168,Burger King,Burger,Australia,9,4244.58,3.3,2025-12-28
4519,Customer_1705,Dominos,Burger,Sri Lanka,7,2418.67,1.8,2026-01-24
4520,Customer_1397,Dominos,Sandwich,Sri Lanka,3,1984.51,3.3,2025-07-31
4521,Customer_123,KFC,Sandwich,Singapore,8,1685.78,3.9,2024-12-17
4522,Customer_1539,Burger King,Fast Food,India,3,2708.69,3.7,2024-01-22
4523,Customer_1477,KFC,Fast Food,Australia,6,4767.96,3.8,2025-02-10
4524,Customer_1132,Pizza Hut,Sandwich,Sri Lanka,1,2025.43,4.8,2024-07-25
4525,Customer_2277,KFC,Burger,Australia,6,3301.19,2.3,2024-12-10
4526,Customer_1490,Dominos,Pizza,Sri Lanka,7,4964.46,4.8,2026-04-30
4527,Customer_880,KFC,Burger,Singapore,7,2366.43,1.2,2025-11-10
4528,Customer_2510,Burger King,Fast Food,Australia,10,912.46,3.0,2026-04-20
4529,Customer_2940,Pizza Hut,Burger,India,2,2631.42,2.5,2026-02-16
4530,Customer_2788,Dominos,Burger,India,2,3315.86,3.3,2024-12-03
4531,Customer_949,KFC,Sandwich,Singapore,1,4002.96,3.5,2025-08-20
4532,Customer_281,Dominos,Fast Food,Australia,1,4907.83,1.1,2024-09-05
4533,Customer_2261,KFC,Fast Food,Sri Lanka,2,2162.41,1.8,2025-01-15
4534,Customer_663,Dominos,Burger,Sri Lanka,1,3249.9,1.8,2024-02-14
4535,Customer_973,KFC,Sandwich,India,8,3143.46,1.7,2025-11-25
4536,Customer_2727,KFC,Sandwich,India,2,3018.19,3.5,2024-01-03
4537,Customer_1218,Burger King,Sandwich,Sri Lanka,7,3978.16,2.7,2025-06-24
4538,Customer_1119,KFC,Fast Food,India,5,2806.27,1.4,2024-09-11
4539,Customer_764,Dominos,Sandwich,Australia,8,1751.42,3.9,2024-10-28
4540,Customer_1258,Burger King,Fast Food,Australia,8,3417.1,1.8,2025-02-26
4541,Customer_682,Dominos,Sandwich,Singapore,4,2490.54,4.1,2025-12-01
4542,Customer_2123,Pizza Hut,Sandwich,Singapore,5,1726.82,3.3,2024-12-01
4543,Customer_1590,Subway,Sandwich,Sri Lanka,5,4695.19,2.0,2024-11-14
4544,Customer_2498,KFC,Burger,India,2,4146.68,2.3,2026-04-15
4545,Customer_1653,Burger King,Pizza,India,10,1756.17,4.8,2025-03-23
4546,Customer_1552,Subway,Fast Food,Singapore,5,3945.53,3.4,2025-10-03
4547,Customer_1714,Subway,Fast Food,Sri Lanka,9,1319.28,1.6,2025-02-03
4548,Customer_598,KFC,Pizza,Australia,7,3020.83,1.5,2026-03-11
4549,Customer_928,Dominos,Pizza,India,8,3681.51,4.1,2024-02-23
4550,Customer_1585,Pizza Hut,Pizza,Singapore,8,4639.63,3.8,2024-02-24
4551,Customer_1339,Dominos,Pizza,Sri Lanka,5,4042.51,2.3,2025-06-17
4552,Customer_2812,Burger King,Sandwich,Singapore,6,4215.54,2.8,2025-01-29
4553,Customer_2301,Pizza Hut,Fast Food,Australia,6,801.97,3.9,2025-01-29
4554,Customer_2610,Dominos,Sandwich,Australia,5,4732.88,2.1,2025-02-09
4555,Customer_919,KFC,Sandwich,Sri Lanka,6,2349.89,2.0,2025-02-28
4556,Customer_1455,KFC,Burger,Australia,3,690.4,2.2,2025-03-20
4557,Customer_2806,Subway,Sandwich,Singapore,5,2551.61,1.4,2024-03-30
4558,Customer_563,Pizza Hut,Pizza,Australia,2,3342.07,1.4,2025-01-12
4559,Customer_1424,Pizza Hut,Burger,Singapore,6,3323.07,1.9,2025-06-24
4560,Customer_2242,Burger King,Fast Food,Sri Lanka,5,4950.01,4.6,2024-11-20
4561,Customer_762,Subway,Sandwich,Singapore,7,3695.98,1.8,2026-05-02
4562,Customer_2007,Subway,Fast Food,Australia,3,1432.43,3.2,2026-05-24
4563,Customer_1648,Pizza Hut,Fast Food,Singapore,1,671.72,1.6,2024-01-02
4564,Customer_334,Subway,Burger,Australia,8,4550.81,3.6,2025-09-09
4565,Customer_1211,Subway,Sandwich,Australia,10,3193.69,2.3,2026-05-03
4566,Customer_1938,Pizza Hut,Pizza,Australia,10,3291.96,1.4,2024-05-15
4567,Customer_1188,KFC,Burger,India,1,1904.5,4.5,2024-04-25
4568,Customer_1983,Dominos,Burger,Sri Lanka,4,680.67,1.3,2025-10-04
4569,Customer_628,KFC,Fast Food,Singapore,9,3144.53,2.2,2025-09-01
4570,Customer_824,Dominos,Fast Food,Australia,8,1576.43,4.3,2026-04-02
4571,Customer_1161,KFC,Fast Food,India,8,1769.02,4.2,2024-02-14
4572,Customer_1695,Dominos,Sandwich,Australia,7,4351.52,1.7,2024-07-02
4573,Customer_1646,Pizza Hut,Sandwich,Australia,6,2795.87,2.7,2024-07-25
4574,Customer_1027,Dominos,Burger,Australia,6,1174.06,2.8,2024-05-29
4575,Customer_222,KFC,Sandwich,Singapore,1,1147.88,3.9,2024-05-22
4576,Customer_32,Pizza Hut,Burger,Singapore,9,2693.43,2.7,2024-04-25
4577,Customer_1308,Dominos,Fast Food,Sri Lanka,3,874.53,3.1,2024-01-03
4578,Customer_1570,Dominos,Pizza,India,4,2142.39,4.2,2026-05-19
4579,Customer_941,KFC,Fast Food,Australia,5,2883.76,3.9,2025-08-11
4580,Customer_1310,Pizza Hut,Sandwich,Australia,8,4179.65,4.6,2025-12-18
4581,Customer_1216,KFC,Pizza,Sri Lanka,9,1522.41,1.6,2025-08-18
4582,Customer_1622,Burger King,Sandwich,Australia,6,3826.47,3.3,2024-06-29
4583,Customer_2953,Pizza Hut,Burger,Sri Lanka,2,1953.47,2.2,2024-05-26
4584,Customer_135,Burger King,Fast Food,Sri Lanka,10,1496.11,2.1,2025-05-31
4585,Customer_1496,KFC,Pizza,Singapore,4,3937.79,1.0,2026-03-04
4586,Customer_2903,Burger King,Burger,India,8,3652.51,1.2,2025-05-08
4587,Customer_2213,Burger King,Fast Food,Singapore,5,1549.79,4.7,2025-08-14
4588,Customer_2621,KFC,Fast Food,Singapore,1,4228.04,4.0,2024-02-03
4589,Customer_252,Pizza Hut,Pizza,Australia,10,1263.28,4.6,2025-03-27
4590,Customer_918,KFC,Sandwich,Sri Lanka,8,3388.75,4.4,2026-05-04
4591,Customer_1560,Subway,Fast Food,Singapore,7,3223.09,2.5,2025-01-18
4592,Customer_2476,Pizza Hut,Sandwich,India,10,1575.41,4.1,2024-12-29
4593,Customer_235,Burger King,Burger,Sri Lanka,7,3229.59,3.2,2024-03-11
4594,Customer_2939,Pizza Hut,Sandwich,India,7,1793.85,3.0,2024-09-10
4595,Customer_2467,Burger King,Burger,Sri Lanka,7,2076.73,3.9,2025-06-15
4596,Customer_1213,Burger King,Pizza,Australia,10,1411.84,4.4,2025-10-06
4597,Customer_88,Dominos,Sandwich,Australia,1,3094.47,2.6,2025-04-23
4598,Customer_51,Dominos,Burger,Singapore,3,3436.49,3.9,2026-06-09
4599,Customer_454,Subway,Pizza,Singapore,1,3920.39,4.9,2025-04-05
4600,Customer_2587,Dominos,Fast Food,Sri Lanka,9,2462.5,4.4,2026-04-30
4601,Customer_482,Pizza Hut,Pizza,Singapore,1,3144.36,1.3,2024-01-21
4602,Customer_2342,Pizza Hut,Fast Food,Singapore,1,720.45,1.8,2024-10-12
4603,Customer_2047,Dominos,Pizza,Sri Lanka,6,4680.8,4.2,2024-05-19
4604,Customer_2828,Subway,Sandwich,Singapore,8,4330.12,4.1,2025-11-13
4605,Customer_1137,Subway,Sandwich,India,7,2779.34,4.5,2024-03-27
4606,Customer_431,Subway,Burger,Singapore,10,4589.42,2.2,2024-04-12
4607,Customer_2011,Dominos,Pizza,Australia,10,2129.08,3.8,2024-01-29
4608,Customer_2810,Pizza Hut,Pizza,India,1,2093.46,4.3,2025-07-30
4609,Customer_493,KFC,Burger,Singapore,4,4349.67,3.9,2026-05-14
4610,Customer_2716,Dominos,Burger,India,6,701.98,3.0,2025-08-05
4611,Customer_1739,Dominos,Burger,Singapore,8,1351.12,3.2,2024-04-18
4612,Customer_536,Pizza Hut,Sandwich,Singapore,5,2793.16,4.8,2025-07-18
4613,Customer_2045,Dominos,Pizza,Australia,10,4678.29,3.7,2024-10-15
4614,Customer_2682,Subway,Burger,India,9,1558.38,2.5,2024-12-07
4615,Customer_2418,Dominos,Fast Food,India,6,1150.68,1.1,2025-08-15
4616,Customer_2506,KFC,Fast Food,Singapore,5,2416.04,3.3,2024-03-23
4617,Customer_1563,Dominos,Fast Food,Sri Lanka,10,2391.03,3.3,2024-06-01
4618,Customer_864,Burger King,Pizza,Sri Lanka,4,3322.01,2.0,2024-07-12
4619,Customer_1960,Subway,Pizza,Sri Lanka,6,3386.27,3.1,2025-07-22
4620,Customer_2965,Dominos,Burger,India,4,1982.41,2.3,2025-06-11
4621,Customer_2825,KFC,Fast Food,India,10,3539.92,4.1,2025-03-09
4622,Customer_1039,Dominos,Fast Food,Sri Lanka,3,3013.39,2.6,2025-05-17
4623,Customer_2722,Subway,Pizza,Australia,6,1049.99,1.9,2026-05-25
4624,Customer_523,KFC,Pizza,Sri Lanka,8,3401.55,3.0,2024-06-18
4625,Customer_34,KFC,Burger,Singapore,6,4264.24,3.6,2024-12-09
4626,Customer_1296,Burger King,Sandwich,Singapore,8,4014.39,3.3,2024-02-26
4627,Customer_1232,KFC,Fast Food,India,5,1452.57,3.6,2025-04-14
4628,Customer_1433,KFC,Fast Food,Sri Lanka,6,2727.29,1.1,2024-07-30
4629,Customer_577,Dominos,Pizza,Sri Lanka,10,1722.53,1.1,2025-08-24
4630,Customer_771,Dominos,Burger,Singapore,6,4963.15,1.7,2026-03-17
4631,Customer_1051,KFC,Pizza,Sri Lanka,7,2911.28,4.6,2025-09-18
4632,Customer_1887,Pizza Hut,Burger,Australia,1,2298.81,4.0,2026-03-20
4633,Customer_2373,Burger King,Burger,Sri Lanka,1,4036.32,1.3,2024-08-21
4634,Customer_598,Dominos,Sandwich,Australia,10,1368.28,2.1,2024-11-03
4635,Customer_616,Pizza Hut,Fast Food,Sri Lanka,9,4098.63,3.0,2025-08-21
4636,Customer_2623,Subway,Sandwich,Sri Lanka,4,4817.23,4.1,2026-06-17
4637,Customer_2571,Subway,Pizza,Australia,8,4870.09,2.3,2026-06-02
4638,Customer_1257,Subway,Fast Food,Sri Lanka,2,1962.28,3.0,2025-06-25
4639,Customer_773,Burger King,Sandwich,Australia,7,739.45,1.4,2026-05-25
4640,Customer_1688,Burger King,Pizza,Singapore,3,1858.5,4.8,2026-05-07
4641,Customer_1163,Dominos,Pizza,Sri Lanka,3,4826.81,4.3,2024-11-27
4642,Customer_2905,Burger King,Sandwich,India,3,3486.25,3.3,2024-12-15
4643,Customer_2008,Pizza Hut,Sandwich,India,5,1530.83,2.5,2024-01-05
4644,Customer_2557,Burger King,Burger,Singapore,1,3743.34,1.2,2024-03-04
4645,Customer_1024,Subway,Fast Food,Sri Lanka,8,3101.4,4.1,2024-02-21
4646,Customer_1603,KFC,Burger,India,2,1668.91,4.1,2024-04-20
4647,Customer_727,Pizza Hut,Pizza,India,5,3348.99,3.0,2024-03-28
4648,Customer_276,Dominos,Fast Food,Australia,7,1638.92,4.3,2025-02-12
4649,Customer_2998,Burger King,Burger,Sri Lanka,4,1482.49,1.8,2025-06-25
4650,Customer_1474,Pizza Hut,Pizza,Australia,10,4100.56,1.3,2025-02-05
4651,Customer_2854,Burger King,Fast Food,Singapore,10,945.07,2.5,2025-03-17
4652,Customer_2248,KFC,Fast Food,Australia,3,3819.76,2.2,2025-04-29
4653,Customer_698,Pizza Hut,Fast Food,Sri Lanka,5,1220.15,3.3,2024-07-01
4654,Customer_1108,Subway,Fast Food,Australia,2,1779.1,4.0,2025-09-14
4655,Customer_2103,Burger King,Sandwich,India,10,1044.49,4.4,2024-08-09
4656,Customer_1317,KFC,Fast Food,Sri Lanka,3,4193.56,1.1,2025-02-26
4657,Customer_1237,Pizza Hut,Pizza,Sri Lanka,10,4559.77,3.6,2025-04-06
4658,Customer_1259,Dominos,Sandwich,Singapore,6,3309.09,3.2,2025-12-19
4659,Customer_2222,KFC,Sandwich,India,10,1060.81,3.6,2025-12-08
4660,Customer_2737,Burger King,Fast Food,Singapore,5,4804.66,3.8,2025-04-13
4661,Customer_507,Burger King,Pizza,India,2,3018.86,1.1,2025-08-13
4662,Customer_403,KFC,Fast Food,Australia,3,1479.78,2.4,2024-04-07
4663,Customer_2186,KFC,Pizza,Australia,3,2944.15,4.7,2026-04-28
4664,Customer_2979,KFC,Pizza,Australia,7,1283.7,2.6,2024-01-13
4665,Customer_335,KFC,Pizza,Sri Lanka,3,1909.11,4.7,2026-05-03
4666,Customer_1037,KFC,Pizza,Singapore,8,4099.29,4.3,2026-02-14
4667,Customer_1577,Pizza Hut,Burger,India,10,4634.22,1.8,2025-04-30
4668,Customer_2708,Subway,Sandwich,Singapore,7,4594.8,2.2,2025-10-11
4669,Customer_2871,Dominos,Sandwich,India,2,678.73,3.6,2025-07-06
4670,Customer_1197,Pizza Hut,Fast Food,India,4,3645.31,4.5,2024-07-01
4671,Customer_300,Pizza Hut,Sandwich,India,5,4092.25,4.2,2025-01-14
4672,Customer_1412,Burger King,Pizza,Singapore,6,1802.03,1.3,2024-05-20
4673,Customer_2730,Subway,Pizza,India,8,4991.4,2.7,2026-02-01
4674,Customer_2907,KFC,Burger,India,4,2999.98,1.4,2026-01-11
4675,Customer_694,Subway,Pizza,Singapore,4,4866.11,3.5,2025-07-18
4676,Customer_1882,Subway,Sandwich,Sri Lanka,8,4480.88,4.0,2026-03-06
4677,Customer_1124,KFC,Pizza,Australia,8,3979.73,1.9,2024-02-10
4678,Customer_2516,Subway,Burger,India,2,4192.78,3.9,2025-06-17
4679,Customer_2370,Subway,Pizza,Sri Lanka,4,1934.37,2.2,2025-11-29
4680,Customer_2949,Pizza Hut,Burger,Sri Lanka,8,4925.33,5.0,2025-04-23
4681,Customer_2031,Dominos,Burger,Sri Lanka,9,2982.1,4.1,2024-01-04
4682,Customer_2320,Burger King,Sandwich,India,6,2552.31,3.0,2024-10-31
4683,Customer_1699,KFC,Fast Food,India,9,4704.64,4.2,2025-12-22
4684,Customer_1469,Pizza Hut,Burger,Australia,6,1750.57,1.7,2025-08-15
4685,Customer_2387,Burger King,Burger,Sri Lanka,4,4177.09,4.3,2025-01-14
4686,Customer_142,Burger King,Fast Food,Australia,5,933.2,2.7,2025-12-25
4687,Customer_2822,Burger King,Fast Food,Sri Lanka,1,3184.93,3.0,2025-11-06
4688,Customer_440,KFC,Sandwich,India,7,3903.39,3.9,2024-12-16
4689,Customer_1373,Pizza Hut,Burger,Sri Lanka,8,1568.08,4.5,2024-01-11
4690,Customer_577,KFC,Burger,India,7,4397.78,2.9,2024-05-25
4691,Customer_1910,Pizza Hut,Pizza,India,4,3349.85,3.2,2025-05-29
4692,Customer_2114,Pizza Hut,Sandwich,Sri Lanka,9,4172.03,3.6,2024-05-23
4693,Customer_943,Burger King,Burger,Singapore,6,4447.97,4.8,2025-08-06
4694,Customer_290,KFC,Sandwich,Australia,10,2404.0,4.0,2024-05-02
4695,Customer_891,Pizza Hut,Fast Food,Australia,10,4285.68,1.8,2025-05-24
4696,Customer_67,Subway,Sandwich,India,4,742.27,2.7,2024-04-17
4697,Customer_1370,Subway,Burger,Sri Lanka,1,1556.94,4.7,2026-02-24
4698,Customer_2087,Pizza Hut,Pizza,Singapore,5,2962.14,2.5,2024-04-07
4699,Customer_2776,Pizza Hut,Fast Food,India,2,2753.6,2.2,2024-04-04
4700,Customer_1036,Pizza Hut,Fast Food,Singapore,1,1106.22,2.0,2025-12-24
4701,Customer_257,Dominos,Sandwich,Singapore,4,1326.73,1.3,2025-03-08
4702,Customer_2485,Subway,Sandwich,Sri Lanka,4,3491.33,4.9,2025-08-04
4703,Customer_769,Burger King,Sandwich,Australia,4,3759.07,2.2,2024-10-13
4704,Customer_428,Pizza Hut,Sandwich,Australia,2,4418.55,4.2,2024-05-12
4705,Customer_1619,Pizza Hut,Fast Food,Sri Lanka,5,997.36,1.5,2024-10-28
4706,Customer_1501,Burger King,Sandwich,Australia,3,712.96,2.9,2024-12-10
4707,Customer_2805,KFC,Pizza,Australia,7,3897.59,5.0,2024-05-30
4708,Customer_535,Pizza Hut,Sandwich,Singapore,2,3698.48,4.2,2025-04-20
4709,Customer_2291,Subway,Sandwich,Singapore,8,2405.84,3.9,2025-09-06
4710,Customer_261,KFC,Sandwich,Singapore,2,1079.57,1.9,2025-01-14
4711,Customer_345,Subway,Pizza,Singapore,3,687.74,3.0,2025-07-03
4712,Customer_160,Burger King,Burger,Sri Lanka,10,1638.11,2.4,2024-08-18
4713,Customer_1679,Subway,Fast Food,Singapore,4,1762.47,3.2,2025-05-28
4714,Customer_126,Dominos,Sandwich,Australia,1,1615.89,3.5,2025-12-03
4715,Customer_1425,Dominos,Burger,Australia,10,1367.18,3.3,2024-04-19
4716,Customer_2210,Burger King,Pizza,Singapore,3,648.36,4.6,2026-02-24
4717,Customer_1253,Subway,Pizza,India,10,1322.15,1.3,2026-04-27
4718,Customer_1296,Burger King,Fast Food,Singapore,4,2824.53,4.4,2025-07-31
4719,Customer_35,KFC,Fast Food,Singapore,2,3954.78,1.8,2025-04-12
4720,Customer_2690,Burger King,Pizza,Sri Lanka,6,2115.69,3.6,2025-07-26
4721,Customer_1379,KFC,Burger,Australia,5,4716.36,4.4,2026-01-06
4722,Customer_2115,Subway,Sandwich,Singapore,8,3643.45,3.0,2025-04-05
4723,Customer_2204,Subway,Pizza,India,2,3930.29,1.1,2025-06-22
4724,Customer_1866,KFC,Fast Food,Australia,1,3960.63,3.5,2024-02-09
4725,Customer_279,Pizza Hut,Pizza,Australia,7,975.43,2.8,2025-05-21
4726,Customer_2015,Subway,Fast Food,Australia,2,4741.75,1.1,2025-11-15
4727,Customer_1273,Subway,Sandwich,Singapore,8,868.18,2.7,2025-12-11
4728,Customer_611,Dominos,Pizza,Australia,5,4206.77,4.8,2024-10-06
4729,Customer_2850,Burger King,Sandwich,Singapore,2,1017.41,1.1,2024-03-01
4730,Customer_2057,Dominos,Sandwich,Sri Lanka,4,1589.84,2.3,2024-04-30
4731,Customer_193,Burger King,Burger,India,1,2586.11,1.5,2026-03-06
4732,Customer_1541,Dominos,Sandwich,Australia,10,4150.78,3.7,2026-05-10
4733,Customer_876,Pizza Hut,Burger,India,9,4921.76,4.2,2026-02-11
4734,Customer_2558,Subway,Pizza,Australia,7,4286.66,1.6,2025-03-28
4735,Customer_92,Burger King,Fast Food,Sri Lanka,4,766.35,3.0,2025-04-23
4736,Customer_1182,KFC,Pizza,India,2,4163.32,4.7,2026-02-25
4737,Customer_1553,Burger King,Fast Food,Sri Lanka,3,2586.72,3.4,2025-12-06
4738,Customer_1945,Pizza Hut,Fast Food,India,5,1589.15,4.0,2026-04-16
4739,Customer_811,KFC,Burger,Singapore,8,1832.08,4.9,2024-10-04
4740,Customer_2822,Burger King,Pizza,Singapore,3,1918.41,4.5,2026-03-24
4741,Customer_635,KFC,Fast Food,Sri Lanka,6,1660.26,3.5,2025-11-18
4742,Customer_2425,Pizza Hut,Pizza,Sri Lanka,7,552.11,1.4,2024-04-26
4743,Customer_1647,Subway,Pizza,Sri Lanka,1,2122.16,1.5,2026-01-24
4744,Customer_2765,Burger King,Burger,India,7,4028.79,2.8,2024-03-18
4745,Customer_1498,KFC,Burger,India,6,3987.3,1.5,2024-09-07
4746,Customer_1677,Pizza Hut,Burger,Australia,5,3805.51,2.7,2026-05-02
4747,Customer_350,Subway,Burger,Australia,6,1443.44,4.1,2025-12-19
4748,Customer_1298,Subway,Pizza,Singapore,9,1072.64,3.6,2026-06-17
4749,Customer_246,Subway,Fast Food,Australia,10,3112.38,4.4,2025-01-12
4750,Customer_129,KFC,Pizza,India,4,2063.02,2.5,2024-11-14
4751,Customer_1425,Subway,Fast Food,India,6,4441.53,1.7,2024-08-23
4752,Customer_124,Burger King,Fast Food,Singapore,6,705.07,3.0,2025-06-14
4753,Customer_2083,Pizza Hut,Sandwich,India,6,1666.61,4.2,2025-11-12
4754,Customer_539,Burger King,Pizza,Australia,8,2715.53,2.9,2024-10-28
4755,Customer_1121,Subway,Sandwich,Australia,10,1603.77,2.2,2024-10-19
4756,Customer_217,Pizza Hut,Sandwich,Sri Lanka,7,3057.35,4.5,2024-10-16
4757,Customer_1599,Burger King,Sandwich,India,8,2138.69,2.5,2024-05-18
4758,Customer_2036,Dominos,Pizza,Australia,5,3439.51,2.5,2024-07-31
4759,Customer_413,KFC,Fast Food,Sri Lanka,5,609.61,1.6,2025-08-19
4760,Customer_1038,Burger King,Pizza,Singapore,1,916.61,2.7,2025-01-04
4761,Customer_2517,KFC,Pizza,Australia,8,639.87,3.3,2025-08-10
4762,Customer_558,Burger King,Fast Food,Singapore,5,1405.81,3.7,2025-02-10
4763,Customer_233,KFC,Pizza,Australia,1,3420.88,1.9,2026-03-03
4764,Customer_2837,Subway,Burger,India,10,2788.32,3.1,2025-11-27
4765,Customer_634,Dominos,Burger,India,4,2423.21,4.1,2024-09-30
4766,Customer_2423,Burger King,Sandwich,Australia,6,4669.05,2.2,2025-05-26
4767,Customer_1452,Subway,Burger,Singapore,9,4441.31,1.7,2025-12-16
4768,Customer_791,Pizza Hut,Sandwich,Australia,3,2477.52,1.4,2026-01-12
4769,Customer_544,KFC,Burger,Sri Lanka,3,1459.75,4.9,2024-08-22
4770,Customer_2727,KFC,Sandwich,Singapore,2,2577.51,4.7,2025-02-07
4771,Customer_2911,Pizza Hut,Burger,Sri Lanka,5,3777.8,2.6,2024-10-04
4772,Customer_1502,Pizza Hut,Fast Food,India,9,2199.98,3.0,2025-11-10
4773,Customer_66,Burger King,Fast Food,India,3,2893.54,3.4,2024-05-05
4774,Customer_1954,Burger King,Burger,Australia,3,4069.14,4.7,2024-02-08
4775,Customer_553,Dominos,Sandwich,Singapore,8,4075.65,1.7,2026-01-05
4776,Customer_861,Burger King,Burger,India,4,4189.64,5.0,2025-10-01
4777,Customer_793,KFC,Sandwich,India,10,2382.04,4.0,2025-04-12
4778,Customer_327,Burger King,Fast Food,Sri Lanka,1,1120.79,1.0,2024-07-10
4779,Customer_677,Pizza Hut,Burger,India,5,4791.92,3.8,2025-03-27
4780,Customer_2332,Dominos,Burger,India,8,807.27,4.6,2025-01-29
4781,Customer_1019,Pizza Hut,Fast Food,Australia,3,519.36,3.3,2025-05-02
4782,Customer_269,Subway,Sandwich,India,1,3493.7,3.3,2024-07-18
4783,Customer_212,Dominos,Pizza,India,8,2521.81,4.3,2025-01-05
4784,Customer_432,KFC,Sandwich,India,5,4736.04,4.0,2024-08-21
4785,Customer_1393,Pizza Hut,Pizza,Singapore,6,3229.42,4.3,2025-06-13
4786,Customer_110,Subway,Pizza,Singapore,9,3722.82,1.0,2025-12-14
4787,Customer_1934,KFC,Pizza,Sri Lanka,9,3448.44,2.9,2024-03-01
4788,Customer_642,Pizza Hut,Burger,Australia,3,1603.9,5.0,2026-06-11
4789,Customer_1325,Subway,Sandwich,Sri Lanka,3,1555.6,1.3,2025-12-17
4790,Customer_2543,Subway,Sandwich,Australia,2,2571.1,2.8,2024-12-01
4791,Customer_122,KFC,Pizza,India,1,4185.73,3.2,2025-09-27
4792,Customer_233,Dominos,Fast Food,Australia,2,2591.86,1.0,2025-07-05
4793,Customer_1146,Pizza Hut,Pizza,Sri Lanka,1,2496.66,3.5,2026-03-25
4794,Customer_2022,Burger King,Sandwich,Australia,6,3572.47,2.4,2025-03-09
4795,Customer_2408,Burger King,Fast Food,Australia,6,693.92,3.5,2024-01-06
4796,Customer_721,KFC,Sandwich,Singapore,10,1810.7,2.6,2025-03-24
4797,Customer_730,Subway,Sandwich,Australia,2,2930.8,1.5,2025-04-01
4798,Customer_2826,KFC,Fast Food,Australia,4,3430.85,2.1,2026-02-24
4799,Customer_1327,Pizza Hut,Burger,Singapore,3,977.2,4.5,2025-11-09
4800,Customer_2714,KFC,Burger,India,10,4569.13,1.4,2024-09-24
4801,Customer_2929,Dominos,Sandwich,Australia,1,2487.29,4.6,2026-03-13
4802,Customer_2753,Dominos,Burger,Australia,8,1718.3,1.3,2025-07-27
4803,Customer_353,Pizza Hut,Sandwich,Singapore,8,3384.98,4.9,2026-02-08
4804,Customer_376,Subway,Sandwich,India,10,2525.07,3.4,2024-10-23
4805,Customer_888,Dominos,Sandwich,Sri Lanka,2,4851.57,2.1,2024-11-20
4806,Customer_449,Dominos,Burger,Australia,10,2846.92,1.6,2024-08-05
4807,Customer_1012,Dominos,Fast Food,Australia,8,512.34,1.2,2024-09-21
4808,Customer_2414,KFC,Sandwich,Australia,2,4108.1,4.4,2025-10-05
4809,Customer_1614,Subway,Pizza,Singapore,10,1128.03,1.2,2025-01-17
4810,Customer_904,KFC,Sandwich,India,6,3993.42,1.5,2026-03-03
4811,Customer_1595,Dominos,Pizza,Sri Lanka,3,4336.86,1.0,2025-01-07
4812,Customer_1399,Dominos,Burger,Sri Lanka,6,1553.58,3.8,2025-07-19
4813,Customer_1395,Dominos,Sandwich,Sri Lanka,1,3111.5,4.1,2024-07-04
4814,Customer_4,Burger King,Sandwich,India,7,3440.14,1.2,2026-05-24
4815,Customer_127,KFC,Burger,Sri Lanka,4,4198.16,2.6,2024-07-29
4816,Customer_775,KFC,Burger,Singapore,9,1701.35,4.6,2025-10-31
4817,Customer_1818,Dominos,Fast Food,Singapore,1,2417.86,1.1,2025-09-08
4818,Customer_1546,Pizza Hut,Burger,India,4,4423.46,1.1,2024-10-05
4819,Customer_1138,Subway,Fast Food,Singapore,5,4512.82,2.1,2024-02-22
4820,Customer_2294,Dominos,Fast Food,Singapore,4,2766.8,3.8,2025-01-31
4821,Customer_764,Pizza Hut,Burger,Singapore,8,4099.96,4.3,2025-03-23
4822,Customer_1332,Burger King,Burger,Singapore,7,1048.73,1.6,2026-01-26
4823,Customer_2209,Dominos,Burger,Sri Lanka,5,1266.53,3.0,2026-02-17
4824,Customer_2572,Pizza Hut,Burger,Sri Lanka,10,2764.01,2.9,2024-08-27
4825,Customer_849,Burger King,Pizza,Sri Lanka,3,1113.59,3.9,2025-03-04
4826,Customer_2398,Subway,Pizza,Sri Lanka,6,3034.34,1.1,2025-08-13
4827,Customer_2862,Pizza Hut,Pizza,India,1,1802.61,2.1,2025-04-17
4828,Customer_1060,Burger King,Sandwich,Singapore,8,819.82,4.3,2025-06-07
4829,Customer_1090,Pizza Hut,Sandwich,Singapore,7,531.8,2.3,2025-11-13
4830,Customer_2413,KFC,Fast Food,Sri Lanka,7,3585.3,4.0,2025-07-15
4831,Customer_1803,Dominos,Sandwich,Singapore,7,4694.96,4.3,2025-01-14
4832,Customer_1774,Dominos,Sandwich,Australia,8,4876.99,1.2,2026-01-06
4833,Customer_515,Pizza Hut,Burger,India,10,2461.06,2.3,2024-12-27
4834,Customer_758,Pizza Hut,Sandwich,Australia,1,1793.83,3.5,2024-11-24
4835,Customer_2028,Subway,Pizza,Singapore,3,2606.09,2.2,2025-06-15
4836,Customer_581,KFC,Fast Food,Singapore,2,3591.23,3.2,2024-10-09
4837,Customer_167,Dominos,Pizza,Singapore,4,3404.1,2.7,2025-12-09
4838,Customer_1129,Pizza Hut,Fast Food,Singapore,8,1128.62,2.7,2025-12-03
4839,Customer_829,Subway,Fast Food,India,3,4100.45,1.4,2025-03-18
4840,Customer_228,KFC,Fast Food,India,10,4193.43,2.0,2024-09-10
4841,Customer_82,Pizza Hut,Fast Food,Sri Lanka,9,1682.8,1.1,2026-04-20
4842,Customer_1031,Subway,Burger,Australia,9,2741.69,2.5,2024-12-28
4843,Customer_1186,Burger King,Pizza,Singapore,2,2046.21,2.1,2025-12-14
4844,Customer_2493,Dominos,Burger,Australia,8,3683.8,3.1,2025-02-25
4845,Customer_299,Dominos,Pizza,Singapore,2,3455.29,2.3,2024-11-20
4846,Customer_1738,Subway,Sandwich,India,4,4135.48,3.2,2025-02-10
4847,Customer_2356,Burger King,Sandwich,Australia,2,2587.89,3.1,2026-04-04
4848,Customer_1340,Dominos,Fast Food,Sri Lanka,10,3266.28,3.3,2024-05-24
4849,Customer_1771,KFC,Burger,Singapore,10,1879.33,2.9,2024-04-23
4850,Customer_689,Subway,Pizza,Singapore,9,1777.81,2.7,2025-12-21
4851,Customer_1483,Pizza Hut,Sandwich,Singapore,4,2453.48,3.3,2026-05-30
4852,Customer_2484,Pizza Hut,Fast Food,Sri Lanka,3,3447.41,4.7,2026-05-08
4853,Customer_2026,Pizza Hut,Fast Food,Australia,3,4265.08,1.8,2026-05-19
4854,Customer_1861,KFC,Fast Food,India,2,3991.31,4.2,2025-11-07
4855,Customer_309,Subway,Fast Food,Australia,6,3789.54,2.5,2025-10-14
4856,Customer_1249,Burger King,Sandwich,India,3,660.43,2.6,2026-04-26
4857,Customer_1672,KFC,Pizza,India,6,664.11,1.6,2025-03-11
4858,Customer_2998,KFC,Sandwich,India,6,1582.62,3.2,2024-07-12
4859,Customer_60,KFC,Fast Food,Singapore,6,1910.16,4.4,2024-10-10
4860,Customer_2159,Burger King,Fast Food,Australia,3,775.8,4.5,2026-02-13
4861,Customer_1219,KFC,Burger,Sri Lanka,8,1760.09,1.1,2025-06-25
4862,Customer_2459,KFC,Pizza,India,9,743.49,3.3,2026-02-02
4863,Customer_2491,Dominos,Fast Food,India,5,1714.23,2.2,2025-08-01
4864,Customer_829,Pizza Hut,Fast Food,Sri Lanka,8,2678.97,3.7,2026-03-17
4865,Customer_966,Burger King,Pizza,India,8,2636.22,3.6,2024-06-27
4866,Customer_1787,Burger King,Burger,Australia,8,2290.27,2.8,2025-05-16
4867,Customer_1463,Dominos,Pizza,Australia,6,1894.93,4.7,2025-03-30
4868,Customer_1918,Pizza Hut,Pizza,Singapore,7,2425.96,2.4,2024-10-22
4869,Customer_1012,Subway,Pizza,India,10,1698.15,2.9,2025-11-30
4870,Customer_569,Pizza Hut,Burger,Sri Lanka,2,1434.62,2.0,2024-02-22
4871,Customer_912,KFC,Fast Food,Singapore,3,2626.47,4.4,2026-05-24
4872,Customer_2511,Burger King,Pizza,Australia,8,2629.19,1.9,2025-07-06
4873,Customer_2315,Pizza Hut,Pizza,Sri Lanka,4,2524.65,1.4,2026-05-02
4874,Customer_450,KFC,Sandwich,Australia,10,1590.89,3.8,2025-09-06
4875,Customer_1291,Dominos,Fast Food,Australia,3,879.24,4.0,2025-01-06
4876,Customer_2759,KFC,Pizza,Sri Lanka,7,4353.69,3.9,2025-03-07
4877,Customer_2450,Pizza Hut,Fast Food,Sri Lanka,5,4253.72,1.8,2024-11-29
4878,Customer_884,Dominos,Burger,Australia,5,1446.19,1.6,2024-09-14
4879,Customer_2308,Dominos,Fast Food,Australia,3,1203.4,4.0,2026-03-07
4880,Customer_31,Pizza Hut,Sandwich,India,3,4639.32,4.8,2025-12-25
4881,Customer_2941,Subway,Pizza,Australia,3,2578.17,1.2,2025-02-11
4882,Customer_2078,Dominos,Burger,Singapore,2,753.7,4.7,2025-10-04
4883,Customer_2214,Burger King,Pizza,Sri Lanka,1,696.19,1.2,2024-07-11
4884,Customer_2727,Dominos,Pizza,India,6,2815.16,4.4,2024-03-02
4885,Customer_1950,Dominos,Burger,Australia,7,2163.54,2.7,2025-10-22
4886,Customer_679,Subway,Burger,Singapore,1,1585.98,2.1,2025-05-05
4887,Customer_2613,KFC,Pizza,India,5,4190.2,2.4,2025-03-07
4888,Customer_2745,Dominos,Burger,Sri Lanka,6,1835.09,2.6,2026-03-18
4889,Customer_1364,Pizza Hut,Sandwich,Australia,8,1418.06,4.9,2024-07-24
4890,Customer_279,Subway,Burger,Sri Lanka,8,2281.47,3.7,2026-02-13
4891,Customer_2883,Subway,Burger,Singapore,6,4050.81,1.1,2025-01-02
4892,Customer_2624,KFC,Pizza,Singapore,6,1190.51,3.3,2026-03-15
4893,Customer_1115,Subway,Burger,India,2,539.17,1.6,2025-02-08
4894,Customer_1336,Pizza Hut,Burger,Australia,6,2659.81,3.4,2024-05-10
4895,Customer_2951,KFC,Sandwich,India,4,2681.03,2.7,2025-01-12
4896,Customer_288,Burger King,Pizza,Singapore,5,1463.02,1.7,2024-10-06
4897,Customer_1933,Pizza Hut,Fast Food,India,8,1198.65,3.4,2026-05-16
4898,Customer_500,Pizza Hut,Pizza,Australia,3,1901.29,4.9,2024-05-26
4899,Customer_2483,KFC,Pizza,Australia,1,891.27,5.0,2024-07-13
4900,Customer_1252,Subway,Sandwich,India,9,1671.35,2.8,2025-11-14
4901,Customer_2773,Subway,Burger,India,10,744.96,3.2,2025-03-18
4902,Customer_871,Burger King,Sandwich,Singapore,8,3591.67,1.1,2025-07-05
4903,Customer_2072,KFC,Burger,Australia,7,2439.24,2.6,2025-03-24
4904,Customer_1265,Subway,Pizza,Singapore,1,3560.03,3.3,2025-09-14
4905,Customer_862,Subway,Sandwich,India,6,4574.4,1.1,2024-11-12
4906,Customer_1374,Subway,Pizza,Australia,7,1243.25,2.9,2024-11-30
4907,Customer_1545,Dominos,Pizza,India,3,1973.27,3.9,2024-07-07
4908,Customer_1999,KFC,Burger,Singapore,9,4190.17,3.4,2024-06-11
4909,Customer_1940,Pizza Hut,Burger,Singapore,3,1365.97,3.7,2024-06-18
4910,Customer_1038,Burger King,Sandwich,Singapore,7,974.1,2.4,2024-09-03
4911,Customer_2456,Dominos,Fast Food,Sri Lanka,7,4415.4,2.6,2024-11-01
4912,Customer_2249,Dominos,Sandwich,India,5,4873.38,3.4,2025-05-29
4913,Customer_78,KFC,Burger,Sri Lanka,9,4806.84,3.5,2024-09-17
4914,Customer_1709,Pizza Hut,Pizza,Australia,5,711.72,3.2,2024-11-27
4915,Customer_934,KFC,Fast Food,India,9,624.47,2.6,2025-07-07
4916,Customer_781,Burger King,Sandwich,Singapore,10,806.53,1.5,2026-01-28
4917,Customer_834,Dominos,Sandwich,India,10,2979.65,1.0,2026-05-02
4918,Customer_2759,KFC,Pizza,Sri Lanka,2,2235.0,1.4,2026-03-05
4919,Customer_1504,KFC,Fast Food,Sri Lanka,3,1582.07,1.4,2026-02-21
4920,Customer_886,Pizza Hut,Pizza,India,7,3367.22,3.7,2024-06-04
4921,Customer_273,Burger King,Fast Food,India,2,1255.83,1.2,2025-11-26
4922,Customer_501,Subway,Sandwich,Singapore,3,657.34,1.4,2024-09-07
4923,Customer_1425,Subway,Fast Food,India,2,3483.89,2.8,2025-09-29
4924,Customer_1312,Dominos,Fast Food,Sri Lanka,1,3606.18,3.6,2025-10-12
4925,Customer_325,Dominos,Sandwich,Australia,4,4193.73,1.7,2025-10-16
4926,Customer_1266,Subway,Pizza,Australia,4,4028.71,3.0,2024-10-28
4927,Customer_1971,Pizza Hut,Burger,Sri Lanka,6,1781.05,3.0,2026-03-07
4928,Customer_2535,Pizza Hut,Fast Food,Singapore,1,4540.59,3.8,2025-03-21
4929,Customer_45,KFC,Sandwich,India,9,4853.13,4.6,2025-04-08
4930,Customer_1043,Pizza Hut,Fast Food,India,9,543.52,4.5,2026-05-14
4931,Customer_828,Burger King,Fast Food,India,4,1254.79,2.5,2026-01-14
4932,Customer_52,Pizza Hut,Burger,India,3,1693.84,1.3,2025-11-28
4933,Customer_569,Burger King,Pizza,Singapore,7,1220.8,1.6,2024-08-27
4934,Customer_176,KFC,Fast Food,India,2,944.28,2.9,2026-06-08
4935,Customer_2972,Burger King,Pizza,India,3,4507.42,3.0,2024-12-20
4936,Customer_416,Pizza Hut,Sandwich,Singapore,9,998.68,4.2,2024-01-28
4937,Customer_2200,Dominos,Pizza,Sri Lanka,3,1939.36,2.3,2025-04-24
4938,Customer_1627,Burger King,Pizza,Singapore,8,1552.38,1.1,2025-06-03
4939,Customer_168,Subway,Burger,Sri Lanka,8,3585.96,4.7,2024-06-24
4940,Customer_855,Pizza Hut,Burger,Sri Lanka,6,4063.73,1.3,2024-12-12
4941,Customer_1152,Pizza Hut,Fast Food,Australia,1,2513.11,4.2,2025-06-18
4942,Customer_2162,Burger King,Burger,India,9,1810.46,4.7,2024-01-03
4943,Customer_256,KFC,Sandwich,Australia,7,2534.38,3.0,2025-04-02
4944,Customer_29,Subway,Pizza,Sri Lanka,8,2267.17,3.6,2026-01-21
4945,Customer_166,Burger King,Pizza,Australia,6,3730.49,1.0,2026-04-30
4946,Customer_670,Dominos,Pizza,Singapore,10,4918.55,2.0,2025-05-24
4947,Customer_564,Subway,Pizza,Sri Lanka,2,4310.38,3.2,2026-01-12
4948,Customer_535,Pizza Hut,Burger,Sri Lanka,2,3881.33,1.3,2024-08-29
4949,Customer_1048,Pizza Hut,Sandwich,India,7,2903.74,1.3,2024-07-16
4950,Customer_2444,Pizza Hut,Burger,Sri Lanka,3,1862.82,2.6,2025-09-24
4951,Customer_271,Dominos,Burger,Singapore,2,3735.57,2.8,2024-03-06
4952,Customer_1610,Burger King,Burger,Singapore,10,2460.34,3.0,2025-11-15
4953,Customer_800,Pizza Hut,Pizza,Australia,1,2515.24,3.6,2025-02-19
4954,Customer_1262,Burger King,Fast Food,India,9,4921.98,3.1,2024-01-26
4955,Customer_256,Pizza Hut,Fast Food,Australia,6,3644.15,3.0,2025-08-14
4956,Customer_1648,Dominos,Sandwich,Singapore,2,3130.12,2.4,2025-12-12
4957,Customer_2313,Dominos,Fast Food,Sri Lanka,8,675.55,1.6,2024-10-01
4958,Customer_1843,Dominos,Burger,Australia,2,4693.94,2.9,2024-04-06
4959,Customer_165,KFC,Pizza,India,9,518.88,3.8,2025-04-22
4960,Customer_943,Burger King,Sandwich,India,8,2572.02,1.5,2024-12-24
4961,Customer_777,KFC,Fast Food,Australia,10,3399.5,1.7,2026-06-01
4962,Customer_2147,Subway,Sandwich,India,6,3689.39,3.0,2024-10-01
4963,Customer_703,Subway,Pizza,India,6,3652.64,4.6,2025-04-14
4964,Customer_66,KFC,Burger,Sri Lanka,10,1592.05,3.0,2025-10-04
4965,Customer_1736,KFC,Burger,Singapore,5,2901.72,2.1,2025-11-12
4966,Customer_1864,KFC,Pizza,Australia,7,4082.29,2.4,2025-11-24
4967,Customer_983,Subway,Fast Food,Singapore,8,2323.68,4.2,2025-12-28
4968,Customer_1939,KFC,Burger,India,4,4355.99,4.6,2024-06-08
4969,Customer_2584,KFC,Fast Food,Sri Lanka,7,2408.57,2.0,2025-02-03
4970,Customer_243,Pizza Hut,Burger,India,2,2184.8,3.8,2026-03-09
4971,Customer_2823,Burger King,Pizza,Singapore,4,2305.18,4.2,2024-09-18
4972,Customer_2280,Dominos,Pizza,India,4,2139.97,1.1,2025-06-24
4973,Customer_1091,Burger King,Burger,Sri Lanka,5,1415.24,4.5,2024-10-09
4974,Customer_345,Pizza Hut,Fast Food,Singapore,6,1693.12,3.3,2024-05-30
4975,Customer_2326,Burger King,Sandwich,Australia,3,3943.89,1.3,2024-10-27
4976,Customer_2177,Burger King,Pizza,Australia,7,1569.37,1.4,2025-07-21
4977,Customer_306,KFC,Fast Food,Sri Lanka,7,1729.0,3.0,2025-01-10
4978,Customer_712,Burger King,Sandwich,Australia,3,3139.86,4.5,2025-09-17
4979,Customer_711,Burger King,Sandwich,India,6,1464.83,4.6,2025-03-28
4980,Customer_2164,Dominos,Burger,Sri Lanka,6,1579.39,1.0,2025-09-25
4981,Customer_1295,Pizza Hut,Burger,Australia,2,4086.22,1.9,2025-04-20
4982,Customer_1967,Subway,Pizza,India,1,2028.22,2.9,2024-10-11
4983,Customer_703,Burger King,Burger,India,2,615.7,3.0,2025-07-25
4984,Customer_1029,Dominos,Burger,India,8,2907.83,3.7,2024-05-23
4985,Customer_689,Burger King,Pizza,Sri Lanka,2,4644.12,3.5,2025-01-28
4986,Customer_1744,Dominos,Sandwich,Sri Lanka,1,2199.29,4.5,2024-01-14
4987,Customer_1693,KFC,Sandwich,Australia,10,960.98,4.2,2025-10-03
4988,Customer_262,Subway,Sandwich,Sri Lanka,7,2021.74,2.7,2026-03-29
4989,Customer_1091,Dominos,Fast Food,Australia,10,540.45,1.4,2026-05-19
4990,Customer_1305,Pizza Hut,Pizza,India,2,2368.92,1.0,2024-06-17
4991,Customer_216,KFC,Sandwich,India,9,4677.6,3.5,2024-09-17
4992,Customer_2095,KFC,Pizza,Sri Lanka,3,770.35,2.6,2025-03-01
4993,Customer_1083,Subway,Burger,India,6,665.09,2.8,2024-03-22
4994,Customer_1560,Subway,Sandwich,Australia,3,645.89,1.2,2025-02-08
4995,Customer_1172,Pizza Hut,Burger,Australia,3,1658.25,1.1,2024-03-10
4996,Customer_913,Dominos,Pizza,India,9,4628.1,1.3,2025-05-02
4997,Customer_2371,Burger King,Pizza,Australia,10,3689.09,3.4,2024-12-28
4998,Customer_1326,Dominos,Sandwich,India,8,3660.47,3.4,2025-04-12
4999,Customer_2430,KFC,Fast Food,Australia,6,2745.11,3.3,2024-06-23
5000,Customer_2461,Subway,Pizza,Singapore,8,2455.47,2.9,2025-11-06
5001,Customer_2564,Pizza Hut,Fast Food,Australia,10,1482.88,2.1,2026-01-07
5002,Customer_2194,Pizza Hut,Burger,Sri Lanka,5,4177.89,1.9,2025-11-19
5003,Customer_969,Burger King,Sandwich,Sri Lanka,3,2888.33,4.1,2024-02-27
5004,Customer_1679,Subway,Sandwich,Singapore,1,4345.68,2.7,2025-10-09
5005,Customer_1259,Dominos,Sandwich,Sri Lanka,8,1969.94,1.3,2024-12-31
5006,Customer_357,Pizza Hut,Fast Food,Australia,3,2252.39,3.7,2024-06-24
5007,Customer_1274,Burger King,Fast Food,Sri Lanka,3,4345.72,2.4,2025-01-23
5008,Customer_250,Subway,Burger,India,6,2323.76,2.0,2024-10-27
5009,Customer_1133,KFC,Sandwich,Singapore,10,1988.83,4.3,2024-06-10
5010,Customer_1710,Burger King,Burger,Singapore,4,2686.28,4.4,2026-01-10
5011,Customer_2977,Burger King,Pizza,Australia,2,1267.09,4.8,2025-07-27
5012,Customer_2257,Burger King,Sandwich,Singapore,10,4305.66,1.2,2026-04-17
5013,Customer_2015,Burger King,Pizza,India,8,3150.45,3.5,2025-11-06
5014,Customer_2545,Burger King,Sandwich,Australia,3,1440.62,3.5,2024-06-28
5015,Customer_1044,Subway,Fast Food,India,1,4189.7,3.7,2025-05-23
5016,Customer_1103,Pizza Hut,Sandwich,Sri Lanka,1,3021.22,4.0,2024-12-13
5017,Customer_2337,Pizza Hut,Pizza,Australia,3,2366.83,4.0,2024-12-16
5018,Customer_1312,KFC,Burger,Sri Lanka,4,3540.72,3.4,2025-04-26
5019,Customer_1537,KFC,Burger,India,10,1779.44,1.3,2025-05-08
5020,Customer_2962,Dominos,Pizza,Sri Lanka,5,767.98,2.4,2024-05-13
5021,Customer_1630,KFC,Pizza,Australia,7,843.03,3.1,2024-01-23
5022,Customer_2153,Dominos,Pizza,Singapore,3,2845.76,3.6,2025-05-25
5023,Customer_2471,KFC,Pizza,Sri Lanka,5,960.84,4.8,2024-12-23
5024,Customer_1971,Pizza Hut,Sandwich,Sri Lanka,4,1410.5,4.3,2024-03-08
5025,Customer_2775,KFC,Fast Food,Australia,5,1766.17,3.1,2026-04-02
5026,Customer_1024,Dominos,Sandwich,Sri Lanka,3,3546.43,3.5,2024-11-04
5027,Customer_358,KFC,Sandwich,Sri Lanka,3,3578.69,1.3,2024-07-22
5028,Customer_985,Dominos,Sandwich,Singapore,8,4727.94,4.1,2025-08-17
5029,Customer_984,Dominos,Burger,Singapore,7,1900.18,2.4,2025-04-10
5030,Customer_2530,Pizza Hut,Pizza,Australia,9,998.72,2.3,2024-12-04
5031,Customer_2851,Burger King,Pizza,Australia,2,985.45,1.2,2026-05-31
5032,Customer_2557,KFC,Burger,Australia,4,1557.68,1.2,2025-01-25
5033,Customer_2997,KFC,Pizza,India,4,3437.61,4.5,2025-09-25
5034,Customer_1496,Pizza Hut,Burger,Australia,6,3860.2,1.1,2024-07-29
5035,Customer_587,Dominos,Burger,Sri Lanka,7,1123.77,4.2,2024-01-24
5036,Customer_1580,Dominos,Burger,Sri Lanka,6,3345.09,1.5,2024-01-15
5037,Customer_1217,Burger King,Sandwich,Singapore,3,983.13,4.7,2026-04-24
5038,Customer_1171,Subway,Pizza,Australia,3,2539.25,4.5,2025-03-06
5039,Customer_1858,KFC,Fast Food,India,10,1768.43,2.7,2025-08-15
5040,Customer_1958,KFC,Burger,India,1,1209.57,4.0,2024-12-01
5041,Customer_1480,Subway,Pizza,Singapore,8,3957.85,1.6,2026-03-04
5042,Customer_741,Subway,Burger,Sri Lanka,10,3514.54,4.3,2025-07-13
5043,Customer_1230,Subway,Burger,Sri Lanka,7,3554.14,2.3,2025-08-26
5044,Customer_276,Subway,Burger,Australia,7,3455.65,2.2,2025-08-19
5045,Customer_1772,Burger King,Burger,India,4,4211.0,1.0,2024-11-01
5046,Customer_298,Burger King,Pizza,Australia,3,4902.32,4.5,2024-09-21
5047,Customer_2156,Dominos,Sandwich,Australia,6,1650.41,4.6,2026-01-25
5048,Customer_284,Subway,Sandwich,Singapore,10,3593.72,4.1,2026-03-17
5049,Customer_2806,Burger King,Sandwich,Singapore,1,3868.75,3.5,2024-05-07
5050,Customer_936,Dominos,Sandwich,India,6,4566.64,4.0,2026-02-10
5051,Customer_2858,Pizza Hut,Fast Food,Australia,2,2576.42,4.6,2025-05-30
5052,Customer_2602,Dominos,Pizza,Australia,7,693.02,2.0,2024-02-03
5053,Customer_401,KFC,Burger,Sri Lanka,8,3143.32,1.5,2025-02-27
5054,Customer_360,Dominos,Burger,Australia,8,1956.26,1.7,2025-12-02
5055,Customer_1183,KFC,Pizza,India,9,3894.99,3.0,2024-12-19
5056,Customer_1387,Pizza Hut,Burger,Sri Lanka,7,4582.71,2.6,2025-05-29
5057,Customer_288,Burger King,Burger,Singapore,2,3616.56,2.5,2025-06-04
5058,Customer_2775,Dominos,Fast Food,Singapore,7,3018.55,3.3,2025-03-01
5059,Customer_177,Subway,Pizza,Singapore,4,2246.04,2.6,2024-11-04
5060,Customer_1400,Subway,Burger,Australia,2,3630.21,1.5,2024-01-15
5061,Customer_898,KFC,Burger,Singapore,4,1343.14,2.0,2024-03-14
5062,Customer_306,Subway,Pizza,Australia,7,3231.46,1.3,2025-01-15
5063,Customer_334,KFC,Sandwich,Singapore,5,3011.19,4.0,2024-05-11
5064,Customer_1589,Subway,Sandwich,Australia,9,2667.81,4.0,2026-06-17
5065,Customer_2571,Subway,Sandwich,India,2,3072.44,4.7,2025-06-03
5066,Customer_1424,KFC,Sandwich,Sri Lanka,5,3688.8,2.6,2024-02-29
5067,Customer_751,KFC,Burger,Sri Lanka,7,1626.98,1.9,2026-06-15
5068,Customer_550,Dominos,Burger,Singapore,10,4625.21,4.1,2024-05-03
5069,Customer_1999,Dominos,Pizza,Sri Lanka,10,907.15,4.3,2024-04-23
5070,Customer_1742,KFC,Sandwich,Sri Lanka,9,2132.69,2.4,2026-06-01
5071,Customer_1591,Pizza Hut,Sandwich,India,3,1366.92,2.7,2026-04-11
5072,Customer_1709,Dominos,Pizza,Australia,8,2546.48,2.6,2024-12-22
5073,Customer_1186,KFC,Burger,Sri Lanka,1,4096.67,4.5,2026-01-18
5074,Customer_2908,Pizza Hut,Pizza,India,8,1414.58,1.9,2026-05-08
5075,Customer_1264,Subway,Pizza,Singapore,5,4391.93,4.9,2024-05-10
5076,Customer_1331,KFC,Pizza,Australia,7,863.89,3.2,2024-07-30
5077,Customer_620,Pizza Hut,Pizza,Sri Lanka,7,4356.26,3.7,2025-12-08
5078,Customer_2387,Burger King,Sandwich,India,2,3029.82,1.8,2026-01-07
5079,Customer_2723,Pizza Hut,Fast Food,Sri Lanka,3,2761.32,1.3,2025-10-27
5080,Customer_2470,Pizza Hut,Pizza,Singapore,7,2232.22,1.9,2025-05-11
5081,Customer_2950,Subway,Burger,Singapore,3,2782.03,3.6,2025-10-28
5082,Customer_1697,Burger King,Burger,Australia,1,1366.23,4.9,2024-06-11
5083,Customer_2504,Pizza Hut,Pizza,Australia,1,4246.71,3.0,2025-05-18
5084,Customer_1414,KFC,Fast Food,India,3,3697.22,4.0,2024-08-11
5085,Customer_2824,Dominos,Burger,Singapore,8,4237.1,3.3,2024-05-09
5086,Customer_195,KFC,Fast Food,Australia,7,2755.96,3.2,2024-12-16
5087,Customer_275,KFC,Sandwich,Australia,3,1778.17,4.4,2025-04-12
5088,Customer_2220,Subway,Fast Food,Australia,3,4096.95,3.4,2024-10-26
5089,Customer_975,Subway,Pizza,Sri Lanka,2,1976.03,2.1,2025-06-01
5090,Customer_1810,Dominos,Sandwich,Australia,10,901.64,2.6,2025-04-23
5091,Customer_1673,Burger King,Sandwich,Singapore,6,1119.5,4.6,2024-03-27
5092,Customer_549,Dominos,Fast Food,Australia,5,3687.96,3.3,2024-06-19
5093,Customer_98,KFC,Burger,Australia,10,4004.13,1.8,2026-04-14
5094,Customer_1049,Burger King,Sandwich,Singapore,7,4385.49,1.3,2026-05-22
5095,Customer_2222,Subway,Sandwich,Australia,6,574.05,3.9,2024-08-31
5096,Customer_2897,Subway,Fast Food,Australia,10,2060.05,2.6,2024-02-04
5097,Customer_2112,KFC,Pizza,India,10,3636.35,4.9,2025-03-30
5098,Customer_1494,Subway,Pizza,Singapore,1,4656.57,3.3,2026-03-14
5099,Customer_357,KFC,Sandwich,Sri Lanka,7,2222.88,3.2,2024-10-18
5100,Customer_2750,KFC,Sandwich,Sri Lanka,9,2717.25,1.2,2024-12-01
5101,Customer_557,Pizza Hut,Pizza,Sri Lanka,4,4668.87,3.8,2025-03-24
5102,Customer_2250,Pizza Hut,Fast Food,India,1,3912.58,3.3,2025-07-17
5103,Customer_1623,Dominos,Sandwich,India,8,1237.51,1.1,2025-03-13
5104,Customer_1818,KFC,Burger,Australia,9,1507.05,4.6,2025-10-24
5105,Customer_1723,Dominos,Fast Food,Singapore,2,3106.87,3.8,2025-01-05
5106,Customer_1662,Burger King,Sandwich,Australia,4,3150.29,3.0,2024-12-21
5107,Customer_1302,Burger King,Sandwich,Singapore,4,3204.66,1.3,2024-02-04
5108,Customer_2973,Subway,Fast Food,Australia,5,4944.8,4.6,2024-09-14
5109,Customer_2182,Dominos,Pizza,Sri Lanka,6,2828.68,3.0,2025-10-31
5110,Customer_511,Pizza Hut,Pizza,Australia,4,4914.59,1.5,2025-06-30
5111,Customer_722,Dominos,Sandwich,India,6,1724.55,3.0,2025-08-26
5112,Customer_200,Pizza Hut,Burger,Sri Lanka,5,563.58,1.4,2025-06-04
5113,Customer_1582,Pizza Hut,Burger,Singapore,1,683.98,1.3,2024-10-27
5114,Customer_2751,Pizza Hut,Fast Food,Singapore,4,2835.74,4.8,2025-08-16
5115,Customer_1608,Dominos,Pizza,Australia,8,1773.76,4.4,2024-09-20
5116,Customer_2345,KFC,Fast Food,Australia,2,1448.01,3.3,2026-02-10
5117,Customer_2357,Dominos,Sandwich,Sri Lanka,9,1485.66,1.4,2024-11-21
5118,Customer_1435,Burger King,Pizza,Australia,3,2113.08,1.3,2024-01-14
5119,Customer_2388,Pizza Hut,Pizza,Australia,10,1851.04,4.0,2024-03-29
5120,Customer_1204,KFC,Burger,Sri Lanka,3,1910.81,2.8,2025-08-14
5121,Customer_2416,Pizza Hut,Pizza,India,4,3010.2,3.8,2025-10-01
5122,Customer_1716,Dominos,Sandwich,Singapore,1,4971.85,2.5,2025-11-26
5123,Customer_2982,Subway,Burger,Sri Lanka,4,4014.95,4.3,2024-06-18
5124,Customer_2653,KFC,Sandwich,India,9,2575.11,2.2,2024-01-18
5125,Customer_2673,KFC,Fast Food,Sri Lanka,9,1384.49,2.0,2025-12-17
5126,Customer_2329,KFC,Sandwich,Sri Lanka,3,2231.73,2.5,2025-12-08
5127,Customer_684,Pizza Hut,Sandwich,Sri Lanka,6,4700.32,3.2,2025-06-06
5128,Customer_1335,Pizza Hut,Pizza,India,2,849.56,2.9,2025-07-18
5129,Customer_232,Burger King,Sandwich,Singapore,7,4289.97,3.0,2025-02-28
5130,Customer_560,Subway,Pizza,Sri Lanka,4,765.84,1.6,2025-08-30
5131,Customer_1310,Dominos,Burger,Sri Lanka,6,2765.67,4.0,2025-03-30
5132,Customer_976,Pizza Hut,Pizza,Singapore,1,2201.32,3.0,2024-07-09
5133,Customer_454,Subway,Pizza,Australia,10,2624.67,4.7,2025-05-08
5134,Customer_1326,Burger King,Sandwich,Sri Lanka,4,4655.43,2.1,2025-01-22
5135,Customer_1697,Dominos,Burger,Australia,2,3624.73,2.2,2026-05-11
5136,Customer_1854,Burger King,Pizza,Australia,8,3736.29,4.9,2024-08-22
5137,Customer_2777,Subway,Pizza,Australia,3,3741.35,3.6,2024-10-31
5138,Customer_2349,Pizza Hut,Fast Food,Australia,2,3928.54,1.4,2025-09-10
5139,Customer_1289,Dominos,Sandwich,India,4,2945.51,2.4,2024-04-24
5140,Customer_1884,Dominos,Burger,Singapore,8,4969.34,3.6,2024-11-23
5141,Customer_2708,Dominos,Fast Food,India,9,3808.55,5.0,2024-03-02
5142,Customer_2388,KFC,Burger,Singapore,6,3661.47,1.7,2026-05-30
5143,Customer_1311,Subway,Sandwich,Sri Lanka,4,4647.83,2.2,2025-05-11
5144,Customer_1410,Dominos,Pizza,India,4,3998.42,3.3,2026-02-02
5145,Customer_1232,Subway,Burger,India,5,3961.88,2.8,2024-09-07
5146,Customer_316,Burger King,Burger,Singapore,9,4723.55,3.6,2024-12-13
5147,Customer_788,Subway,Fast Food,India,3,4826.81,5.0,2025-02-16
5148,Customer_596,Dominos,Fast Food,Singapore,2,3492.92,4.0,2026-01-26
5149,Customer_659,Subway,Sandwich,Singapore,5,2666.31,3.9,2025-02-03
5150,Customer_884,Dominos,Fast Food,India,9,2050.44,5.0,2024-07-03
5151,Customer_2295,Dominos,Pizza,Singapore,9,931.92,5.0,2025-04-25
5152,Customer_504,Subway,Pizza,India,10,4781.4,1.4,2024-07-12
5153,Customer_2920,KFC,Pizza,India,9,3891.51,1.0,2026-03-24
5154,Customer_1605,KFC,Burger,India,10,1628.18,3.9,2026-02-21
5155,Customer_1477,Burger King,Burger,Australia,5,789.91,3.2,2025-05-28
5156,Customer_1304,Subway,Pizza,Sri Lanka,5,3946.2,1.2,2024-06-17
5157,Customer_1422,Dominos,Pizza,Sri Lanka,4,4570.61,1.6,2024-08-25
5158,Customer_1766,Dominos,Pizza,Australia,5,4419.85,1.0,2024-06-03
5159,Customer_2374,Subway,Sandwich,Australia,8,951.18,4.3,2025-04-02
5160,Customer_2393,Dominos,Pizza,Sri Lanka,4,1164.92,4.0,2025-05-30
5161,Customer_245,Subway,Sandwich,India,9,2335.02,3.1,2025-01-10
5162,Customer_1197,KFC,Burger,Singapore,7,727.42,3.7,2025-01-30
5163,Customer_2205,KFC,Pizza,Sri Lanka,10,1264.99,2.4,2026-04-23
5164,Customer_726,Subway,Burger,Singapore,8,4698.09,3.7,2025-03-25
5165,Customer_858,Pizza Hut,Sandwich,India,4,574.01,3.2,2025-02-06
5166,Customer_172,Pizza Hut,Sandwich,India,7,4853.51,1.6,2025-01-31
5167,Customer_59,KFC,Pizza,Singapore,5,3238.99,3.1,2026-02-26
5168,Customer_1164,Dominos,Burger,Sri Lanka,2,2448.98,5.0,2026-04-09
5169,Customer_2671,KFC,Fast Food,India,2,774.78,4.8,2024-09-17
5170,Customer_1591,Dominos,Pizza,Singapore,7,1305.16,4.0,2024-04-10
5171,Customer_2147,Burger King,Burger,Australia,5,825.67,4.0,2024-05-27
5172,Customer_2604,Burger King,Sandwich,Singapore,3,1232.79,3.3,2025-06-30
5173,Customer_427,Pizza Hut,Burger,Singapore,2,663.73,3.9,2024-03-18
5174,Customer_1699,Pizza Hut,Fast Food,India,7,4509.55,2.2,2026-03-03
5175,Customer_73,Pizza Hut,Sandwich,Australia,10,3470.55,1.8,2025-08-28
5176,Customer_2598,Subway,Fast Food,Singapore,3,4556.86,2.1,2026-04-29
5177,Customer_1706,Dominos,Sandwich,Australia,6,4940.38,4.5,2024-01-25
5178,Customer_605,Pizza Hut,Sandwich,Australia,1,4436.83,4.6,2024-08-14
5179,Customer_627,KFC,Pizza,Australia,5,3841.41,4.4,2024-10-07
5180,Customer_1888,Pizza Hut,Fast Food,Sri Lanka,8,3901.77,3.5,2024-01-15
5181,Customer_99,KFC,Pizza,Sri Lanka,6,3374.12,4.0,2025-01-18
5182,Customer_1744,Dominos,Sandwich,Sri Lanka,5,2934.0,1.9,2026-05-10
5183,Customer_2692,KFC,Fast Food,Singapore,2,1646.26,3.3,2024-08-15
5184,Customer_1462,Burger King,Fast Food,India,10,4636.0,4.5,2024-11-20
5185,Customer_680,Burger King,Pizza,India,1,4193.1,1.7,2025-12-12
5186,Customer_2249,Pizza Hut,Burger,India,1,2790.55,4.4,2025-11-18
5187,Customer_1451,KFC,Fast Food,Singapore,7,2963.94,1.5,2025-11-27
5188,Customer_647,Dominos,Sandwich,India,6,4841.87,4.4,2026-04-14
5189,Customer_234,Dominos,Pizza,India,5,3874.26,3.4,2026-02-16
5190,Customer_2461,Burger King,Pizza,Sri Lanka,4,4182.51,3.8,2024-08-25
5191,Customer_1497,Pizza Hut,Pizza,Singapore,5,3201.59,4.3,2024-06-21
5192,Customer_982,Subway,Pizza,Australia,5,712.73,4.7,2026-03-18
5193,Customer_951,Dominos,Sandwich,Australia,5,1447.19,3.3,2025-11-26
5194,Customer_633,Subway,Burger,Sri Lanka,4,1511.44,1.1,2024-09-29
5195,Customer_2624,Burger King,Fast Food,Australia,9,2351.59,2.0,2025-02-24
5196,Customer_2420,Pizza Hut,Burger,Sri Lanka,6,4885.69,4.0,2024-05-11
5197,Customer_2749,Subway,Sandwich,Sri Lanka,6,3130.48,4.3,2024-10-05
5198,Customer_2282,KFC,Pizza,Singapore,8,1266.78,1.2,2024-04-30
5199,Customer_1980,Burger King,Burger,Australia,8,3075.75,1.9,2024-02-23
5200,Customer_2834,Pizza Hut,Sandwich,Sri Lanka,8,4728.45,4.4,2024-04-19
5201,Customer_122,KFC,Burger,Australia,7,2875.43,4.6,2024-01-11
5202,Customer_1135,Subway,Sandwich,Australia,8,3894.4,2.9,2025-12-05
5203,Customer_1140,Subway,Sandwich,Singapore,7,4755.33,2.8,2026-03-10
5204,Customer_1613,Dominos,Fast Food,Australia,8,1684.92,1.6,2024-08-12
5205,Customer_433,Subway,Fast Food,India,7,2825.41,1.8,2025-07-25
5206,Customer_631,Burger King,Pizza,Australia,1,1877.61,3.3,2025-10-16
5207,Customer_1496,Pizza Hut,Sandwich,Sri Lanka,3,2281.66,4.1,2026-03-03
5208,Customer_1979,Dominos,Burger,India,7,2384.31,2.2,2024-12-02
5209,Customer_211,KFC,Fast Food,Singapore,4,2301.72,3.1,2025-07-26
5210,Customer_1291,KFC,Burger,Sri Lanka,4,2022.36,2.9,2025-04-15
5211,Customer_642,Subway,Pizza,India,1,1441.37,3.5,2024-10-01
5212,Customer_985,Subway,Burger,India,7,687.95,3.6,2025-01-01
5213,Customer_771,KFC,Sandwich,India,5,3671.67,1.1,2024-12-20
5214,Customer_1041,Subway,Sandwich,Australia,8,4902.23,2.1,2024-03-27
5215,Customer_827,Dominos,Sandwich,Sri Lanka,5,3923.83,4.8,2025-05-16
5216,Customer_2359,Dominos,Sandwich,Sri Lanka,10,1895.14,4.3,2024-02-10
5217,Customer_1378,Subway,Sandwich,Singapore,4,3243.2,1.4,2025-02-02
5218,Customer_2717,KFC,Burger,Sri Lanka,6,2615.64,4.6,2024-02-02
5219,Customer_2218,Subway,Fast Food,Sri Lanka,9,4393.57,1.1,2025-02-15
5220,Customer_449,Dominos,Burger,Singapore,10,3376.07,4.6,2026-04-09
5221,Customer_1941,KFC,Fast Food,Singapore,8,4108.44,3.7,2024-02-02
5222,Customer_2361,Subway,Fast Food,Singapore,6,2778.35,1.7,2025-03-10
5223,Customer_1013,Burger King,Fast Food,Sri Lanka,1,1686.61,4.4,2025-02-24
5224,Customer_2278,Dominos,Sandwich,Sri Lanka,3,2232.66,4.2,2025-03-26
5225,Customer_655,Subway,Fast Food,India,10,4280.3,1.7,2025-12-11
5226,Customer_2303,Subway,Burger,India,5,3098.53,3.7,2025-05-17
5227,Customer_2559,Dominos,Fast Food,Australia,2,3735.69,2.4,2024-03-06
5228,Customer_1372,Burger King,Pizza,Singapore,4,777.7,4.2,2025-07-27
5229,Customer_1867,Dominos,Pizza,Sri Lanka,9,1943.89,3.3,2024-08-07
5230,Customer_90,Dominos,Fast Food,Singapore,10,4255.74,2.0,2025-05-20
5231,Customer_392,Burger King,Burger,Sri Lanka,1,765.99,3.9,2025-12-28
5232,Customer_1821,Burger King,Sandwich,Sri Lanka,3,1572.99,4.4,2024-02-07
5233,Customer_209,Dominos,Burger,Sri Lanka,8,3959.29,3.4,2024-05-05
5234,Customer_2394,Dominos,Pizza,India,9,2764.86,4.6,2024-06-11
5235,Customer_1252,KFC,Sandwich,India,5,1663.8,3.4,2026-02-06
5236,Customer_2359,Subway,Pizza,Australia,2,4086.33,3.6,2025-05-12
5237,Customer_1968,KFC,Sandwich,Singapore,6,4963.05,2.8,2025-09-02
5238,Customer_2084,Dominos,Pizza,Singapore,2,4596.16,4.4,2025-01-10
5239,Customer_769,Subway,Pizza,Australia,10,748.15,2.7,2024-11-26
5240,Customer_2030,Dominos,Fast Food,Australia,4,3716.22,1.0,2026-04-05
5241,Customer_438,Dominos,Burger,India,1,1657.33,4.9,2025-10-12
5242,Customer_1435,Dominos,Fast Food,Sri Lanka,5,1044.13,4.6,2024-06-10
5243,Customer_2794,Dominos,Sandwich,Singapore,6,1164.47,4.1,2025-02-22
5244,Customer_1794,Pizza Hut,Pizza,Singapore,10,4967.97,3.9,2024-01-01
5245,Customer_421,Dominos,Sandwich,India,6,541.72,4.5,2025-04-24
5246,Customer_1211,KFC,Sandwich,India,10,3743.15,4.7,2026-02-18
5247,Customer_1205,KFC,Fast Food,Singapore,7,2578.35,1.5,2025-12-05
5248,Customer_688,Dominos,Fast Food,India,6,1904.05,4.8,2026-06-04
5249,Customer_2623,KFC,Fast Food,Australia,9,1890.41,2.7,2025-02-09
5250,Customer_517,Burger King,Sandwich,Sri Lanka,5,2227.78,2.9,2025-05-09
5251,Customer_646,Pizza Hut,Pizza,Singapore,10,596.49,3.8,2025-06-08
5252,Customer_1312,Burger King,Fast Food,India,7,4596.29,2.0,2024-04-20
5253,Customer_2874,Subway,Sandwich,India,2,4393.12,1.6,2024-01-31
5254,Customer_2753,Pizza Hut,Sandwich,Singapore,8,2459.42,4.9,2026-02-28
5255,Customer_2687,Pizza Hut,Burger,India,3,1749.72,3.5,2024-10-20
5256,Customer_467,Dominos,Burger,India,6,1506.49,1.7,2025-10-29
5257,Customer_1780,Pizza Hut,Sandwich,Sri Lanka,6,2993.09,1.3,2025-05-27
5258,Customer_132,Burger King,Sandwich,India,3,1020.85,2.5,2025-06-15
5259,Customer_1817,Subway,Sandwich,Australia,6,1995.12,2.5,2026-04-05
5260,Customer_452,Burger King,Fast Food,Sri Lanka,8,550.11,3.9,2025-02-22
5261,Customer_1497,Dominos,Fast Food,Australia,3,3303.03,2.5,2025-11-12
5262,Customer_1633,Subway,Sandwich,Australia,5,916.74,4.1,2025-07-29
5263,Customer_2760,Subway,Sandwich,India,6,3025.92,3.4,2024-12-17
5264,Customer_1635,KFC,Burger,Singapore,1,657.46,3.6,2026-06-14
5265,Customer_2726,Burger King,Fast Food,Australia,2,2671.56,4.0,2024-12-08
5266,Customer_1830,Burger King,Fast Food,India,8,4448.73,2.0,2025-08-24
5267,Customer_893,Pizza Hut,Pizza,Singapore,4,1702.03,4.5,2024-12-08
5268,Customer_1370,Subway,Fast Food,Sri Lanka,10,4971.13,2.7,2026-04-06
5269,Customer_459,KFC,Burger,Singapore,2,2285.2,3.7,2024-06-12
5270,Customer_1311,KFC,Sandwich,Australia,4,1180.26,1.6,2024-03-19
5271,Customer_2766,Burger King,Sandwich,Sri Lanka,9,926.51,5.0,2026-05-17
5272,Customer_1105,Subway,Fast Food,India,10,3742.44,1.3,2024-04-19
5273,Customer_2193,Burger King,Fast Food,Australia,4,2513.47,4.2,2025-07-25
5274,Customer_2269,Pizza Hut,Pizza,Singapore,9,994.85,4.0,2024-11-05
5275,Customer_1023,Pizza Hut,Fast Food,Sri Lanka,6,2817.43,4.2,2025-09-07
5276,Customer_49,Burger King,Fast Food,Sri Lanka,5,572.36,1.9,2025-09-14
5277,Customer_104,Burger King,Fast Food,Sri Lanka,1,2025.96,4.9,2025-12-30
5278,Customer_907,Burger King,Sandwich,Sri Lanka,3,4826.44,4.1,2025-12-28
5279,Customer_399,Dominos,Sandwich,Australia,7,599.18,1.5,2024-03-11
5280,Customer_308,KFC,Burger,Singapore,8,4232.57,4.1,2025-10-13
5281,Customer_2072,Pizza Hut,Pizza,Australia,10,2856.58,1.8,2024-05-27
5282,Customer_651,Pizza Hut,Sandwich,Australia,10,2791.62,3.2,2026-03-06
5283,Customer_1080,Subway,Burger,Sri Lanka,3,2249.57,4.4,2026-05-09
5284,Customer_2,KFC,Pizza,Sri Lanka,5,3852.89,2.5,2024-06-01
5285,Customer_1450,Dominos,Fast Food,Singapore,7,2094.9,4.4,2025-12-04
5286,Customer_2588,Pizza Hut,Pizza,Sri Lanka,5,4909.88,3.5,2025-06-08
5287,Customer_235,Burger King,Pizza,Singapore,5,3421.6,2.6,2026-05-19
5288,Customer_162,Subway,Sandwich,India,10,4448.78,1.8,2024-12-26
5289,Customer_521,KFC,Fast Food,Singapore,3,4969.48,4.6,2024-05-13
5290,Customer_2004,Dominos,Burger,Sri Lanka,3,2359.49,4.6,2025-07-19
5291,Customer_2329,Burger King,Burger,Singapore,5,1942.68,2.6,2025-11-16
5292,Customer_55,Burger King,Pizza,India,5,4480.31,1.1,2025-05-31
5293,Customer_1512,Burger King,Burger,India,8,2817.31,2.4,2024-08-12
5294,Customer_2089,Pizza Hut,Pizza,Sri Lanka,7,3253.61,2.5,2025-07-12
5295,Customer_804,KFC,Burger,Singapore,3,4783.43,2.7,2025-09-19
5296,Customer_569,KFC,Sandwich,India,2,4127.9,2.9,2024-06-16
5297,Customer_1042,Pizza Hut,Pizza,Australia,6,3356.51,2.9,2024-08-24
5298,Customer_135,KFC,Pizza,Sri Lanka,2,4374.02,3.0,2025-07-28
5299,Customer_110,Dominos,Pizza,Australia,6,4403.96,1.1,2025-11-25
5300,Customer_1584,Subway,Burger,Australia,8,1504.44,2.5,2026-02-05
5301,Customer_1137,Pizza Hut,Burger,India,10,829.51,4.0,2024-08-06
5302,Customer_977,Pizza Hut,Sandwich,Singapore,8,4355.35,3.5,2024-07-09
5303,Customer_1729,Dominos,Burger,Singapore,8,3406.55,1.5,2025-03-10
5304,Customer_2919,Pizza Hut,Fast Food,Sri Lanka,5,506.92,1.9,2024-02-22
5305,Customer_1012,Dominos,Pizza,Singapore,1,4065.6,3.6,2024-09-13
5306,Customer_1921,Dominos,Burger,India,4,4399.17,4.0,2025-04-02
5307,Customer_584,KFC,Burger,India,10,1516.9,3.5,2024-10-16
5308,Customer_1081,KFC,Burger,Singapore,8,2529.55,1.7,2024-05-17
5309,Customer_1034,Burger King,Sandwich,Australia,1,1241.85,1.4,2025-04-12
5310,Customer_2135,Subway,Burger,India,2,949.13,4.7,2026-04-03
5311,Customer_1266,Dominos,Fast Food,India,7,1353.22,1.9,2025-06-22
5312,Customer_1623,Subway,Sandwich,Australia,3,4151.01,1.1,2026-04-26
5313,Customer_2733,Burger King,Sandwich,Australia,10,3973.36,2.0,2026-02-05
5314,Customer_2061,Subway,Burger,Singapore,8,751.9,2.5,2025-11-10
5315,Customer_2959,KFC,Pizza,Australia,4,1088.61,3.6,2025-12-19
5316,Customer_1300,Burger King,Sandwich,Sri Lanka,7,3707.1,3.8,2024-06-02
5317,Customer_2426,Burger King,Sandwich,Singapore,8,2864.03,4.2,2025-04-30
5318,Customer_2333,Subway,Sandwich,India,7,3858.32,1.3,2025-06-16
5319,Customer_2352,Burger King,Burger,Australia,10,1107.81,4.9,2024-08-18
5320,Customer_2918,Subway,Burger,Singapore,3,1533.45,3.5,2024-04-27
5321,Customer_212,Pizza Hut,Burger,Singapore,4,2724.48,3.3,2025-10-07
5322,Customer_1643,KFC,Sandwich,Australia,5,3946.06,3.3,2024-05-20
5323,Customer_2022,Dominos,Fast Food,Singapore,9,3321.7,1.6,2025-09-29
5324,Customer_554,Pizza Hut,Fast Food,Sri Lanka,1,4050.47,1.4,2026-06-04
5325,Customer_729,Subway,Sandwich,Singapore,10,759.69,1.7,2024-09-18
5326,Customer_1319,Dominos,Burger,Australia,2,1640.11,3.3,2024-03-28
5327,Customer_176,Subway,Sandwich,Singapore,2,3346.1,4.1,2026-02-11
5328,Customer_58,Subway,Fast Food,Sri Lanka,5,3340.23,2.4,2026-04-03
5329,Customer_1982,KFC,Burger,India,3,2676.97,3.7,2025-12-12
5330,Customer_1201,Subway,Sandwich,Singapore,6,3666.97,1.5,2025-10-18
5331,Customer_2115,KFC,Fast Food,Australia,2,2554.87,3.3,2024-10-31
5332,Customer_1360,Pizza Hut,Pizza,India,5,1425.52,4.8,2024-06-08
5333,Customer_951,Dominos,Sandwich,Australia,8,3559.3,3.0,2024-12-01
5334,Customer_1027,KFC,Sandwich,Australia,9,4343.93,2.3,2024-08-05
5335,Customer_2727,Pizza Hut,Fast Food,Australia,10,2469.22,1.4,2024-07-30
5336,Customer_1927,Dominos,Fast Food,India,9,634.31,4.2,2024-01-02
5337,Customer_2705,Subway,Fast Food,Singapore,5,4984.02,2.6,2024-03-28
5338,Customer_1689,Subway,Sandwich,Australia,8,1182.02,4.4,2025-12-25
5339,Customer_370,Dominos,Fast Food,India,5,3956.21,2.5,2026-02-06
5340,Customer_2050,KFC,Fast Food,India,3,2067.19,1.8,2025-03-09
5341,Customer_2347,Burger King,Pizza,Australia,6,2894.09,3.9,2026-05-17
5342,Customer_2006,KFC,Burger,Sri Lanka,8,4863.13,4.0,2025-01-23
5343,Customer_227,Dominos,Pizza,India,10,1838.91,2.8,2026-02-03
5344,Customer_1098,Dominos,Fast Food,India,7,896.75,3.4,2025-01-30
5345,Customer_2489,KFC,Sandwich,India,2,3969.21,2.6,2025-10-16
5346,Customer_1808,Burger King,Sandwich,Australia,5,1503.34,4.5,2026-05-31
5347,Customer_2389,Burger King,Fast Food,Australia,7,4499.03,2.6,2024-02-09
5348,Customer_253,Dominos,Pizza,Singapore,3,3699.53,1.5,2024-01-17
5349,Customer_1470,Pizza Hut,Sandwich,Australia,1,2504.0,2.8,2024-02-25
5350,Customer_2918,Pizza Hut,Burger,Sri Lanka,2,1420.17,3.6,2026-01-28
5351,Customer_801,Dominos,Pizza,Singapore,6,4689.54,2.9,2026-02-22
5352,Customer_669,Subway,Burger,Singapore,8,2573.65,3.8,2025-10-05
5353,Customer_1477,Burger King,Fast Food,Singapore,2,4935.61,3.8,2024-12-08
5354,Customer_1574,Subway,Fast Food,Australia,5,3667.11,1.7,2025-09-11
5355,Customer_1959,Pizza Hut,Fast Food,India,10,1612.79,4.1,2026-04-21
5356,Customer_430,KFC,Pizza,Singapore,9,3073.68,2.9,2026-04-25
5357,Customer_1724,Pizza Hut,Pizza,Sri Lanka,4,2455.51,3.2,2024-09-25
5358,Customer_1177,Pizza Hut,Burger,Singapore,8,876.16,1.5,2025-07-02
5359,Customer_277,Subway,Burger,India,6,784.06,3.4,2025-09-14
5360,Customer_1695,Pizza Hut,Sandwich,Singapore,6,2011.98,3.4,2026-03-26
5361,Customer_902,Burger King,Burger,India,9,1954.24,3.0,2024-06-07
5362,Customer_1791,KFC,Fast Food,India,3,2961.22,4.5,2024-01-27
5363,Customer_2492,KFC,Pizza,Australia,3,2944.26,2.8,2024-06-30
5364,Customer_2040,Pizza Hut,Burger,India,6,4112.74,3.4,2025-09-19
5365,Customer_1231,Dominos,Pizza,Singapore,9,3488.85,4.4,2025-02-23
5366,Customer_1090,Dominos,Burger,Australia,6,652.23,3.7,2025-05-25
5367,Customer_1006,Pizza Hut,Fast Food,Sri Lanka,9,4771.35,3.9,2025-06-16
5368,Customer_2156,Subway,Fast Food,Singapore,6,2314.05,2.2,2024-02-20
5369,Customer_105,Burger King,Fast Food,Sri Lanka,6,2884.01,1.4,2024-12-25
5370,Customer_2629,Subway,Sandwich,Singapore,10,2713.2,4.9,2025-07-29
5371,Customer_2047,Dominos,Fast Food,India,8,2891.26,4.1,2024-09-16
5372,Customer_1749,Dominos,Pizza,Singapore,5,2248.98,2.3,2025-07-15
5373,Customer_959,Burger King,Sandwich,Singapore,5,3846.89,2.6,2024-08-12
5374,Customer_814,Dominos,Pizza,India,7,4639.45,1.7,2024-08-22
5375,Customer_2524,Pizza Hut,Burger,Sri Lanka,3,1483.6,2.2,2024-04-27
5376,Customer_2617,Dominos,Pizza,Australia,6,726.25,4.9,2025-07-16
5377,Customer_2459,Burger King,Fast Food,Australia,1,1636.24,1.5,2024-04-28
5378,Customer_109,Subway,Sandwich,Singapore,3,3178.28,2.1,2025-03-02
5379,Customer_1994,Dominos,Pizza,Singapore,7,572.34,3.1,2025-08-24
5380,Customer_1299,Subway,Fast Food,Sri Lanka,8,3881.19,2.9,2026-01-29
5381,Customer_950,Dominos,Sandwich,Australia,4,3262.99,3.6,2026-01-07
5382,Customer_1434,Subway,Sandwich,Australia,9,3863.79,3.7,2025-06-23
5383,Customer_2682,Burger King,Sandwich,Sri Lanka,4,1009.54,3.5,2024-12-20
5384,Customer_1037,Burger King,Burger,Singapore,2,4634.69,2.0,2025-07-02
5385,Customer_1312,KFC,Burger,Singapore,5,2648.62,2.9,2025-08-01
5386,Customer_1797,KFC,Fast Food,India,4,2784.15,3.1,2024-08-30
5387,Customer_1513,Dominos,Fast Food,Sri Lanka,9,3901.79,4.3,2025-03-31
5388,Customer_1361,Burger King,Sandwich,India,3,3787.12,4.3,2025-04-25
5389,Customer_2619,Pizza Hut,Fast Food,Australia,10,555.33,2.1,2024-02-11
5390,Customer_465,Dominos,Pizza,Singapore,6,2977.38,2.1,2026-01-27
5391,Customer_2988,Subway,Fast Food,India,5,1863.13,1.7,2024-11-26
5392,Customer_515,Dominos,Fast Food,India,4,3245.3,2.0,2025-02-22
5393,Customer_1665,Burger King,Pizza,India,6,4447.77,1.8,2024-02-26
5394,Customer_1510,Subway,Sandwich,Australia,10,3517.46,1.1,2025-12-31
5395,Customer_641,Subway,Pizza,Sri Lanka,10,2315.03,1.0,2025-02-09
5396,Customer_2295,Dominos,Burger,Singapore,9,3432.38,3.2,2025-05-16
5397,Customer_2874,Dominos,Pizza,Singapore,7,1613.98,3.4,2026-03-07
5398,Customer_1867,KFC,Pizza,Singapore,7,2353.62,3.3,2025-04-25
5399,Customer_2333,Dominos,Burger,Australia,1,4059.33,4.0,2025-11-04
5400,Customer_2633,Burger King,Burger,Australia,1,2496.61,1.6,2025-12-03
5401,Customer_644,Subway,Fast Food,Sri Lanka,1,4680.86,3.4,2025-02-13
5402,Customer_746,KFC,Sandwich,Australia,3,2518.88,1.6,2025-12-28
5403,Customer_1581,KFC,Fast Food,Australia,10,1869.3,1.3,2024-10-23
5404,Customer_1743,Dominos,Fast Food,Sri Lanka,8,2489.35,1.8,2024-12-25
5405,Customer_2970,Dominos,Pizza,Australia,6,2991.27,3.9,2025-07-18
5406,Customer_2266,Dominos,Fast Food,Australia,1,2726.8,3.8,2025-08-27
5407,Customer_822,Subway,Fast Food,Australia,4,3837.44,2.4,2026-02-22
5408,Customer_1955,KFC,Sandwich,India,10,4755.0,1.1,2025-10-03
5409,Customer_2860,Pizza Hut,Burger,Sri Lanka,4,4334.25,2.6,2025-04-09
5410,Customer_1837,KFC,Fast Food,India,9,980.41,2.6,2025-03-01
5411,Customer_2265,Dominos,Fast Food,India,8,4392.74,3.1,2024-09-05
5412,Customer_920,Dominos,Pizza,Sri Lanka,5,4903.36,3.9,2024-12-07
5413,Customer_1271,Pizza Hut,Pizza,Singapore,2,2657.49,1.0,2024-06-23
5414,Customer_2821,KFC,Fast Food,Australia,9,1470.88,2.6,2025-03-12
5415,Customer_2800,Subway,Pizza,Singapore,9,4679.89,2.7,2024-09-24
5416,Customer_815,Subway,Sandwich,Singapore,6,3500.19,1.2,2024-06-14
5417,Customer_1945,Dominos,Burger,Australia,10,2100.77,4.1,2025-02-12
5418,Customer_1340,Burger King,Fast Food,Sri Lanka,6,4745.49,4.0,2026-01-22
5419,Customer_1811,Dominos,Pizza,Australia,1,1821.49,1.7,2025-11-16
5420,Customer_2184,Subway,Fast Food,Sri Lanka,9,4603.75,4.2,2025-12-05
5421,Customer_1834,KFC,Pizza,Australia,8,2767.33,4.0,2025-06-25
5422,Customer_1936,KFC,Fast Food,Sri Lanka,3,1796.59,1.5,2026-03-14
5423,Customer_1173,Pizza Hut,Burger,Sri Lanka,8,3808.14,4.7,2026-03-23
5424,Customer_2376,KFC,Fast Food,Singapore,7,562.0,3.7,2024-11-06
5425,Customer_2788,Pizza Hut,Fast Food,Australia,6,3333.59,4.9,2025-03-14
5426,Customer_947,Burger King,Fast Food,Australia,8,3486.04,2.4,2024-04-01
5427,Customer_170,Burger King,Burger,Australia,1,4770.33,3.2,2024-02-13
5428,Customer_533,Dominos,Fast Food,Singapore,10,3303.37,1.1,2024-05-21
5429,Customer_1575,Burger King,Burger,India,6,2466.93,2.4,2025-10-28
5430,Customer_2661,Subway,Fast Food,India,7,1450.25,1.9,2025-12-13
5431,Customer_1996,KFC,Pizza,Australia,6,1963.43,3.0,2024-10-26
5432,Customer_399,Dominos,Fast Food,India,4,2072.65,4.1,2026-01-31
5433,Customer_1216,KFC,Burger,Australia,10,3338.02,3.8,2026-03-02
5434,Customer_2877,KFC,Fast Food,Sri Lanka,1,1669.32,1.8,2025-02-15
5435,Customer_2248,Pizza Hut,Burger,Singapore,8,3343.85,4.4,2025-12-28
5436,Customer_1236,Pizza Hut,Sandwich,Sri Lanka,8,729.18,3.3,2024-04-16
5437,Customer_864,Pizza Hut,Sandwich,Sri Lanka,10,2754.88,1.5,2025-04-03
5438,Customer_1665,Subway,Fast Food,India,1,1534.2,3.5,2025-02-11
5439,Customer_1556,Subway,Fast Food,India,9,931.69,1.2,2024-10-28
5440,Customer_1034,Burger King,Burger,Singapore,7,4978.98,2.5,2025-01-25
5441,Customer_458,KFC,Burger,India,7,986.02,2.8,2024-08-25
5442,Customer_2051,Dominos,Sandwich,India,3,4039.84,4.8,2025-08-30
5443,Customer_1453,Dominos,Burger,Singapore,5,2137.37,3.2,2025-08-21
5444,Customer_2311,Subway,Sandwich,Sri Lanka,8,4566.84,3.6,2025-10-08
5445,Customer_1380,Dominos,Fast Food,Singapore,1,4522.13,1.7,2024-04-01
5446,Customer_338,Burger King,Burger,Singapore,2,4534.94,2.3,2026-04-26
5447,Customer_1086,Burger King,Fast Food,Australia,3,2435.63,2.1,2026-05-18
5448,Customer_2795,Subway,Pizza,Singapore,10,1786.13,4.9,2024-12-19
5449,Customer_354,Subway,Fast Food,India,8,3009.67,2.0,2024-09-20
5450,Customer_1987,Dominos,Pizza,Sri Lanka,10,1352.08,3.2,2025-06-02
5451,Customer_1820,KFC,Sandwich,Australia,3,1906.06,1.7,2024-07-15
5452,Customer_2745,Dominos,Fast Food,Singapore,5,3469.53,1.5,2025-05-01
5453,Customer_1072,Burger King,Fast Food,India,7,3622.06,1.8,2025-03-23
5454,Customer_1157,KFC,Burger,Australia,6,2234.24,3.2,2024-07-14
5455,Customer_1763,KFC,Fast Food,India,9,1651.24,1.5,2024-05-26
5456,Customer_1475,Burger King,Fast Food,Sri Lanka,10,3501.56,2.1,2025-12-05
5457,Customer_2575,Burger King,Pizza,Singapore,6,529.83,2.6,2024-05-15
5458,Customer_2062,Pizza Hut,Burger,India,1,2473.71,2.9,2025-07-08
5459,Customer_1603,KFC,Pizza,Australia,1,3615.2,1.7,2024-06-03
5460,Customer_868,Dominos,Fast Food,India,3,2330.19,1.6,2025-09-25
5461,Customer_999,KFC,Sandwich,India,8,2512.21,3.9,2024-09-10
5462,Customer_1194,Dominos,Burger,Sri Lanka,10,3355.51,2.2,2025-03-25
5463,Customer_2202,Dominos,Sandwich,Australia,10,3586.98,4.9,2025-01-29
5464,Customer_1100,Subway,Pizza,Sri Lanka,4,2376.87,2.4,2024-10-23
5465,Customer_644,Dominos,Sandwich,Australia,10,4837.71,1.0,2025-05-21
5466,Customer_1354,KFC,Sandwich,Singapore,8,3407.75,1.8,2025-12-04
5467,Customer_131,KFC,Fast Food,Singapore,2,4558.74,3.8,2024-07-10
5468,Customer_440,Dominos,Sandwich,Sri Lanka,6,1594.97,1.2,2024-07-30
5469,Customer_2272,Subway,Pizza,India,4,958.14,2.3,2024-07-31
5470,Customer_2983,Pizza Hut,Fast Food,Sri Lanka,7,2312.67,3.2,2025-11-11
5471,Customer_646,KFC,Sandwich,India,9,762.44,1.5,2024-01-12
5472,Customer_910,Subway,Burger,India,2,996.57,2.1,2025-09-03
5473,Customer_988,Subway,Sandwich,Sri Lanka,6,2681.09,2.0,2025-11-15
5474,Customer_1301,Subway,Fast Food,Sri Lanka,7,3987.05,1.0,2024-03-29
5475,Customer_752,KFC,Sandwich,Australia,1,1803.67,1.2,2025-03-06
5476,Customer_1681,KFC,Pizza,Australia,8,2984.88,3.4,2024-05-24
5477,Customer_1380,Pizza Hut,Pizza,Singapore,2,4742.44,4.1,2024-05-28
5478,Customer_177,Dominos,Pizza,Sri Lanka,1,2882.15,1.1,2024-12-11
5479,Customer_1967,Subway,Sandwich,Sri Lanka,7,1111.77,3.5,2024-11-26
5480,Customer_264,Pizza Hut,Sandwich,Australia,3,4402.66,2.7,2025-06-20
5481,Customer_1714,Burger King,Fast Food,India,7,2985.55,4.1,2025-02-09
5482,Customer_2760,KFC,Fast Food,Australia,1,2491.36,1.9,2025-07-24
5483,Customer_221,Subway,Sandwich,Sri Lanka,5,3894.93,3.3,2024-07-19
5484,Customer_2536,Pizza Hut,Pizza,Sri Lanka,1,2035.8,4.2,2024-07-18
5485,Customer_1603,KFC,Sandwich,Sri Lanka,8,532.72,1.7,2025-11-11
5486,Customer_1166,Dominos,Burger,Australia,8,3306.66,3.9,2025-10-29
5487,Customer_2170,Subway,Pizza,Sri Lanka,4,1257.07,1.9,2026-05-13
5488,Customer_1353,KFC,Pizza,India,3,1108.33,2.8,2024-04-30
5489,Customer_716,Burger King,Burger,Sri Lanka,2,1835.22,3.7,2025-11-26
5490,Customer_1020,Subway,Burger,Singapore,6,1812.38,3.6,2025-11-23
5491,Customer_2200,Dominos,Burger,Australia,10,1707.19,3.2,2025-06-02
5492,Customer_1948,Subway,Pizza,Australia,7,1475.08,2.6,2024-02-28
5493,Customer_2144,KFC,Sandwich,Australia,6,4901.31,3.6,2025-09-05
5494,Customer_70,Burger King,Burger,India,9,2717.77,1.2,2025-10-25
5495,Customer_2048,Dominos,Fast Food,Sri Lanka,4,1020.06,4.2,2026-06-14
5496,Customer_2582,Pizza Hut,Pizza,Australia,10,3679.76,1.0,2024-04-07
5497,Customer_859,KFC,Fast Food,Australia,7,3113.09,2.1,2024-07-16
5498,Customer_200,Pizza Hut,Burger,Singapore,1,907.86,3.5,2024-04-28
5499,Customer_856,Burger King,Pizza,Sri Lanka,7,1248.71,1.7,2024-07-23
5500,Customer_224,Subway,Pizza,Sri Lanka,7,3844.59,1.5,2025-01-27
5501,Customer_1633,KFC,Pizza,Sri Lanka,7,925.21,1.2,2025-01-30
5502,Customer_640,KFC,Fast Food,Sri Lanka,2,2639.11,3.8,2025-07-16
5503,Customer_2467,Subway,Burger,Australia,8,4645.58,2.0,2024-05-03
5504,Customer_452,Subway,Burger,Sri Lanka,9,831.21,4.6,2024-12-08
5505,Customer_24,Burger King,Sandwich,Singapore,4,3369.59,1.6,2024-01-12
5506,Customer_926,Burger King,Burger,Sri Lanka,8,4098.99,2.0,2025-03-03
5507,Customer_1081,Pizza Hut,Pizza,Sri Lanka,3,3670.37,4.2,2024-07-05
5508,Customer_1542,Dominos,Fast Food,Sri Lanka,7,2363.96,4.0,2025-06-23
5509,Customer_691,Burger King,Pizza,India,6,4476.29,2.8,2024-01-23
5510,Customer_333,Burger King,Fast Food,Australia,8,884.53,2.3,2024-10-21
5511,Customer_527,Dominos,Sandwich,Australia,3,2271.94,1.5,2024-06-03
5512,Customer_1903,Subway,Fast Food,Singapore,9,4378.4,1.4,2025-06-23
5513,Customer_1300,Pizza Hut,Fast Food,Sri Lanka,5,1231.17,2.1,2024-04-18
5514,Customer_1200,Subway,Burger,Australia,5,4847.69,2.8,2024-06-09
5515,Customer_2756,KFC,Sandwich,Sri Lanka,8,4530.66,4.5,2024-03-17
5516,Customer_379,Subway,Fast Food,Singapore,7,3187.0,2.2,2024-09-27
5517,Customer_2682,Pizza Hut,Burger,Singapore,1,1364.25,1.0,2024-11-21
5518,Customer_2661,Pizza Hut,Sandwich,Singapore,2,2576.78,2.5,2024-05-05
5519,Customer_2664,Pizza Hut,Fast Food,Sri Lanka,3,2533.71,3.1,2024-07-30
5520,Customer_371,Subway,Fast Food,Singapore,3,633.26,2.0,2026-05-27
5521,Customer_1926,Subway,Sandwich,Australia,7,1667.88,1.1,2024-11-21
5522,Customer_262,Burger King,Burger,India,7,3752.59,3.8,2025-08-06
5523,Customer_1793,Subway,Pizza,Australia,2,1053.37,4.5,2026-06-13
5524,Customer_1111,KFC,Burger,Sri Lanka,2,1640.66,5.0,2024-07-29
5525,Customer_1195,Dominos,Sandwich,India,5,4593.08,3.1,2024-11-20
5526,Customer_938,Pizza Hut,Sandwich,Australia,3,3840.55,4.2,2024-05-09
5527,Customer_2094,Burger King,Sandwich,Sri Lanka,4,2833.34,4.8,2025-03-08
5528,Customer_1425,Pizza Hut,Burger,India,4,1755.85,3.8,2025-09-03
5529,Customer_1305,KFC,Fast Food,Singapore,5,2411.1,2.3,2025-02-04
5530,Customer_957,Pizza Hut,Sandwich,Australia,10,4066.3,1.0,2026-02-18
5531,Customer_1326,Burger King,Fast Food,Sri Lanka,4,2641.12,5.0,2024-02-04
5532,Customer_427,KFC,Burger,Singapore,4,3347.31,4.0,2025-10-30
5533,Customer_2034,Subway,Fast Food,Singapore,9,2427.06,4.3,2024-01-13
5534,Customer_1316,Dominos,Sandwich,Sri Lanka,2,3008.43,4.1,2026-02-06
5535,Customer_57,Burger King,Fast Food,Australia,5,3374.27,3.0,2024-08-20
5536,Customer_2042,KFC,Pizza,Australia,4,2170.04,3.6,2026-05-07
5537,Customer_2494,Dominos,Pizza,Singapore,10,2650.17,1.4,2025-10-30
5538,Customer_2057,Burger King,Pizza,Australia,4,844.26,4.2,2025-03-12
5539,Customer_1982,Burger King,Fast Food,Australia,1,4078.23,1.9,2025-12-20
5540,Customer_339,Pizza Hut,Burger,Singapore,9,3075.34,2.8,2024-01-19
5541,Customer_74,Subway,Burger,India,10,595.61,3.9,2025-10-21
5542,Customer_1452,Pizza Hut,Burger,Singapore,10,1189.23,1.3,2025-11-03
5543,Customer_1831,KFC,Sandwich,Singapore,9,723.32,4.8,2024-09-30
5544,Customer_2484,Subway,Pizza,Australia,2,2417.09,3.5,2026-01-28
5545,Customer_2445,Burger King,Burger,Sri Lanka,7,1298.76,3.0,2024-04-02
5546,Customer_2505,Pizza Hut,Fast Food,Singapore,9,4095.77,1.4,2025-10-23
5547,Customer_615,Pizza Hut,Sandwich,Australia,10,1127.95,3.2,2024-05-05
5548,Customer_657,KFC,Pizza,Sri Lanka,3,1981.96,2.9,2026-03-08
5549,Customer_1419,Pizza Hut,Pizza,Australia,7,1054.79,1.7,2024-05-20
5550,Customer_2865,Pizza Hut,Burger,Sri Lanka,4,1756.71,1.7,2025-04-16
5551,Customer_2902,Dominos,Pizza,India,4,1919.97,3.0,2025-10-30
5552,Customer_2008,Burger King,Pizza,Sri Lanka,5,3750.93,1.0,2025-12-17
5553,Customer_759,Pizza Hut,Sandwich,India,8,1674.07,2.5,2024-09-15
5554,Customer_1866,Pizza Hut,Burger,India,6,726.86,4.4,2025-06-04
5555,Customer_2321,KFC,Burger,India,1,4385.82,3.3,2024-12-03
5556,Customer_2823,Subway,Sandwich,Singapore,10,4103.27,3.8,2025-01-02
5557,Customer_1620,Burger King,Pizza,Singapore,4,2571.5,2.4,2024-08-17
5558,Customer_912,Subway,Fast Food,Singapore,2,1074.47,1.6,2024-06-01
5559,Customer_1314,Pizza Hut,Fast Food,Sri Lanka,4,3450.21,1.2,2024-09-02
5560,Customer_1948,Burger King,Pizza,Australia,1,1301.54,2.0,2024-01-31
5561,Customer_1143,Subway,Burger,Sri Lanka,3,1450.08,4.3,2025-08-13
5562,Customer_743,KFC,Pizza,Sri Lanka,9,2678.43,2.0,2024-05-09
5563,Customer_1318,Dominos,Fast Food,Australia,4,3131.45,4.3,2026-02-09
5564,Customer_1967,Pizza Hut,Burger,Singapore,9,1422.96,3.5,2024-09-11
5565,Customer_923,Pizza Hut,Sandwich,India,3,2191.03,1.2,2024-05-06
5566,Customer_2529,Subway,Pizza,Singapore,2,2175.69,3.5,2024-01-07
5567,Customer_1840,Subway,Burger,Australia,10,2950.09,4.1,2024-03-17
5568,Customer_1010,Subway,Fast Food,India,8,3370.77,4.9,2026-04-03
5569,Customer_948,Subway,Fast Food,Sri Lanka,4,4068.37,2.8,2025-03-24
5570,Customer_1025,Subway,Burger,Singapore,3,1877.9,2.5,2025-11-18
5571,Customer_128,Dominos,Sandwich,Sri Lanka,1,1943.93,1.9,2024-11-11
5572,Customer_1319,Subway,Pizza,India,5,2982.96,1.4,2024-12-30
5573,Customer_2094,Pizza Hut,Pizza,India,9,4965.95,1.2,2024-05-07
5574,Customer_2987,Subway,Burger,Singapore,8,3162.02,3.2,2024-05-19
5575,Customer_1396,Subway,Sandwich,Australia,4,2590.23,5.0,2024-06-18
5576,Customer_1208,Pizza Hut,Burger,India,4,3845.77,2.8,2025-03-12
5577,Customer_1562,Dominos,Sandwich,Singapore,1,3400.84,3.7,2024-01-17
5578,Customer_874,KFC,Fast Food,Sri Lanka,10,4049.45,1.3,2025-02-15
5579,Customer_2855,Pizza Hut,Fast Food,Australia,6,3846.03,1.1,2025-03-17
5580,Customer_2008,KFC,Fast Food,India,5,3583.3,1.9,2024-09-07
5581,Customer_2551,Pizza Hut,Sandwich,Sri Lanka,4,2685.4,3.5,2025-05-19
5582,Customer_113,Dominos,Fast Food,India,1,4532.7,2.1,2024-08-04
5583,Customer_2120,KFC,Fast Food,Singapore,3,4129.03,2.6,2025-01-14
5584,Customer_1108,Dominos,Burger,India,5,2442.2,2.1,2026-04-28
5585,Customer_999,KFC,Burger,Australia,1,3954.97,4.8,2025-05-04
5586,Customer_551,Subway,Fast Food,Australia,4,2230.65,4.7,2026-05-04
5587,Customer_2558,Pizza Hut,Pizza,Sri Lanka,8,4939.75,4.6,2025-03-27
5588,Customer_2983,Pizza Hut,Burger,Singapore,9,4157.17,4.9,2026-02-04
5589,Customer_960,Burger King,Burger,Sri Lanka,9,944.22,3.4,2024-01-24
5590,Customer_1698,Subway,Burger,Australia,6,2459.46,4.8,2026-04-01
5591,Customer_2856,Subway,Fast Food,Singapore,5,1824.91,1.7,2025-04-02
5592,Customer_1067,Pizza Hut,Burger,Sri Lanka,6,4654.58,3.7,2024-11-18
5593,Customer_1984,Burger King,Fast Food,India,1,1026.69,2.6,2025-03-05
5594,Customer_1295,Subway,Pizza,Sri Lanka,1,821.99,4.5,2025-05-25
5595,Customer_2571,Pizza Hut,Burger,Sri Lanka,6,3819.77,3.2,2026-06-03
5596,Customer_2581,Dominos,Fast Food,Sri Lanka,5,4025.43,2.1,2025-01-31
5597,Customer_1472,Burger King,Burger,Sri Lanka,1,560.98,4.6,2025-03-19
5598,Customer_93,Burger King,Sandwich,Australia,6,1633.64,2.8,2024-02-08
5599,Customer_865,Burger King,Sandwich,Australia,3,2125.77,1.1,2025-06-25
5600,Customer_2380,Subway,Pizza,Australia,7,2412.5,2.3,2025-07-18
5601,Customer_248,Pizza Hut,Pizza,Sri Lanka,8,3210.97,4.0,2025-03-08
5602,Customer_2078,Pizza Hut,Pizza,Sri Lanka,7,2088.07,3.7,2024-04-01
5603,Customer_246,Subway,Fast Food,Australia,10,1984.56,1.1,2025-01-16
5604,Customer_446,Burger King,Fast Food,Singapore,2,3991.47,2.0,2024-09-03
5605,Customer_1773,Burger King,Sandwich,Singapore,7,4451.42,4.3,2025-10-09
5606,Customer_416,Pizza Hut,Pizza,India,4,1047.38,2.8,2026-05-03
5607,Customer_238,KFC,Burger,Australia,7,948.38,3.0,2025-04-28
5608,Customer_1139,Dominos,Sandwich,Australia,6,3924.86,3.6,2024-10-26
5609,Customer_738,Burger King,Burger,Sri Lanka,9,1525.69,3.0,2025-09-13
5610,Customer_276,Pizza Hut,Pizza,Singapore,3,1723.35,4.0,2026-03-02
5611,Customer_1143,Dominos,Pizza,Singapore,6,4906.1,1.4,2025-11-28
5612,Customer_1091,Burger King,Burger,Sri Lanka,1,3084.95,2.2,2026-05-29
5613,Customer_2230,Burger King,Sandwich,India,10,1196.0,4.0,2024-12-13
5614,Customer_2061,Dominos,Fast Food,Singapore,4,2652.88,3.7,2025-07-27
5615,Customer_1956,Dominos,Burger,Singapore,4,2537.44,1.2,2025-11-20
5616,Customer_1124,KFC,Burger,Sri Lanka,10,948.27,3.2,2024-09-11
5617,Customer_1735,KFC,Sandwich,Australia,8,2458.48,2.8,2024-05-05
5618,Customer_2844,Dominos,Fast Food,Sri Lanka,10,1042.21,1.8,2025-03-11
5619,Customer_671,Dominos,Burger,India,6,3095.9,3.6,2025-01-08
5620,Customer_464,Dominos,Sandwich,Singapore,1,2889.26,2.4,2024-08-03
5621,Customer_1833,Burger King,Fast Food,Sri Lanka,6,4305.72,2.7,2026-02-09
5622,Customer_871,Subway,Sandwich,Singapore,1,3477.08,4.4,2026-03-16
5623,Customer_1825,Dominos,Sandwich,Sri Lanka,5,653.22,4.2,2026-03-14
5624,Customer_1918,Pizza Hut,Pizza,Australia,1,3637.45,2.4,2026-05-16
5625,Customer_1049,Subway,Burger,Sri Lanka,10,3613.87,4.5,2024-10-15
5626,Customer_1878,Burger King,Pizza,Australia,7,4970.13,1.9,2024-11-24
5627,Customer_1095,Subway,Burger,Australia,6,3796.53,3.8,2024-09-21
5628,Customer_1940,Dominos,Sandwich,India,4,4226.34,3.8,2025-11-01
5629,Customer_14,Burger King,Fast Food,Australia,4,4011.56,3.7,2024-07-07
5630,Customer_1927,Dominos,Pizza,India,8,2250.83,2.3,2024-06-13
5631,Customer_2279,Dominos,Fast Food,Australia,3,3809.21,3.6,2025-06-03
5632,Customer_1652,Pizza Hut,Pizza,Singapore,7,4149.3,3.2,2025-03-12
5633,Customer_2606,KFC,Sandwich,Singapore,5,1688.91,1.7,2026-03-17
5634,Customer_2458,Burger King,Pizza,Australia,1,754.85,2.9,2026-02-27
5635,Customer_1631,Pizza Hut,Sandwich,Australia,4,2651.9,4.5,2026-04-30
5636,Customer_2789,Subway,Burger,India,5,2709.38,2.7,2025-04-23
5637,Customer_2312,Pizza Hut,Fast Food,Singapore,4,4751.8,2.7,2024-10-21
5638,Customer_89,Dominos,Pizza,Australia,10,1291.69,1.1,2024-12-07
5639,Customer_2484,Pizza Hut,Burger,Singapore,10,2643.94,1.2,2025-02-01
5640,Customer_2088,KFC,Pizza,Sri Lanka,8,3514.51,1.1,2025-10-01
5641,Customer_806,KFC,Burger,Sri Lanka,3,1438.25,4.1,2024-03-05
5642,Customer_950,KFC,Sandwich,India,5,3305.83,1.4,2024-11-02
5643,Customer_370,Dominos,Burger,Sri Lanka,2,3401.88,1.7,2024-01-04
5644,Customer_1231,Dominos,Burger,Sri Lanka,4,806.77,1.4,2026-05-17
5645,Customer_2267,Dominos,Fast Food,Australia,7,4616.79,3.4,2024-06-08
5646,Customer_337,KFC,Fast Food,India,4,3032.97,4.6,2024-04-08
5647,Customer_1506,Subway,Sandwich,Singapore,7,3408.37,2.0,2024-03-01
5648,Customer_2351,Burger King,Pizza,India,8,2107.61,4.4,2024-08-10
5649,Customer_1176,KFC,Burger,Singapore,4,2633.2,2.9,2026-02-02
5650,Customer_2572,Subway,Burger,Sri Lanka,4,543.78,4.9,2024-11-09
5651,Customer_1838,Dominos,Pizza,Sri Lanka,8,3089.55,4.3,2024-07-02
5652,Customer_649,Burger King,Fast Food,Australia,6,1390.41,2.7,2025-02-14
5653,Customer_2484,KFC,Burger,Australia,9,1607.37,2.9,2025-09-24
5654,Customer_2288,Dominos,Sandwich,India,9,4458.59,3.1,2025-02-08
5655,Customer_1100,Subway,Fast Food,India,9,4853.85,2.8,2026-05-02
5656,Customer_1998,Dominos,Burger,Singapore,9,2225.97,3.5,2025-06-02
5657,Customer_1207,Pizza Hut,Sandwich,Singapore,3,3185.64,4.5,2024-02-23
5658,Customer_1561,Burger King,Pizza,Australia,2,3846.45,2.9,2026-03-24
5659,Customer_2727,Subway,Fast Food,India,1,1785.47,2.1,2024-03-17
5660,Customer_33,Dominos,Fast Food,Sri Lanka,3,3178.14,4.2,2025-12-22
5661,Customer_2820,KFC,Sandwich,Sri Lanka,3,2400.5,2.8,2024-09-12
5662,Customer_1193,Subway,Sandwich,India,6,1930.33,1.3,2024-04-12
5663,Customer_1516,KFC,Fast Food,Sri Lanka,1,4470.17,3.9,2024-08-02
5664,Customer_1238,Burger King,Sandwich,Singapore,4,4794.76,1.4,2025-06-07
5665,Customer_1955,Pizza Hut,Fast Food,Sri Lanka,8,1738.54,1.8,2024-08-12
5666,Customer_1473,Dominos,Fast Food,Singapore,4,530.65,4.8,2025-04-06
5667,Customer_2869,Dominos,Pizza,Singapore,4,1562.22,3.4,2025-12-23
5668,Customer_2596,Pizza Hut,Fast Food,Sri Lanka,2,3472.38,4.8,2026-04-10
5669,Customer_704,Dominos,Pizza,Sri Lanka,9,3274.61,1.6,2025-08-02
5670,Customer_653,Burger King,Fast Food,Sri Lanka,7,848.05,3.1,2026-06-04
5671,Customer_1106,Subway,Sandwich,Singapore,1,1269.82,3.6,2024-12-08
5672,Customer_349,Burger King,Pizza,Australia,9,3748.4,4.3,2026-05-25
5673,Customer_1930,Pizza Hut,Fast Food,Sri Lanka,1,4805.84,2.4,2026-04-28
5674,Customer_1294,KFC,Fast Food,Sri Lanka,10,4746.78,3.4,2024-03-25
5675,Customer_2569,Dominos,Fast Food,India,8,2328.06,4.1,2026-04-12
5676,Customer_2879,Burger King,Sandwich,Singapore,10,2466.6,1.2,2026-03-29
5677,Customer_1052,Subway,Burger,Singapore,3,1925.71,2.4,2024-12-01
5678,Customer_1120,KFC,Pizza,Australia,7,4392.11,4.0,2026-05-07
5679,Customer_2420,Burger King,Sandwich,Sri Lanka,8,2018.79,2.0,2025-01-31
5680,Customer_2123,KFC,Sandwich,Singapore,2,4070.01,2.2,2024-04-18
5681,Customer_398,Dominos,Fast Food,Australia,9,594.78,1.3,2025-07-25
5682,Customer_2750,Burger King,Burger,Singapore,1,3004.96,2.6,2025-05-26
5683,Customer_2247,Dominos,Burger,Sri Lanka,5,1718.74,2.2,2026-01-25
5684,Customer_1143,KFC,Burger,India,7,2721.58,3.5,2024-11-02
5685,Customer_2207,Pizza Hut,Burger,Sri Lanka,2,1977.83,1.5,2025-06-26
5686,Customer_2741,Subway,Sandwich,India,7,2794.32,4.5,2025-03-24
5687,Customer_177,Burger King,Pizza,Australia,2,2349.41,3.3,2025-03-30
5688,Customer_477,Burger King,Pizza,Sri Lanka,8,4891.33,3.6,2025-06-01
5689,Customer_1799,Pizza Hut,Fast Food,Singapore,9,850.14,2.1,2024-03-21
5690,Customer_1475,Subway,Sandwich,India,4,3181.86,3.6,2025-03-12
5691,Customer_1604,Dominos,Fast Food,Sri Lanka,6,1632.09,4.5,2025-04-23
5692,Customer_343,Burger King,Fast Food,Sri Lanka,8,2445.89,1.3,2026-03-13
5693,Customer_1873,Burger King,Fast Food,Sri Lanka,1,4546.05,4.7,2026-05-01
5694,Customer_1026,KFC,Burger,Australia,6,2554.49,1.4,2025-07-20
5695,Customer_1753,Dominos,Sandwich,Sri Lanka,7,2425.41,1.5,2025-10-02
5696,Customer_2475,KFC,Pizza,India,5,3137.88,1.5,2024-04-04
5697,Customer_44,Subway,Pizza,Sri Lanka,6,1212.98,4.8,2024-07-29
5698,Customer_1490,Subway,Sandwich,India,4,2402.71,4.3,2026-02-02
5699,Customer_2819,Pizza Hut,Fast Food,India,1,2053.82,3.3,2024-10-14
5700,Customer_1174,Dominos,Sandwich,Sri Lanka,2,1293.65,4.1,2024-10-01
5701,Customer_1659,KFC,Fast Food,India,7,932.16,1.1,2024-12-16
5702,Customer_2211,Pizza Hut,Pizza,Australia,8,4207.11,1.2,2025-07-26
5703,Customer_1653,KFC,Fast Food,Singapore,4,2559.56,1.9,2024-03-12
5704,Customer_1381,Subway,Burger,Sri Lanka,6,1054.62,2.8,2025-01-15
5705,Customer_315,Dominos,Sandwich,India,10,2326.41,4.2,2025-01-22
5706,Customer_2219,Dominos,Pizza,Singapore,1,1097.39,2.4,2024-12-21
5707,Customer_1539,Subway,Sandwich,India,3,4142.23,3.5,2026-06-01
5708,Customer_1337,Burger King,Burger,Sri Lanka,9,4973.77,4.7,2024-07-01
5709,Customer_2517,Burger King,Fast Food,Singapore,9,4103.4,2.9,2025-01-31
5710,Customer_2661,Subway,Sandwich,Sri Lanka,9,4616.45,3.5,2024-07-28
5711,Customer_481,Pizza Hut,Fast Food,Sri Lanka,7,2252.79,3.2,2024-10-21
5712,Customer_1177,KFC,Pizza,Sri Lanka,1,1744.94,1.2,2025-06-11
5713,Customer_1283,Dominos,Fast Food,Singapore,1,2227.16,3.3,2025-12-19
5714,Customer_2799,KFC,Sandwich,Australia,10,4085.61,2.1,2026-05-19
5715,Customer_2502,Pizza Hut,Burger,India,1,1682.62,1.1,2025-04-23
5716,Customer_2683,Subway,Fast Food,India,8,2414.54,2.5,2025-05-15
5717,Customer_18,Pizza Hut,Burger,Sri Lanka,2,4527.6,3.2,2024-07-11
5718,Customer_2011,Burger King,Burger,Singapore,4,4563.06,3.0,2024-12-01
5719,Customer_2220,Burger King,Pizza,Singapore,5,609.63,1.6,2024-01-01
5720,Customer_2054,Burger King,Fast Food,Singapore,3,2050.13,1.9,2024-06-17
5721,Customer_1518,KFC,Burger,Sri Lanka,6,4289.95,4.6,2024-01-14
5722,Customer_773,Burger King,Pizza,Australia,8,862.79,4.2,2024-04-29
5723,Customer_2090,Dominos,Burger,Sri Lanka,6,1049.38,4.9,2025-07-20
5724,Customer_2833,Pizza Hut,Burger,Sri Lanka,9,610.31,4.0,2025-09-29
5725,Customer_1186,Pizza Hut,Pizza,Sri Lanka,1,2716.76,3.5,2026-04-21
5726,Customer_1126,Burger King,Fast Food,Australia,7,3112.15,4.7,2024-02-12
5727,Customer_886,KFC,Sandwich,Singapore,10,1154.3,4.1,2024-08-05
5728,Customer_2342,Subway,Burger,Singapore,4,2799.18,4.3,2025-07-29
5729,Customer_173,Subway,Pizza,Australia,3,4328.47,3.4,2024-07-26
5730,Customer_210,Burger King,Sandwich,India,7,4150.39,2.8,2025-01-19
5731,Customer_1236,Pizza Hut,Pizza,Singapore,4,3243.85,2.2,2024-06-01
5732,Customer_561,Burger King,Fast Food,India,7,2252.17,2.1,2024-03-29
5733,Customer_1765,Burger King,Pizza,Singapore,6,3550.95,1.8,2024-07-13
5734,Customer_1255,Burger King,Burger,Australia,7,2983.65,1.5,2025-11-04
5735,Customer_2225,Subway,Burger,Sri Lanka,5,2216.63,1.9,2024-02-02
5736,Customer_442,Subway,Sandwich,Singapore,7,4014.75,2.0,2025-10-30
5737,Customer_190,KFC,Pizza,Sri Lanka,5,1200.45,4.3,2025-11-20
5738,Customer_910,Subway,Pizza,Sri Lanka,10,2239.63,4.1,2024-09-03
5739,Customer_111,Subway,Pizza,Singapore,1,1663.28,1.1,2024-11-28
5740,Customer_1005,Subway,Sandwich,Singapore,7,2817.94,2.9,2024-11-13
5741,Customer_2047,KFC,Sandwich,Sri Lanka,3,2588.49,2.9,2026-04-11
5742,Customer_2483,Dominos,Sandwich,India,7,2765.6,2.4,2025-06-02
5743,Customer_793,Subway,Fast Food,India,4,1354.58,4.4,2025-05-12
5744,Customer_1886,Pizza Hut,Fast Food,India,5,2588.64,1.2,2025-07-31
5745,Customer_1912,Burger King,Fast Food,Singapore,3,969.41,3.3,2025-12-04
5746,Customer_2562,Dominos,Pizza,Singapore,8,2873.31,4.9,2025-11-07
5747,Customer_2071,Pizza Hut,Sandwich,Singapore,1,561.97,4.1,2024-06-27
5748,Customer_2066,Subway,Fast Food,India,8,3145.97,2.2,2025-02-12
5749,Customer_670,Burger King,Pizza,Australia,7,1951.36,4.7,2026-06-05
5750,Customer_2237,Pizza Hut,Sandwich,India,3,3340.83,1.4,2025-03-08
5751,Customer_2498,Dominos,Sandwich,Sri Lanka,4,1054.9,3.2,2025-09-17
5752,Customer_869,Burger King,Fast Food,Australia,5,1658.35,3.1,2025-06-27
5753,Customer_2257,Subway,Fast Food,Australia,9,1610.08,2.0,2025-04-11
5754,Customer_1304,Subway,Sandwich,Singapore,3,2241.0,1.7,2026-03-26
5755,Customer_288,Subway,Fast Food,Singapore,7,3864.62,2.7,2024-08-09
5756,Customer_1312,Subway,Sandwich,Australia,4,3381.55,3.1,2024-02-27
5757,Customer_2277,Pizza Hut,Pizza,Singapore,9,1278.4,4.9,2026-01-12
5758,Customer_1370,KFC,Sandwich,Sri Lanka,3,2382.21,4.5,2026-03-05
5759,Customer_2161,Dominos,Fast Food,Australia,2,2001.35,4.8,2025-06-22
5760,Customer_2214,Pizza Hut,Pizza,Singapore,4,3714.82,2.1,2025-05-13
5761,Customer_490,Dominos,Burger,Singapore,3,1715.45,3.4,2024-06-20
5762,Customer_2960,Burger King,Pizza,India,2,2735.51,3.2,2024-10-09
5763,Customer_926,Pizza Hut,Burger,Singapore,7,2456.15,1.1,2025-04-05
5764,Customer_58,Dominos,Burger,Singapore,5,4535.96,4.1,2024-11-12
5765,Customer_1812,Dominos,Burger,Singapore,7,1125.12,3.4,2024-12-06
5766,Customer_1990,Subway,Burger,Singapore,6,3340.07,2.3,2025-12-15
5767,Customer_2720,Burger King,Pizza,Australia,6,3029.97,2.7,2024-12-17
5768,Customer_715,Subway,Pizza,Sri Lanka,8,1229.08,4.9,2025-04-10
5769,Customer_1935,Subway,Burger,Sri Lanka,7,3497.93,1.4,2025-03-06
5770,Customer_1065,Pizza Hut,Pizza,India,8,3727.71,4.7,2026-03-03
5771,Customer_1668,Subway,Pizza,India,10,1107.31,1.8,2025-07-24
5772,Customer_2730,Subway,Sandwich,India,3,2111.68,4.5,2025-07-03
5773,Customer_2660,Subway,Sandwich,India,10,2355.26,2.7,2025-03-09
5774,Customer_248,KFC,Burger,Singapore,6,2737.57,3.6,2024-03-29
5775,Customer_2292,Burger King,Pizza,Singapore,2,3677.15,4.3,2024-02-23
5776,Customer_660,Dominos,Pizza,Singapore,4,3321.03,1.0,2025-08-16
5777,Customer_129,Pizza Hut,Fast Food,India,7,2356.66,2.1,2025-02-12
5778,Customer_2608,Pizza Hut,Sandwich,Sri Lanka,5,3221.91,1.1,2025-02-03
5779,Customer_343,Pizza Hut,Fast Food,Sri Lanka,7,2265.03,4.3,2026-05-27
5780,Customer_1324,Burger King,Burger,Australia,4,674.35,1.4,2025-08-30
5781,Customer_1101,Dominos,Pizza,Singapore,5,4379.88,3.6,2025-06-15
5782,Customer_18,Burger King,Pizza,India,6,3493.46,3.2,2024-06-09
5783,Customer_1875,KFC,Fast Food,Singapore,4,1210.31,2.6,2025-06-02
5784,Customer_1530,Dominos,Fast Food,Sri Lanka,8,766.03,3.1,2025-02-10
5785,Customer_1655,Pizza Hut,Fast Food,Singapore,2,1460.3,4.7,2025-11-14
5786,Customer_2619,KFC,Burger,Sri Lanka,1,2332.16,1.7,2024-01-01
5787,Customer_1723,Burger King,Pizza,Australia,10,3408.62,4.1,2025-04-14
5788,Customer_1387,KFC,Sandwich,Australia,1,4313.15,4.9,2025-02-27
5789,Customer_2045,Dominos,Burger,Sri Lanka,2,4981.86,1.1,2024-10-18
5790,Customer_1532,Subway,Burger,India,9,2918.68,3.0,2025-06-04
5791,Customer_2456,Subway,Sandwich,Australia,10,4693.97,1.7,2025-01-02
5792,Customer_2965,Pizza Hut,Burger,Australia,3,4830.17,4.9,2024-09-23
5793,Customer_675,KFC,Fast Food,Sri Lanka,7,4656.34,2.1,2026-01-25
5794,Customer_84,KFC,Pizza,Singapore,8,3672.08,2.2,2024-08-24
5795,Customer_1177,KFC,Pizza,India,10,3660.01,2.4,2026-03-04
5796,Customer_2152,Dominos,Sandwich,Australia,1,1827.21,4.4,2025-04-12
5797,Customer_1862,KFC,Burger,Singapore,5,4610.8,2.9,2025-04-28
5798,Customer_2089,KFC,Burger,Sri Lanka,10,4077.89,2.6,2026-03-16
5799,Customer_2700,Pizza Hut,Fast Food,Sri Lanka,10,3075.38,3.2,2025-10-04
5800,Customer_712,Subway,Pizza,India,2,2206.72,2.0,2024-10-25
5801,Customer_528,Subway,Pizza,Singapore,6,2776.64,4.8,2024-05-04
5802,Customer_207,KFC,Burger,Sri Lanka,1,2040.74,2.5,2025-04-26
5803,Customer_2347,Subway,Fast Food,Australia,9,3845.21,1.9,2025-07-31
5804,Customer_1437,Dominos,Burger,Sri Lanka,3,4972.55,1.9,2025-11-25
5805,Customer_1087,Burger King,Fast Food,Singapore,1,2813.51,1.1,2024-07-28
5806,Customer_2672,KFC,Fast Food,India,10,1979.5,3.6,2026-05-23
5807,Customer_1322,Dominos,Burger,Australia,10,592.47,2.9,2024-09-01
5808,Customer_2983,Pizza Hut,Pizza,India,2,3367.29,4.2,2025-12-08
5809,Customer_1612,Burger King,Pizza,Sri Lanka,9,854.28,2.0,2024-07-05
5810,Customer_2031,Subway,Pizza,Singapore,8,733.32,1.2,2026-02-25
5811,Customer_116,Dominos,Fast Food,Australia,1,3373.07,4.7,2026-05-26
5812,Customer_2740,KFC,Pizza,Singapore,7,1306.87,2.0,2025-01-29
5813,Customer_829,KFC,Sandwich,Australia,8,1188.15,4.8,2025-11-03
5814,Customer_2484,Subway,Fast Food,Australia,8,680.42,3.1,2025-05-22
5815,Customer_2625,KFC,Sandwich,Singapore,8,3486.02,1.7,2026-03-21
5816,Customer_782,Subway,Sandwich,India,7,3045.71,1.4,2025-10-29
5817,Customer_1232,Burger King,Burger,Australia,2,4398.65,4.2,2025-06-15
5818,Customer_2760,KFC,Burger,Singapore,10,1191.25,1.7,2025-07-12
5819,Customer_602,Subway,Fast Food,Sri Lanka,7,4114.72,2.4,2026-04-07
5820,Customer_2472,Subway,Burger,India,8,4678.33,2.8,2024-11-19
5821,Customer_2226,Dominos,Fast Food,Australia,6,3805.58,1.8,2026-03-31
5822,Customer_290,Dominos,Pizza,Sri Lanka,4,3385.16,4.3,2024-07-28
5823,Customer_1569,Pizza Hut,Sandwich,Sri Lanka,8,2207.57,3.5,2024-12-03
5824,Customer_462,Pizza Hut,Fast Food,Sri Lanka,3,2744.2,2.7,2024-05-25
5825,Customer_2502,Subway,Burger,Singapore,1,3958.02,2.4,2025-11-09
5826,Customer_513,Burger King,Pizza,Sri Lanka,7,1369.76,3.5,2025-10-13
5827,Customer_1356,KFC,Sandwich,Singapore,10,1436.87,3.9,2024-01-03
5828,Customer_2596,Subway,Pizza,Singapore,5,3539.85,4.2,2025-04-23
5829,Customer_768,KFC,Sandwich,Singapore,6,1374.96,1.3,2026-03-04
5830,Customer_670,Burger King,Pizza,Singapore,3,4366.6,1.1,2024-12-22
5831,Customer_1828,Subway,Pizza,Sri Lanka,5,4375.02,2.2,2024-11-28
5832,Customer_2494,Burger King,Fast Food,Singapore,5,1920.08,3.7,2025-10-31
5833,Customer_2670,Dominos,Pizza,Australia,4,2987.89,1.0,2026-02-16
5834,Customer_2936,KFC,Sandwich,Singapore,2,4297.08,2.8,2025-08-11
5835,Customer_2727,Dominos,Burger,Sri Lanka,8,764.56,3.7,2024-08-22
5836,Customer_640,Burger King,Fast Food,Sri Lanka,1,4719.65,1.4,2025-07-08
5837,Customer_1780,Dominos,Pizza,Sri Lanka,8,2098.08,1.4,2025-06-28
5838,Customer_1529,Dominos,Sandwich,Sri Lanka,10,2336.82,2.6,2024-10-11
5839,Customer_2812,Dominos,Fast Food,Sri Lanka,6,745.66,2.1,2025-04-15
5840,Customer_7,Pizza Hut,Fast Food,India,7,3443.21,2.4,2024-10-05
5841,Customer_2845,Burger King,Sandwich,Australia,7,4298.71,4.4,2025-01-22
5842,Customer_1618,Burger King,Sandwich,India,3,3145.77,2.9,2026-05-07
5843,Customer_343,Pizza Hut,Burger,Sri Lanka,7,2838.43,3.5,2024-11-04
5844,Customer_2976,KFC,Pizza,India,1,3253.81,2.2,2026-03-22
5845,Customer_1746,KFC,Fast Food,Australia,8,3364.11,4.5,2026-06-12
5846,Customer_401,Dominos,Burger,India,8,1488.78,4.3,2026-05-07
5847,Customer_1319,KFC,Burger,India,9,3183.85,4.8,2024-01-13
5848,Customer_2164,Pizza Hut,Sandwich,India,10,1410.77,4.7,2025-12-27
5849,Customer_2660,Dominos,Fast Food,Australia,1,2655.51,4.4,2026-04-02
5850,Customer_1769,Dominos,Fast Food,Singapore,10,745.62,2.7,2024-02-21
5851,Customer_1883,Pizza Hut,Burger,Sri Lanka,5,1032.86,2.8,2026-06-09
5852,Customer_2352,Dominos,Sandwich,Singapore,4,967.59,3.3,2026-05-10
5853,Customer_1690,Dominos,Fast Food,Singapore,1,2972.77,2.1,2024-10-18
5854,Customer_284,KFC,Pizza,India,1,2809.02,4.0,2025-03-06
5855,Customer_2118,Burger King,Sandwich,Singapore,10,2926.21,4.6,2025-07-08
5856,Customer_1049,KFC,Sandwich,Australia,10,2314.71,3.1,2024-06-05
5857,Customer_2204,Dominos,Pizza,Singapore,5,4642.69,1.7,2025-02-05
5858,Customer_960,Pizza Hut,Fast Food,Singapore,2,4547.22,2.0,2025-12-13
5859,Customer_1364,Subway,Burger,Sri Lanka,2,4155.86,1.8,2026-04-13
5860,Customer_886,Dominos,Sandwich,India,2,795.36,2.3,2026-02-18
5861,Customer_2998,Subway,Fast Food,Australia,1,2910.66,4.6,2025-04-01
5862,Customer_1204,Dominos,Burger,Sri Lanka,4,2522.21,2.7,2024-07-05
5863,Customer_230,Subway,Burger,India,4,3472.98,2.5,2024-11-29
5864,Customer_1673,KFC,Sandwich,Sri Lanka,4,1031.73,3.6,2025-08-06
5865,Customer_257,Burger King,Fast Food,Sri Lanka,4,2215.43,3.3,2025-09-17
5866,Customer_108,Burger King,Sandwich,Sri Lanka,5,2444.94,2.2,2024-01-24
5867,Customer_1073,Pizza Hut,Burger,Sri Lanka,6,942.09,4.0,2025-09-04
5868,Customer_1045,KFC,Sandwich,Sri Lanka,2,3300.12,3.7,2025-09-23
5869,Customer_2191,Subway,Fast Food,Sri Lanka,10,2752.4,5.0,2025-03-20
5870,Customer_205,Dominos,Fast Food,Australia,5,4370.61,2.7,2025-11-25
5871,Customer_1748,Dominos,Fast Food,Sri Lanka,8,3916.58,3.7,2025-10-16
5872,Customer_2496,Burger King,Pizza,Sri Lanka,7,4498.59,2.9,2026-05-05
5873,Customer_123,Burger King,Burger,India,5,4995.18,1.0,2025-07-24
5874,Customer_2653,Dominos,Sandwich,Australia,8,1294.88,5.0,2025-09-30
5875,Customer_945,Pizza Hut,Pizza,Sri Lanka,6,790.25,4.1,2024-02-04
5876,Customer_1695,Pizza Hut,Sandwich,Australia,10,3012.74,2.7,2026-06-04
5877,Customer_624,Burger King,Burger,Singapore,7,1687.86,4.8,2026-03-02
5878,Customer_1108,Subway,Burger,India,3,4979.32,1.3,2025-09-16
5879,Customer_156,Pizza Hut,Fast Food,India,7,1545.82,2.0,2025-08-09
5880,Customer_549,KFC,Sandwich,Singapore,8,746.89,2.3,2025-09-29
5881,Customer_2782,KFC,Sandwich,India,4,3276.51,4.0,2024-11-09
5882,Customer_1519,Burger King,Pizza,Australia,5,2921.94,1.7,2026-01-29
5883,Customer_2141,Pizza Hut,Fast Food,Sri Lanka,6,3415.79,2.4,2024-09-03
5884,Customer_2466,Burger King,Fast Food,Australia,2,1448.24,3.2,2025-02-19
5885,Customer_1510,KFC,Pizza,India,8,2127.27,3.0,2025-01-06
5886,Customer_2498,Dominos,Pizza,Sri Lanka,8,1938.27,1.7,2024-08-08
5887,Customer_613,KFC,Pizza,Australia,4,1630.02,1.6,2024-11-23
5888,Customer_838,Subway,Burger,Singapore,10,4486.32,2.3,2026-01-26
5889,Customer_680,Subway,Fast Food,Singapore,4,4489.16,2.5,2025-03-23
5890,Customer_1722,Burger King,Burger,Australia,9,699.35,4.6,2024-01-13
5891,Customer_2124,KFC,Burger,Sri Lanka,8,4360.64,3.2,2026-03-11
5892,Customer_1553,KFC,Burger,Australia,9,2483.08,1.7,2025-06-15
5893,Customer_1851,Pizza Hut,Sandwich,India,6,4410.2,4.8,2024-07-12
5894,Customer_892,Dominos,Fast Food,Sri Lanka,6,2084.27,1.5,2026-01-11
5895,Customer_557,Dominos,Pizza,India,2,4873.82,5.0,2025-11-23
5896,Customer_83,Pizza Hut,Fast Food,Australia,4,4325.51,3.5,2025-01-17
5897,Customer_101,KFC,Burger,Sri Lanka,5,4717.45,2.8,2025-04-05
5898,Customer_1556,Subway,Sandwich,India,8,903.87,4.9,2024-12-11
5899,Customer_2408,Subway,Sandwich,Sri Lanka,9,639.61,4.2,2025-08-27
5900,Customer_1364,KFC,Pizza,Sri Lanka,3,3670.05,3.6,2026-05-19
5901,Customer_914,Subway,Sandwich,Australia,8,3595.7,2.5,2026-03-06
5902,Customer_2643,Dominos,Sandwich,Australia,5,1994.79,1.6,2024-07-18
5903,Customer_1571,KFC,Pizza,India,1,2937.44,4.5,2024-12-01
5904,Customer_1150,Dominos,Burger,Australia,3,3146.39,3.7,2024-07-29
5905,Customer_500,KFC,Fast Food,Singapore,2,3015.5,4.5,2025-01-30
5906,Customer_182,Dominos,Pizza,Australia,6,834.07,4.8,2025-01-20
5907,Customer_2168,KFC,Pizza,India,2,2215.1,4.9,2025-11-04
5908,Customer_2993,Dominos,Fast Food,Australia,3,2681.35,2.5,2025-06-12
5909,Customer_434,Pizza Hut,Pizza,Singapore,4,3352.9,2.4,2025-05-22
5910,Customer_1365,Dominos,Pizza,Australia,1,3589.61,2.5,2025-09-04
5911,Customer_301,KFC,Pizza,Australia,3,2962.02,3.2,2024-11-03
5912,Customer_2766,Pizza Hut,Sandwich,Sri Lanka,9,808.65,4.5,2025-08-19
5913,Customer_1886,Pizza Hut,Burger,India,4,3667.96,1.1,2024-01-04
5914,Customer_1696,Subway,Fast Food,Australia,9,3480.55,2.1,2026-03-09
5915,Customer_1115,KFC,Sandwich,India,2,4281.86,1.7,2026-03-11
5916,Customer_2925,Dominos,Sandwich,Singapore,4,4387.96,4.1,2026-05-29
5917,Customer_298,Subway,Fast Food,Sri Lanka,5,1548.21,4.6,2024-08-17
5918,Customer_986,Pizza Hut,Sandwich,Singapore,6,4813.49,2.5,2025-12-16
5919,Customer_1071,KFC,Fast Food,Sri Lanka,9,3916.59,1.1,2026-01-03
5920,Customer_2153,Dominos,Burger,Singapore,3,3192.74,3.9,2026-04-10
5921,Customer_936,Pizza Hut,Fast Food,India,7,2105.62,3.8,2025-12-10
5922,Customer_1588,Pizza Hut,Pizza,Sri Lanka,3,3587.17,1.4,2024-11-12
5923,Customer_2005,Subway,Fast Food,Singapore,1,1887.89,3.8,2024-03-14
5924,Customer_576,Dominos,Burger,Sri Lanka,2,2898.78,3.4,2026-06-08
5925,Customer_100,Dominos,Pizza,Sri Lanka,5,1023.57,2.4,2024-06-19
5926,Customer_1858,KFC,Sandwich,Sri Lanka,9,4496.87,1.4,2026-06-05
5927,Customer_1410,KFC,Fast Food,Sri Lanka,1,4881.08,4.3,2025-08-11
5928,Customer_2466,KFC,Burger,Sri Lanka,4,2286.31,3.5,2025-04-15
5929,Customer_799,Subway,Fast Food,Sri Lanka,4,3481.27,4.8,2024-06-08
5930,Customer_123,Subway,Fast Food,Australia,1,836.37,4.7,2024-06-29
5931,Customer_1590,Subway,Sandwich,Sri Lanka,4,4171.82,1.1,2024-10-10
5932,Customer_2029,KFC,Sandwich,India,1,3347.46,2.1,2025-04-21
5933,Customer_2852,Subway,Fast Food,Singapore,4,3604.52,4.5,2024-02-19
5934,Customer_937,KFC,Pizza,Australia,1,1004.16,2.6,2024-12-25
5935,Customer_1726,KFC,Burger,Sri Lanka,1,1905.39,4.3,2024-07-10
5936,Customer_1548,Pizza Hut,Sandwich,India,1,4453.19,2.5,2024-10-05
5937,Customer_2987,Burger King,Fast Food,India,4,3458.87,1.1,2024-03-17
5938,Customer_1816,KFC,Fast Food,India,5,4889.59,2.9,2025-02-09
5939,Customer_2613,KFC,Burger,Singapore,7,2018.45,1.9,2024-04-05
5940,Customer_911,Dominos,Pizza,Australia,8,1750.78,1.9,2024-02-21
5941,Customer_2409,Burger King,Fast Food,Sri Lanka,1,4079.34,2.2,2024-04-13
5942,Customer_581,Dominos,Sandwich,Australia,1,916.35,2.2,2025-02-05
5943,Customer_988,Pizza Hut,Burger,Singapore,6,524.48,4.3,2025-06-15
5944,Customer_923,Subway,Burger,Australia,6,2798.92,3.7,2024-01-19
5945,Customer_1190,Dominos,Burger,India,1,939.56,1.4,2026-01-05
5946,Customer_2449,Pizza Hut,Pizza,India,3,509.86,2.5,2025-10-23
5947,Customer_431,Subway,Fast Food,Singapore,1,4293.83,1.4,2024-12-22
5948,Customer_1430,Pizza Hut,Sandwich,Australia,2,4636.13,4.0,2025-05-13
5949,Customer_1597,Dominos,Sandwich,Australia,1,1762.54,1.4,2024-06-14
5950,Customer_2653,KFC,Pizza,Australia,4,3800.16,3.7,2025-02-04
5951,Customer_1741,Subway,Sandwich,India,1,1139.82,1.0,2024-12-20
5952,Customer_2277,Dominos,Fast Food,Sri Lanka,4,2225.54,3.7,2026-05-15
5953,Customer_1165,Dominos,Sandwich,Australia,2,1636.35,4.1,2024-08-20
5954,Customer_2912,Dominos,Fast Food,Singapore,5,2017.02,1.3,2026-01-09
5955,Customer_1489,Subway,Burger,Australia,1,4807.36,4.8,2024-10-30
5956,Customer_595,Subway,Fast Food,Singapore,10,2075.41,2.9,2024-02-20
5957,Customer_1740,Burger King,Pizza,Singapore,3,3170.76,1.8,2024-11-18
5958,Customer_381,Pizza Hut,Fast Food,India,5,1955.31,3.6,2025-10-06
5959,Customer_1082,Dominos,Burger,Singapore,1,1178.91,1.8,2024-04-29
5960,Customer_1801,Burger King,Fast Food,Singapore,1,4029.59,1.1,2024-01-07
5961,Customer_1487,KFC,Burger,Australia,4,3473.34,1.3,2024-06-26
5962,Customer_383,Dominos,Sandwich,India,3,2956.95,4.6,2024-09-17
5963,Customer_1226,Pizza Hut,Sandwich,Australia,5,3555.35,1.4,2024-12-20
5964,Customer_1840,Subway,Fast Food,Australia,9,1706.73,1.7,2024-09-10
5965,Customer_1826,KFC,Pizza,India,10,3843.03,3.5,2024-04-26
5966,Customer_108,Subway,Pizza,Singapore,6,2453.3,1.4,2024-04-15
5967,Customer_250,Dominos,Burger,Singapore,5,3743.84,4.3,2026-04-11
5968,Customer_1541,Burger King,Sandwich,Australia,7,1263.08,4.6,2025-05-06
5969,Customer_1072,Burger King,Fast Food,Sri Lanka,5,1615.16,4.9,2025-07-22
5970,Customer_2378,Subway,Pizza,Australia,8,4472.54,4.5,2025-08-10
5971,Customer_699,Subway,Sandwich,Sri Lanka,1,1149.14,2.4,2025-08-15
5972,Customer_439,Burger King,Pizza,India,6,3575.65,1.6,2024-12-08
5973,Customer_761,Subway,Sandwich,Australia,10,1030.19,4.1,2024-09-09
5974,Customer_2306,Subway,Fast Food,Australia,3,2885.38,1.8,2024-05-05
5975,Customer_175,Burger King,Pizza,Sri Lanka,7,2700.44,4.6,2025-09-11
5976,Customer_2748,Subway,Pizza,Sri Lanka,4,3029.06,3.1,2026-01-21
5977,Customer_429,Dominos,Sandwich,Singapore,7,3166.12,3.8,2024-01-20
5978,Customer_267,Subway,Fast Food,Sri Lanka,6,557.16,3.0,2026-06-10
5979,Customer_2371,Dominos,Fast Food,Australia,8,1819.57,4.6,2024-04-13
5980,Customer_1427,Burger King,Fast Food,Singapore,10,4746.65,5.0,2024-11-09
5981,Customer_1013,Subway,Sandwich,Singapore,8,1432.67,3.6,2024-11-12
5982,Customer_477,Burger King,Burger,Singapore,8,2410.75,2.3,2024-09-08
5983,Customer_2560,KFC,Sandwich,India,7,1519.61,3.9,2025-04-17
5984,Customer_686,Burger King,Pizza,Singapore,1,1357.95,4.4,2024-08-11
5985,Customer_323,Subway,Fast Food,Australia,7,2324.75,2.3,2025-09-22
5986,Customer_448,Burger King,Fast Food,India,5,1360.37,4.6,2026-04-05
5987,Customer_2124,KFC,Pizza,Singapore,7,4147.97,3.2,2025-02-10
5988,Customer_2594,Dominos,Fast Food,Australia,2,3123.56,2.9,2025-10-18
5989,Customer_656,Burger King,Pizza,India,7,3872.09,2.8,2024-01-08
5990,Customer_2710,KFC,Sandwich,India,9,703.67,1.9,2026-01-16
5991,Customer_2153,Burger King,Pizza,Australia,2,1347.99,4.4,2024-03-18
5992,Customer_2932,Pizza Hut,Sandwich,India,7,1059.51,1.4,2025-05-08
5993,Customer_1890,Dominos,Pizza,Sri Lanka,8,1422.38,2.8,2024-10-20
5994,Customer_938,Burger King,Burger,Sri Lanka,5,4211.67,2.3,2025-05-08
5995,Customer_1711,Burger King,Sandwich,India,2,3433.58,4.1,2024-12-23
5996,Customer_2187,Burger King,Pizza,Singapore,7,1541.27,3.5,2025-06-08
5997,Customer_57,Subway,Burger,India,9,1374.55,1.5,2024-01-20
5998,Customer_2736,Burger King,Sandwich,Sri Lanka,7,2180.85,2.7,2025-07-14
5999,Customer_2169,Pizza Hut,Burger,Sri Lanka,9,3577.04,1.2,2025-06-15
6000,Customer_532,Burger King,Burger,Singapore,3,3000.86,4.1,2025-11-18
6001,Customer_269,Dominos,Pizza,Australia,7,652.93,4.8,2025-03-18
6002,Customer_1874,KFC,Sandwich,India,2,1678.58,1.8,2025-07-12
6003,Customer_2115,Pizza Hut,Pizza,Singapore,3,3934.01,3.4,2024-04-05
6004,Customer_2131,Pizza Hut,Burger,Australia,1,3424.7,1.0,2024-07-25
6005,Customer_2149,KFC,Burger,Sri Lanka,2,2308.28,3.0,2025-10-19
6006,Customer_2379,KFC,Sandwich,India,9,3606.97,2.6,2024-09-18
6007,Customer_393,KFC,Pizza,Singapore,3,4496.23,1.6,2026-04-09
6008,Customer_2850,Subway,Fast Food,Sri Lanka,6,2054.1,1.8,2025-05-14
6009,Customer_760,Burger King,Pizza,Sri Lanka,3,897.68,2.6,2025-08-16
6010,Customer_1672,Pizza Hut,Pizza,India,9,1899.09,4.7,2024-03-05
6011,Customer_2135,Dominos,Sandwich,Sri Lanka,3,2799.05,2.2,2025-04-29
6012,Customer_1934,KFC,Sandwich,Australia,9,2789.65,1.0,2024-01-15
6013,Customer_125,KFC,Fast Food,Singapore,8,2916.62,1.7,2025-12-12
6014,Customer_2742,KFC,Sandwich,India,10,3416.54,2.3,2025-06-06
6015,Customer_2324,KFC,Fast Food,India,3,4042.16,3.6,2025-10-11
6016,Customer_395,Burger King,Sandwich,Australia,4,3171.04,2.0,2025-06-13
6017,Customer_1728,Subway,Pizza,India,3,692.32,1.7,2026-03-03
6018,Customer_2096,Dominos,Fast Food,Sri Lanka,6,2443.17,4.6,2024-11-03
6019,Customer_653,KFC,Fast Food,Singapore,8,2986.43,1.3,2026-05-01
6020,Customer_1145,Dominos,Sandwich,Sri Lanka,2,1746.28,4.9,2025-08-12
6021,Customer_617,Subway,Fast Food,Australia,5,2468.85,5.0,2026-05-19
6022,Customer_650,Pizza Hut,Pizza,Singapore,3,1782.36,2.8,2026-06-03
6023,Customer_1351,Dominos,Pizza,India,8,2950.42,4.9,2025-05-30
6024,Customer_2878,Pizza Hut,Sandwich,India,3,4089.93,2.8,2025-03-11
6025,Customer_104,Dominos,Pizza,Australia,2,3676.54,2.6,2025-02-21
6026,Customer_2385,Pizza Hut,Sandwich,Australia,8,1813.0,3.8,2025-08-05
6027,Customer_2248,Burger King,Pizza,Singapore,7,4691.7,2.0,2025-08-30
6028,Customer_1949,Burger King,Sandwich,Sri Lanka,9,1725.61,1.9,2024-09-09
6029,Customer_1856,Dominos,Sandwich,Australia,10,1121.43,3.4,2025-05-08
6030,Customer_2069,KFC,Sandwich,Sri Lanka,9,4878.32,4.7,2024-12-13
6031,Customer_2859,KFC,Sandwich,Australia,5,2935.97,3.3,2025-06-09
6032,Customer_779,Subway,Sandwich,Sri Lanka,5,1087.37,2.1,2024-06-19
6033,Customer_748,Burger King,Sandwich,Singapore,1,1199.33,4.9,2024-01-05
6034,Customer_2118,KFC,Burger,Sri Lanka,7,3915.61,3.9,2026-04-11
6035,Customer_1795,Dominos,Pizza,India,10,1812.89,1.9,2024-08-27
6036,Customer_2081,Pizza Hut,Burger,India,8,1649.58,3.5,2026-03-22
6037,Customer_2503,Subway,Fast Food,Singapore,6,1935.6,1.5,2025-03-23
6038,Customer_1693,Pizza Hut,Sandwich,Sri Lanka,8,4315.83,4.0,2025-06-20
6039,Customer_2559,KFC,Fast Food,India,3,3301.17,1.1,2024-07-30
6040,Customer_1930,Burger King,Burger,India,6,4558.01,1.3,2025-11-23
6041,Customer_1530,Dominos,Burger,Australia,6,2636.5,3.1,2025-02-17
6042,Customer_2600,KFC,Fast Food,Sri Lanka,8,3513.37,4.0,2024-08-05
6043,Customer_1397,Dominos,Fast Food,Australia,6,2654.8,3.1,2026-03-14
6044,Customer_1163,Pizza Hut,Fast Food,Singapore,1,4004.65,4.0,2025-10-02
6045,Customer_477,Dominos,Fast Food,Australia,4,4925.41,2.8,2025-01-23
6046,Customer_86,KFC,Burger,Australia,6,2194.72,2.9,2025-02-19
6047,Customer_375,Subway,Fast Food,Australia,4,1535.64,3.8,2025-08-27
6048,Customer_1586,Subway,Sandwich,Australia,8,1995.8,4.2,2026-06-18
6049,Customer_1611,Pizza Hut,Sandwich,India,5,3986.7,1.7,2024-09-26
6050,Customer_1527,KFC,Pizza,India,5,3236.0,3.4,2024-01-22
6051,Customer_2411,Dominos,Sandwich,Sri Lanka,9,3668.92,4.4,2025-03-21
6052,Customer_2808,Pizza Hut,Sandwich,Australia,9,3001.88,2.2,2026-01-13
6053,Customer_2620,Pizza Hut,Pizza,Singapore,4,4719.55,3.1,2024-10-23
6054,Customer_1367,Pizza Hut,Pizza,Singapore,2,4585.21,4.5,2024-09-23
6055,Customer_1844,Subway,Fast Food,India,3,3447.3,4.6,2026-06-06
6056,Customer_91,Subway,Burger,Australia,4,4746.89,1.3,2024-08-01
6057,Customer_348,KFC,Burger,Australia,6,4241.3,3.4,2024-06-16
6058,Customer_126,Pizza Hut,Sandwich,India,6,2304.84,4.1,2025-09-02
6059,Customer_2282,Dominos,Pizza,India,1,2217.16,1.8,2026-05-23
6060,Customer_1428,Dominos,Pizza,Singapore,2,3413.08,2.5,2025-03-05
6061,Customer_216,Burger King,Fast Food,India,7,2685.57,2.9,2026-03-17
6062,Customer_1994,Subway,Burger,India,3,3737.81,1.5,2025-01-23
6063,Customer_2464,Dominos,Sandwich,India,8,858.04,2.7,2026-06-10
6064,Customer_1346,Dominos,Fast Food,India,1,4268.68,2.2,2024-11-17
6065,Customer_2745,Pizza Hut,Pizza,Australia,5,1415.2,4.7,2024-09-27
6066,Customer_567,Dominos,Sandwich,Singapore,10,1754.74,1.5,2025-06-25
6067,Customer_1592,Dominos,Sandwich,Australia,9,2844.08,4.4,2025-11-22
6068,Customer_2389,Dominos,Fast Food,Singapore,9,2407.44,3.3,2025-09-10
6069,Customer_1217,Pizza Hut,Pizza,Australia,10,671.77,3.9,2024-03-21
6070,Customer_1169,Subway,Fast Food,Australia,5,1671.85,2.1,2025-09-30
6071,Customer_219,Dominos,Pizza,Australia,5,1727.12,3.9,2025-04-14
6072,Customer_2297,Dominos,Fast Food,Sri Lanka,10,2003.21,2.8,2025-05-06
6073,Customer_669,Subway,Sandwich,Australia,1,2553.68,4.9,2025-10-26
6074,Customer_2514,KFC,Fast Food,Australia,7,4090.31,2.0,2026-06-12
6075,Customer_690,Subway,Fast Food,India,6,2362.57,4.8,2025-07-13
6076,Customer_2824,Pizza Hut,Fast Food,Australia,9,2726.63,2.8,2025-09-15
6077,Customer_1924,Burger King,Fast Food,Sri Lanka,4,3090.74,3.7,2026-01-06
6078,Customer_2461,KFC,Burger,Singapore,8,4268.86,4.7,2024-08-08
6079,Customer_2833,Burger King,Sandwich,India,2,3933.83,2.9,2025-05-04
6080,Customer_275,Subway,Sandwich,India,7,2328.74,2.8,2025-05-08
6081,Customer_2161,Dominos,Fast Food,Singapore,4,4079.89,4.1,2026-02-22
6082,Customer_851,Subway,Fast Food,India,1,4723.04,1.6,2025-02-05
6083,Customer_1680,KFC,Burger,Singapore,5,622.52,2.0,2026-03-29
6084,Customer_1501,Burger King,Sandwich,Singapore,1,3999.79,1.9,2025-02-10
6085,Customer_1102,KFC,Burger,Australia,5,964.33,1.4,2024-10-31
6086,Customer_1558,KFC,Fast Food,Sri Lanka,2,3652.84,4.5,2025-04-21
6087,Customer_1023,Burger King,Pizza,Sri Lanka,1,4054.35,3.4,2025-09-22
6088,Customer_77,Burger King,Pizza,Singapore,6,616.47,3.5,2026-04-22
6089,Customer_2149,Dominos,Sandwich,Sri Lanka,1,4673.24,3.4,2025-02-12
6090,Customer_895,KFC,Fast Food,Australia,3,4127.66,1.1,2026-06-16
6091,Customer_504,Burger King,Sandwich,Australia,9,3602.8,3.8,2024-10-05
6092,Customer_1894,Dominos,Sandwich,Sri Lanka,3,2661.69,4.3,2024-05-28
6093,Customer_2338,KFC,Pizza,India,4,4230.34,2.7,2026-01-15
6094,Customer_2522,Burger King,Pizza,Sri Lanka,2,2981.35,2.0,2026-05-11
6095,Customer_1834,Dominos,Sandwich,Sri Lanka,7,4409.63,3.9,2024-11-24
6096,Customer_2357,Burger King,Fast Food,Singapore,5,793.98,1.9,2024-06-28
6097,Customer_1258,Pizza Hut,Sandwich,India,3,3372.98,2.5,2025-07-01
6098,Customer_869,Burger King,Sandwich,Australia,6,1766.49,4.0,2024-05-23
6099,Customer_2700,Pizza Hut,Pizza,Australia,7,2547.33,1.7,2024-05-10
6100,Customer_1240,Pizza Hut,Fast Food,India,9,4541.83,1.5,2024-09-23
6101,Customer_2784,KFC,Burger,India,6,4444.19,3.6,2024-11-03
6102,Customer_738,Burger King,Sandwich,India,9,3507.58,2.7,2026-04-25
6103,Customer_2649,Pizza Hut,Sandwich,Sri Lanka,4,4019.77,5.0,2026-02-04
6104,Customer_2915,Dominos,Burger,Sri Lanka,4,3825.38,2.0,2024-10-17
6105,Customer_1898,Burger King,Fast Food,Australia,1,2184.37,4.5,2024-02-14
6106,Customer_2744,Burger King,Fast Food,Australia,6,3959.79,2.7,2024-05-21
6107,Customer_320,KFC,Fast Food,Singapore,10,603.88,3.5,2024-12-25
6108,Customer_446,Pizza Hut,Burger,Singapore,4,3376.3,1.6,2025-03-17
6109,Customer_5,KFC,Fast Food,Australia,9,1727.92,2.2,2024-09-01
6110,Customer_2441,Burger King,Burger,India,9,573.9,2.3,2026-02-21
6111,Customer_70,Pizza Hut,Pizza,India,2,3087.46,4.7,2025-11-19
6112,Customer_1935,Subway,Sandwich,India,1,4462.32,2.4,2024-02-18
6113,Customer_2384,Pizza Hut,Fast Food,India,5,3353.08,4.1,2024-07-12
6114,Customer_763,Subway,Pizza,Singapore,3,612.99,2.3,2024-08-02
6115,Customer_2905,Burger King,Burger,Singapore,3,4496.51,2.2,2025-01-08
6116,Customer_1522,Dominos,Burger,Singapore,9,3611.49,4.3,2025-05-24
6117,Customer_940,Subway,Pizza,Australia,4,822.38,3.3,2026-04-09
6118,Customer_326,Subway,Burger,Singapore,9,2479.51,4.7,2024-12-25
6119,Customer_2169,Pizza Hut,Burger,Singapore,3,3767.19,4.3,2026-03-15
6120,Customer_2474,Dominos,Pizza,Sri Lanka,2,3023.85,3.2,2024-09-05
6121,Customer_1481,Subway,Burger,Singapore,1,4246.6,4.0,2026-04-13
6122,Customer_1719,KFC,Burger,Singapore,8,515.95,1.8,2024-12-15
6123,Customer_1833,Pizza Hut,Sandwich,Australia,9,2533.99,2.3,2024-06-09
6124,Customer_2375,Subway,Fast Food,India,1,2685.37,4.5,2026-03-24
6125,Customer_520,Pizza Hut,Burger,Singapore,10,4600.45,4.5,2025-11-09
6126,Customer_853,Subway,Fast Food,Singapore,5,4638.17,2.0,2024-10-21
6127,Customer_779,Subway,Pizza,Sri Lanka,3,1840.42,4.2,2025-05-21
6128,Customer_1102,Pizza Hut,Sandwich,India,2,3083.71,1.3,2026-04-24
6129,Customer_2674,Subway,Fast Food,Sri Lanka,2,1313.93,4.0,2025-07-08
6130,Customer_1629,Dominos,Pizza,Sri Lanka,7,3282.73,3.5,2026-02-14
6131,Customer_1776,Pizza Hut,Sandwich,Singapore,7,1735.64,1.3,2024-05-08
6132,Customer_2002,Subway,Pizza,Australia,3,2493.35,2.7,2024-01-30
6133,Customer_2872,Pizza Hut,Pizza,Sri Lanka,4,551.46,1.0,2024-05-18
6134,Customer_1583,Pizza Hut,Pizza,India,2,1987.38,5.0,2026-01-24
6135,Customer_244,Dominos,Burger,Sri Lanka,7,4443.26,3.8,2024-02-17
6136,Customer_864,Pizza Hut,Sandwich,Sri Lanka,5,1167.65,4.4,2024-10-01
6137,Customer_395,Dominos,Sandwich,India,4,1088.17,5.0,2024-08-28
6138,Customer_1033,Burger King,Sandwich,Sri Lanka,1,2213.51,4.2,2025-01-26
6139,Customer_1762,Dominos,Pizza,Singapore,8,2877.64,4.5,2024-03-03
6140,Customer_297,Burger King,Fast Food,Sri Lanka,1,769.83,1.6,2024-06-17
6141,Customer_105,Subway,Burger,Singapore,10,4144.78,4.3,2025-09-14
6142,Customer_191,Pizza Hut,Fast Food,Singapore,1,3806.82,4.1,2026-01-07
6143,Customer_1905,Dominos,Burger,Australia,8,3903.56,2.8,2024-10-04
6144,Customer_923,KFC,Sandwich,Singapore,6,3349.54,4.0,2024-01-22
6145,Customer_2004,Subway,Fast Food,Sri Lanka,10,3924.28,3.9,2024-10-13
6146,Customer_2564,KFC,Sandwich,Australia,9,3723.04,2.6,2025-08-20
6147,Customer_890,Pizza Hut,Fast Food,Australia,6,4277.34,1.8,2024-06-15
6148,Customer_869,Pizza Hut,Burger,India,1,4043.87,4.4,2026-06-17
6149,Customer_97,KFC,Sandwich,Singapore,6,2018.98,2.8,2024-01-03
6150,Customer_2904,Subway,Sandwich,Australia,2,4768.15,1.8,2024-07-26
6151,Customer_1399,Pizza Hut,Fast Food,Singapore,3,4190.88,3.5,2024-05-22
6152,Customer_789,Burger King,Pizza,Sri Lanka,8,4106.78,1.7,2024-02-23
6153,Customer_923,KFC,Fast Food,Sri Lanka,5,2990.25,4.9,2025-02-01
6154,Customer_2611,Pizza Hut,Sandwich,Sri Lanka,2,1248.2,2.5,2026-04-13
6155,Customer_1240,Burger King,Pizza,Sri Lanka,7,4917.08,3.7,2024-01-22
6156,Customer_1903,Dominos,Pizza,Sri Lanka,2,1100.92,1.4,2026-03-08
6157,Customer_2116,Pizza Hut,Fast Food,Sri Lanka,8,4996.58,4.6,2025-02-18
6158,Customer_1506,KFC,Fast Food,Australia,3,4694.5,2.9,2024-08-26
6159,Customer_2677,Dominos,Fast Food,Sri Lanka,1,2534.0,1.0,2026-04-27
6160,Customer_2188,Dominos,Sandwich,Australia,7,4964.44,4.3,2025-02-08
6161,Customer_1192,Dominos,Pizza,Australia,10,4279.59,2.7,2024-04-13
6162,Customer_1375,KFC,Sandwich,Australia,3,2042.56,2.3,2025-08-05
6163,Customer_1556,Subway,Sandwich,Singapore,4,3562.32,3.3,2025-03-30
6164,Customer_1590,Dominos,Fast Food,India,3,4883.74,3.6,2024-03-31
6165,Customer_1968,Pizza Hut,Fast Food,Australia,1,4468.3,2.4,2025-11-03
6166,Customer_254,Dominos,Fast Food,Australia,2,3294.43,4.8,2025-10-23
6167,Customer_2734,KFC,Pizza,India,1,3427.25,3.0,2026-01-15
6168,Customer_619,Burger King,Sandwich,Sri Lanka,2,2126.29,4.9,2025-05-18
6169,Customer_2889,Burger King,Pizza,India,9,3981.03,1.4,2025-09-15
6170,Customer_2800,Subway,Fast Food,Singapore,3,2963.94,4.1,2024-05-08
6171,Customer_1315,Dominos,Sandwich,Sri Lanka,4,620.2,4.7,2024-03-30
6172,Customer_238,Burger King,Fast Food,India,5,4689.76,2.1,2025-07-01
6173,Customer_839,Dominos,Pizza,Australia,7,2873.52,3.8,2025-08-04
6174,Customer_2043,Dominos,Pizza,Australia,8,1152.38,4.6,2025-06-18
6175,Customer_386,Dominos,Sandwich,Singapore,3,924.52,3.1,2024-09-23
6176,Customer_1189,KFC,Fast Food,Singapore,5,2748.99,1.5,2026-02-02
6177,Customer_824,KFC,Sandwich,India,5,2851.21,1.1,2025-10-17
6178,Customer_2615,KFC,Burger,Sri Lanka,7,3524.08,3.2,2026-01-06
6179,Customer_166,Subway,Burger,Australia,5,2867.96,1.6,2025-08-26
6180,Customer_1795,Dominos,Pizza,India,2,4376.98,1.7,2024-05-23
6181,Customer_394,KFC,Sandwich,Singapore,7,1503.23,1.0,2025-06-17
6182,Customer_428,Subway,Sandwich,Australia,5,4640.13,2.9,2026-03-27
6183,Customer_2929,KFC,Pizza,Australia,7,4301.62,2.6,2024-12-15
6184,Customer_1357,Pizza Hut,Sandwich,India,2,2644.99,1.3,2026-03-28
6185,Customer_1014,Burger King,Pizza,Australia,6,1672.48,2.8,2024-04-16
6186,Customer_2565,Burger King,Fast Food,Sri Lanka,6,4125.1,2.8,2025-12-29
6187,Customer_1363,Subway,Fast Food,Singapore,7,2387.78,3.1,2025-11-30
6188,Customer_1222,Pizza Hut,Pizza,India,2,1304.6,2.7,2025-06-14
6189,Customer_2195,KFC,Pizza,Australia,10,1787.68,1.7,2025-05-22
6190,Customer_523,Burger King,Burger,India,5,4217.49,4.2,2026-06-13
6191,Customer_2199,Pizza Hut,Sandwich,Sri Lanka,4,4459.81,4.2,2025-07-08
6192,Customer_442,Dominos,Sandwich,Australia,5,2333.23,4.2,2024-11-12
6193,Customer_423,Subway,Fast Food,Sri Lanka,2,1818.06,4.1,2024-04-11
6194,Customer_911,Subway,Fast Food,India,10,2779.0,3.6,2026-06-04
6195,Customer_1284,Subway,Burger,Australia,9,4924.61,3.8,2026-04-04
6196,Customer_406,KFC,Sandwich,Singapore,2,1109.58,2.8,2025-11-21
6197,Customer_2857,Pizza Hut,Burger,Singapore,9,4980.19,1.8,2025-05-16
6198,Customer_2465,Pizza Hut,Fast Food,Singapore,5,1721.35,3.3,2026-05-03
6199,Customer_58,Subway,Fast Food,India,1,4069.99,4.9,2024-09-15
6200,Customer_2204,Subway,Pizza,India,10,3358.46,4.4,2026-02-13
6201,Customer_397,Subway,Sandwich,Australia,9,3869.82,1.1,2024-09-24
6202,Customer_2315,KFC,Sandwich,Singapore,5,1948.79,4.3,2025-12-12
6203,Customer_1307,Subway,Sandwich,India,9,564.15,1.7,2025-10-17
6204,Customer_1577,Burger King,Sandwich,India,7,696.87,1.1,2025-07-17
6205,Customer_1496,Subway,Fast Food,Sri Lanka,9,3957.82,3.0,2024-01-09
6206,Customer_2864,KFC,Fast Food,Sri Lanka,6,4674.84,2.8,2024-01-08
6207,Customer_2238,Dominos,Sandwich,India,3,730.02,4.0,2024-06-06
6208,Customer_42,Dominos,Fast Food,Sri Lanka,9,781.35,4.1,2024-07-14
6209,Customer_697,KFC,Pizza,Singapore,7,4751.42,2.6,2025-08-07
6210,Customer_1501,Burger King,Fast Food,Australia,2,4889.93,5.0,2024-04-25
6211,Customer_1825,Pizza Hut,Pizza,Singapore,3,3288.43,1.7,2024-03-01
6212,Customer_2845,Subway,Burger,India,9,2340.05,2.3,2026-04-21
6213,Customer_974,Burger King,Pizza,Singapore,4,3017.51,4.1,2026-02-26
6214,Customer_2215,Dominos,Burger,Australia,6,3240.53,1.2,2025-10-14
6215,Customer_941,KFC,Burger,Australia,9,2768.68,2.8,2024-05-24
6216,Customer_2112,KFC,Burger,Singapore,4,3414.38,4.3,2024-06-01
6217,Customer_1781,Pizza Hut,Fast Food,Australia,6,4820.11,3.2,2024-04-09
6218,Customer_852,Pizza Hut,Pizza,Singapore,2,1723.43,3.3,2025-01-09
6219,Customer_234,Subway,Burger,Sri Lanka,7,2606.07,2.3,2025-11-16
6220,Customer_643,Pizza Hut,Pizza,Singapore,10,4013.37,3.0,2025-11-05
6221,Customer_2993,Pizza Hut,Burger,Australia,5,4649.62,1.3,2025-11-29
6222,Customer_2304,Subway,Fast Food,Singapore,3,2809.95,2.3,2024-03-13
6223,Customer_1233,Subway,Sandwich,Australia,10,1658.59,4.4,2025-06-12
6224,Customer_714,Dominos,Pizza,Singapore,6,3807.59,4.4,2025-08-13
6225,Customer_2691,KFC,Fast Food,Sri Lanka,9,3369.81,1.1,2025-05-20
6226,Customer_85,Pizza Hut,Sandwich,Australia,4,4839.9,3.6,2025-04-12
6227,Customer_1829,Burger King,Pizza,India,6,2047.3,4.3,2024-11-25
6228,Customer_1531,Dominos,Fast Food,Australia,7,4180.78,3.9,2025-12-15
6229,Customer_426,Burger King,Fast Food,India,4,2210.81,1.6,2024-01-02
6230,Customer_767,Burger King,Burger,Singapore,1,521.01,4.9,2025-12-21
6231,Customer_476,Subway,Fast Food,Singapore,8,4568.66,2.2,2024-12-19
6232,Customer_1741,Pizza Hut,Burger,Singapore,8,4538.93,4.4,2024-10-02
6233,Customer_1963,Dominos,Burger,Singapore,7,1592.67,4.6,2025-06-29
6234,Customer_2811,Subway,Pizza,Australia,8,1094.14,3.1,2024-02-25
6235,Customer_2532,Pizza Hut,Fast Food,Sri Lanka,7,1624.31,3.6,2024-01-31
6236,Customer_2571,Pizza Hut,Fast Food,Australia,3,705.02,1.6,2024-11-10
6237,Customer_64,Burger King,Sandwich,Australia,8,1621.37,4.9,2024-07-18
6238,Customer_1773,Subway,Pizza,Singapore,7,2049.0,2.8,2026-04-25
6239,Customer_1464,Burger King,Pizza,Australia,9,2361.3,2.3,2026-01-15
6240,Customer_2215,Burger King,Fast Food,Singapore,7,1703.18,4.9,2025-01-28
6241,Customer_2151,KFC,Sandwich,Australia,9,2628.39,1.9,2025-05-03
6242,Customer_221,KFC,Burger,Australia,5,2323.44,2.1,2024-02-22
6243,Customer_1022,KFC,Burger,Singapore,10,2793.72,1.5,2026-05-18
6244,Customer_2603,Subway,Burger,Australia,8,527.24,4.3,2024-09-28
6245,Customer_2864,Burger King,Burger,Sri Lanka,6,3498.61,2.5,2025-12-06
6246,Customer_803,Dominos,Fast Food,Singapore,10,4592.81,3.6,2026-02-22
6247,Customer_269,Subway,Fast Food,Singapore,2,1390.21,3.6,2026-05-23
6248,Customer_1491,Subway,Burger,Australia,10,1757.34,1.7,2026-05-26
6249,Customer_423,KFC,Pizza,India,5,844.51,3.7,2025-06-21
6250,Customer_1893,Pizza Hut,Fast Food,Sri Lanka,2,3712.23,2.5,2025-04-16
6251,Customer_1888,Burger King,Pizza,Singapore,1,4234.2,3.2,2025-12-14
6252,Customer_2430,Subway,Burger,India,8,947.13,2.0,2024-01-03
6253,Customer_1703,Subway,Burger,Singapore,5,4994.67,1.8,2025-12-01
6254,Customer_1253,Dominos,Sandwich,India,9,2380.6,2.6,2025-10-13
6255,Customer_372,Subway,Sandwich,Singapore,7,1882.07,3.9,2026-01-25
6256,Customer_2761,Pizza Hut,Burger,India,2,4052.37,2.7,2025-06-20
6257,Customer_666,Pizza Hut,Sandwich,Sri Lanka,1,4367.93,1.8,2024-11-21
6258,Customer_550,Dominos,Fast Food,Australia,6,3636.11,3.0,2024-03-07
6259,Customer_574,Subway,Burger,Australia,10,2153.09,4.1,2024-03-04
6260,Customer_1735,Subway,Burger,Australia,10,4419.36,1.4,2025-03-28
6261,Customer_1703,Subway,Fast Food,India,1,2731.99,2.0,2024-06-23
6262,Customer_859,Pizza Hut,Pizza,Australia,10,4634.37,1.4,2026-06-06
6263,Customer_967,Burger King,Burger,India,4,1293.98,2.5,2026-01-24
6264,Customer_229,KFC,Burger,Australia,6,4265.13,1.3,2025-06-12
6265,Customer_1570,KFC,Sandwich,Australia,4,1998.24,4.6,2024-04-14
6266,Customer_2446,KFC,Sandwich,India,3,2731.17,1.2,2024-10-16
6267,Customer_409,Dominos,Burger,Sri Lanka,3,2860.99,1.3,2024-07-29
6268,Customer_12,Dominos,Sandwich,India,5,1732.07,1.8,2025-01-24
6269,Customer_1701,Pizza Hut,Pizza,Singapore,4,1605.37,2.5,2025-11-27
6270,Customer_303,Dominos,Pizza,Singapore,1,4151.89,2.3,2024-10-11
6271,Customer_1475,Pizza Hut,Burger,India,6,4345.08,1.4,2024-04-06
6272,Customer_2661,KFC,Sandwich,Australia,1,1684.57,4.0,2024-05-13
6273,Customer_1278,Subway,Burger,India,7,730.81,4.5,2025-11-05
6274,Customer_2960,KFC,Burger,Australia,8,1191.94,1.7,2024-05-25
6275,Customer_1309,Burger King,Pizza,Sri Lanka,7,4526.91,4.8,2024-02-06
6276,Customer_2511,Pizza Hut,Fast Food,Australia,6,3452.1,4.7,2024-08-19
6277,Customer_1939,Burger King,Pizza,India,5,731.77,3.0,2024-05-18
6278,Customer_1533,Dominos,Pizza,India,6,2146.92,2.4,2026-02-09
6279,Customer_2086,Burger King,Fast Food,India,9,1672.86,1.8,2024-09-02
6280,Customer_1798,Burger King,Sandwich,Sri Lanka,1,4434.04,3.9,2025-07-31
6281,Customer_2915,KFC,Pizza,Sri Lanka,8,3306.87,3.9,2025-05-15
6282,Customer_1664,Dominos,Fast Food,Australia,1,1867.92,2.8,2024-05-08
6283,Customer_108,Pizza Hut,Sandwich,Australia,1,1999.16,3.7,2025-01-14
6284,Customer_1422,Burger King,Fast Food,Singapore,6,2907.08,2.6,2025-02-05
6285,Customer_2036,KFC,Pizza,India,3,1802.63,1.2,2025-08-27
6286,Customer_75,Pizza Hut,Sandwich,India,2,3083.69,4.5,2024-09-02
6287,Customer_1760,Subway,Sandwich,Sri Lanka,4,2218.11,2.0,2026-04-26
6288,Customer_322,Pizza Hut,Burger,India,1,4891.61,1.6,2025-08-28
6289,Customer_446,KFC,Pizza,India,3,2991.98,3.7,2025-02-11
6290,Customer_495,Burger King,Fast Food,India,5,4684.52,2.2,2026-02-17
6291,Customer_1071,Subway,Pizza,India,5,1579.36,1.6,2024-05-29
6292,Customer_539,Pizza Hut,Fast Food,Sri Lanka,2,1358.07,2.8,2025-12-08
6293,Customer_702,Subway,Pizza,Australia,4,1998.1,3.6,2025-09-10
6294,Customer_2001,Subway,Fast Food,India,6,1536.14,1.6,2026-05-06
6295,Customer_1560,Pizza Hut,Sandwich,Singapore,3,3147.72,4.6,2024-11-26
6296,Customer_2128,Burger King,Sandwich,Singapore,7,1786.45,4.6,2025-12-14
6297,Customer_2442,Dominos,Sandwich,Australia,4,2191.84,4.6,2025-07-04
6298,Customer_2261,KFC,Fast Food,Singapore,1,3188.37,2.6,2024-01-04
6299,Customer_1544,Pizza Hut,Pizza,Singapore,4,4594.54,3.9,2024-08-31
6300,Customer_1733,Dominos,Pizza,Singapore,2,2704.47,4.7,2024-12-08
6301,Customer_811,Dominos,Pizza,India,5,1945.63,3.4,2026-03-10
6302,Customer_2344,Dominos,Sandwich,Singapore,4,2947.51,4.0,2025-07-12
6303,Customer_1232,KFC,Pizza,Sri Lanka,5,2444.8,3.4,2025-12-08
6304,Customer_763,KFC,Pizza,India,9,3743.24,1.3,2024-06-18
6305,Customer_1333,KFC,Pizza,India,6,3206.24,1.1,2025-05-27
6306,Customer_1988,Pizza Hut,Burger,Sri Lanka,2,4994.02,2.2,2024-05-28
6307,Customer_1276,Burger King,Pizza,India,10,4943.06,2.0,2024-06-24
6308,Customer_1589,Dominos,Fast Food,India,10,3678.04,4.6,2025-01-13
6309,Customer_2639,Burger King,Fast Food,Australia,7,4589.95,3.8,2025-12-15
6310,Customer_2833,KFC,Pizza,Singapore,5,1008.22,4.7,2025-09-20
6311,Customer_1401,Subway,Pizza,India,9,2510.51,3.6,2026-05-29
6312,Customer_1496,Subway,Fast Food,Sri Lanka,6,1590.39,1.1,2025-08-19
6313,Customer_1098,Burger King,Sandwich,Australia,10,2055.05,3.0,2025-10-16
6314,Customer_1415,Dominos,Pizza,India,3,3834.76,3.7,2024-07-08
6315,Customer_24,Dominos,Fast Food,Singapore,2,3008.99,3.4,2024-01-15
6316,Customer_2061,Burger King,Sandwich,Singapore,5,2598.7,3.5,2024-11-06
6317,Customer_689,Subway,Fast Food,Australia,9,1623.26,2.5,2024-12-24
6318,Customer_1560,Burger King,Fast Food,Singapore,10,1113.7,4.4,2025-10-23
6319,Customer_2706,Pizza Hut,Pizza,Australia,3,3548.69,2.5,2025-04-14
6320,Customer_2602,Burger King,Fast Food,Sri Lanka,1,4514.71,4.5,2026-04-01
6321,Customer_1682,KFC,Burger,Sri Lanka,3,2402.69,2.6,2024-12-29
6322,Customer_2642,Subway,Fast Food,Australia,1,3825.36,3.3,2025-03-06
6323,Customer_1982,Pizza Hut,Pizza,India,7,4196.73,1.7,2024-11-05
6324,Customer_1331,KFC,Pizza,Sri Lanka,7,1940.75,4.4,2024-10-22
6325,Customer_922,KFC,Sandwich,Sri Lanka,5,4948.45,2.2,2026-01-20
6326,Customer_2849,KFC,Sandwich,Sri Lanka,6,1172.11,4.4,2024-03-01
6327,Customer_779,Pizza Hut,Fast Food,Sri Lanka,6,3541.2,4.7,2024-09-29
6328,Customer_1014,Pizza Hut,Burger,India,2,3863.48,1.7,2025-06-30
6329,Customer_670,Dominos,Burger,Singapore,5,2471.12,2.9,2025-01-07
6330,Customer_1796,Dominos,Burger,Australia,3,2778.18,3.5,2025-03-21
6331,Customer_954,Pizza Hut,Sandwich,Sri Lanka,8,2858.9,3.9,2026-06-08
6332,Customer_284,Pizza Hut,Fast Food,India,5,4997.94,4.9,2026-01-19
6333,Customer_38,Burger King,Sandwich,Australia,3,971.53,4.0,2025-06-20
6334,Customer_1260,Subway,Fast Food,Sri Lanka,5,1652.8,1.3,2025-05-08
6335,Customer_2695,Pizza Hut,Sandwich,India,4,3594.71,3.9,2024-02-25
6336,Customer_1202,Subway,Pizza,Sri Lanka,5,3057.98,1.8,2026-04-04
6337,Customer_1697,Burger King,Fast Food,Australia,2,1085.41,1.2,2025-12-31
6338,Customer_2750,Burger King,Pizza,Sri Lanka,1,4103.22,2.5,2024-02-11
6339,Customer_889,Pizza Hut,Burger,Singapore,9,1924.24,2.5,2024-01-10
6340,Customer_1764,Dominos,Burger,Sri Lanka,5,1022.07,3.1,2024-01-16
6341,Customer_295,Burger King,Sandwich,Sri Lanka,10,2080.31,2.1,2024-12-19
6342,Customer_1876,Dominos,Fast Food,India,2,2042.43,1.9,2024-05-14
6343,Customer_471,Pizza Hut,Burger,Sri Lanka,2,856.73,3.8,2025-02-01
6344,Customer_2970,Dominos,Fast Food,Australia,4,3881.32,3.5,2024-06-27
6345,Customer_459,Pizza Hut,Sandwich,Sri Lanka,7,4835.68,1.0,2024-09-26
6346,Customer_2858,Dominos,Pizza,Australia,6,1469.53,4.4,2024-09-17
6347,Customer_2035,KFC,Sandwich,Sri Lanka,3,1155.32,2.8,2024-02-06
6348,Customer_131,Subway,Burger,Australia,3,1852.89,1.1,2024-11-25
6349,Customer_1790,Pizza Hut,Sandwich,India,6,3945.88,1.9,2025-06-13
6350,Customer_1670,Pizza Hut,Fast Food,Sri Lanka,10,3809.22,3.5,2024-08-28
6351,Customer_305,Subway,Fast Food,Australia,1,615.83,3.4,2024-08-31
6352,Customer_2069,Pizza Hut,Pizza,Singapore,2,4972.73,3.3,2025-11-30
6353,Customer_2871,KFC,Sandwich,Australia,2,2009.44,3.4,2025-11-08
6354,Customer_2551,KFC,Burger,Australia,4,1840.34,2.3,2024-09-20
6355,Customer_609,Dominos,Sandwich,Australia,3,2656.42,3.1,2024-02-15
6356,Customer_1776,Subway,Sandwich,Singapore,5,2969.17,4.5,2025-12-27
6357,Customer_1370,Pizza Hut,Pizza,India,8,1167.86,2.1,2024-02-08
6358,Customer_1746,Dominos,Sandwich,Singapore,10,2824.95,3.7,2024-01-20
6359,Customer_1880,Subway,Fast Food,Sri Lanka,8,513.7,3.8,2025-04-11
6360,Customer_1030,Pizza Hut,Pizza,Australia,2,3721.36,4.4,2024-05-17
6361,Customer_783,Pizza Hut,Burger,Singapore,10,1302.87,3.2,2024-08-12
6362,Customer_1020,Dominos,Sandwich,Sri Lanka,7,3393.19,1.1,2025-11-18
6363,Customer_619,Subway,Burger,Sri Lanka,3,2216.1,4.4,2025-04-01
6364,Customer_238,Subway,Sandwich,Singapore,2,4898.98,4.4,2025-02-14
6365,Customer_2272,Burger King,Fast Food,India,10,621.35,3.3,2024-01-21
6366,Customer_2684,Dominos,Sandwich,Singapore,4,3908.34,1.1,2025-11-05
6367,Customer_1710,KFC,Pizza,India,10,3179.87,4.9,2025-06-25
6368,Customer_1603,Dominos,Sandwich,Singapore,7,538.64,3.9,2024-02-15
6369,Customer_82,Subway,Fast Food,Sri Lanka,6,4241.65,1.2,2024-12-28
6370,Customer_219,Subway,Pizza,Sri Lanka,7,3315.8,1.7,2025-09-15
6371,Customer_2834,Subway,Fast Food,Australia,6,4510.13,4.7,2024-02-19
6372,Customer_319,Subway,Burger,Sri Lanka,3,1675.62,2.7,2024-11-15
6373,Customer_198,Burger King,Fast Food,India,10,3360.63,4.8,2025-02-05
6374,Customer_174,Dominos,Sandwich,Sri Lanka,10,1029.43,3.5,2025-09-16
6375,Customer_1272,Subway,Pizza,Singapore,8,2848.45,3.4,2024-04-22
6376,Customer_549,Pizza Hut,Sandwich,Singapore,5,3035.71,4.8,2024-08-30
6377,Customer_488,Dominos,Sandwich,Singapore,6,2171.07,4.9,2024-04-05
6378,Customer_167,Burger King,Pizza,Singapore,6,3387.59,1.8,2025-11-14
6379,Customer_431,Burger King,Sandwich,Australia,3,4519.1,3.5,2026-06-14
6380,Customer_2934,Subway,Pizza,Singapore,1,4582.37,4.8,2024-02-23
6381,Customer_873,Dominos,Sandwich,Australia,9,2432.06,4.4,2024-03-01
6382,Customer_1934,Burger King,Pizza,Australia,2,4498.73,2.0,2025-02-09
6383,Customer_2862,Dominos,Burger,India,10,4703.37,3.0,2025-11-08
6384,Customer_429,KFC,Fast Food,Singapore,9,701.44,4.3,2025-06-14
6385,Customer_850,Dominos,Fast Food,Sri Lanka,2,513.77,3.5,2024-01-27
6386,Customer_23,Subway,Pizza,India,5,4579.81,4.3,2026-04-01
6387,Customer_40,Subway,Fast Food,Singapore,6,2700.79,3.1,2025-02-18
6388,Customer_1449,Pizza Hut,Sandwich,Singapore,2,3031.28,3.0,2026-04-05
6389,Customer_1068,Burger King,Burger,Sri Lanka,5,1505.23,3.4,2025-02-09
6390,Customer_2751,Dominos,Fast Food,Singapore,3,1063.12,1.7,2026-02-01
6391,Customer_2826,Dominos,Pizza,Singapore,2,583.94,2.1,2025-04-22
6392,Customer_155,KFC,Sandwich,Sri Lanka,3,2854.5,2.2,2025-10-25
6393,Customer_1689,Burger King,Burger,India,2,3682.81,3.4,2026-03-25
6394,Customer_2216,Subway,Sandwich,Australia,10,3092.59,1.9,2025-01-27
6395,Customer_2739,Subway,Sandwich,Australia,6,1355.87,3.4,2024-07-15
6396,Customer_2181,Pizza Hut,Pizza,India,9,1823.16,2.8,2024-03-05
6397,Customer_2618,Burger King,Burger,Australia,4,3793.63,4.4,2024-03-27
6398,Customer_2769,Dominos,Pizza,Singapore,1,3292.16,4.4,2025-11-16
6399,Customer_1349,Dominos,Burger,India,8,3212.83,2.8,2025-06-08
6400,Customer_886,Pizza Hut,Pizza,Australia,3,3697.16,1.1,2026-02-10
6401,Customer_1170,Subway,Pizza,Singapore,9,4715.75,2.4,2024-06-11
6402,Customer_831,Burger King,Sandwich,Sri Lanka,6,812.26,4.9,2026-05-17
6403,Customer_457,Dominos,Sandwich,Singapore,1,4192.73,4.7,2024-06-12
6404,Customer_182,Pizza Hut,Fast Food,Singapore,7,4431.67,3.0,2025-02-22
6405,Customer_1826,Subway,Pizza,Australia,3,3807.71,4.4,2025-09-28
6406,Customer_2263,KFC,Pizza,Australia,5,3661.01,4.7,2025-01-04
6407,Customer_2700,Burger King,Burger,Australia,1,3602.38,4.5,2025-10-05
6408,Customer_1636,KFC,Pizza,Australia,7,4910.4,5.0,2025-07-17
6409,Customer_93,Subway,Fast Food,Australia,5,3232.22,2.6,2025-09-09
6410,Customer_563,Subway,Sandwich,Australia,4,1324.89,3.2,2024-02-14
6411,Customer_315,Burger King,Pizza,Sri Lanka,8,574.95,4.6,2024-08-16
6412,Customer_428,Subway,Fast Food,Australia,9,3632.1,3.1,2026-03-28
6413,Customer_311,Burger King,Fast Food,India,4,4684.57,2.1,2024-01-24
6414,Customer_289,KFC,Pizza,Australia,6,1730.18,1.3,2024-11-22
6415,Customer_817,Dominos,Fast Food,Australia,8,3887.43,3.8,2024-08-01
6416,Customer_1434,Pizza Hut,Sandwich,Australia,4,2868.63,1.5,2024-05-28
6417,Customer_820,Subway,Burger,Sri Lanka,1,2494.78,2.7,2026-04-20
6418,Customer_1364,Burger King,Fast Food,Sri Lanka,6,1355.5,4.0,2025-04-02
6419,Customer_2610,Dominos,Fast Food,India,7,4363.83,1.8,2025-05-10
6420,Customer_279,Burger King,Pizza,Australia,8,1763.78,5.0,2025-02-02
6421,Customer_382,Dominos,Pizza,India,10,1921.95,2.7,2026-02-21
6422,Customer_2627,Burger King,Pizza,Australia,4,2374.59,3.2,2024-03-06
6423,Customer_1818,Subway,Pizza,Singapore,6,3850.61,2.9,2024-03-17
6424,Customer_1585,Pizza Hut,Burger,Singapore,1,860.12,3.7,2024-03-02
6425,Customer_353,Subway,Sandwich,Australia,1,4541.69,1.2,2026-02-23
6426,Customer_2984,Subway,Pizza,Australia,7,3544.71,4.2,2026-04-25
6427,Customer_2773,Burger King,Sandwich,India,8,2841.29,3.5,2026-05-19
6428,Customer_1941,Dominos,Sandwich,Singapore,6,1673.18,1.5,2025-07-24
6429,Customer_1930,Pizza Hut,Burger,Australia,2,4486.77,2.8,2024-10-31
6430,Customer_27,KFC,Pizza,Singapore,6,4089.36,3.6,2025-11-05
6431,Customer_1401,KFC,Pizza,Singapore,8,2128.75,1.7,2025-03-17
6432,Customer_1032,Burger King,Burger,Sri Lanka,4,4005.87,3.3,2025-01-13
6433,Customer_2345,KFC,Sandwich,Australia,10,2111.14,1.9,2025-06-06
6434,Customer_1223,KFC,Pizza,Sri Lanka,10,1679.02,1.1,2025-11-03
6435,Customer_1065,Dominos,Sandwich,Australia,9,4443.44,3.8,2024-09-20
6436,Customer_2710,Pizza Hut,Fast Food,Singapore,7,3976.31,4.5,2025-09-16
6437,Customer_1828,Pizza Hut,Burger,India,9,2930.78,4.6,2024-06-17
6438,Customer_2128,Dominos,Fast Food,Australia,9,1550.05,3.6,2024-05-30
6439,Customer_1092,KFC,Fast Food,India,10,3289.44,3.6,2025-10-26
6440,Customer_984,Subway,Burger,Australia,5,4427.82,1.7,2026-01-04
6441,Customer_249,KFC,Burger,Sri Lanka,5,3644.96,3.1,2024-10-14
6442,Customer_2878,Subway,Fast Food,Singapore,7,1397.13,4.6,2025-01-29
6443,Customer_2692,KFC,Sandwich,India,5,2476.38,2.9,2024-09-18
6444,Customer_1438,Dominos,Sandwich,India,8,4019.22,3.1,2024-04-24
6445,Customer_1666,Pizza Hut,Sandwich,India,2,3832.49,1.8,2024-12-15
6446,Customer_352,KFC,Sandwich,India,2,1812.94,3.8,2025-04-30
6447,Customer_309,Subway,Fast Food,Singapore,7,2369.26,4.1,2024-08-08
6448,Customer_1738,KFC,Burger,Singapore,10,3759.71,3.1,2024-05-03
6449,Customer_2634,Dominos,Sandwich,Singapore,3,4710.71,1.3,2025-08-14
6450,Customer_738,Burger King,Sandwich,India,3,1659.35,2.6,2024-05-21
6451,Customer_1736,Dominos,Fast Food,Singapore,2,2265.9,2.8,2025-07-19
6452,Customer_1097,Subway,Burger,Singapore,10,1134.24,2.8,2025-10-15
6453,Customer_2834,KFC,Pizza,Australia,3,3189.45,1.2,2025-01-14
6454,Customer_2541,KFC,Burger,Sri Lanka,4,3997.92,2.0,2024-01-27
6455,Customer_1104,KFC,Burger,Singapore,2,4838.32,2.4,2024-12-15
6456,Customer_2122,KFC,Pizza,Sri Lanka,9,1009.73,3.3,2024-11-18
6457,Customer_1822,Pizza Hut,Fast Food,Singapore,1,2456.53,2.9,2024-03-27
6458,Customer_2734,Subway,Pizza,Sri Lanka,4,937.36,4.4,2025-03-13
6459,Customer_1220,Burger King,Pizza,India,4,2301.11,2.2,2026-06-03
6460,Customer_1321,Pizza Hut,Pizza,Australia,4,1593.83,4.7,2024-12-23
6461,Customer_2968,KFC,Fast Food,Sri Lanka,2,1222.23,4.8,2026-02-04
6462,Customer_1653,Dominos,Burger,Sri Lanka,5,3106.96,3.7,2025-12-15
6463,Customer_2339,Dominos,Sandwich,Sri Lanka,4,928.82,4.2,2025-01-01
6464,Customer_1477,Dominos,Pizza,Australia,9,1382.8,1.2,2024-01-02
6465,Customer_887,Burger King,Burger,Australia,7,4120.74,4.5,2024-09-29
6466,Customer_1623,Dominos,Pizza,Singapore,9,2451.11,2.7,2026-03-15
6467,Customer_1231,Burger King,Burger,Sri Lanka,1,3477.64,4.7,2026-05-22
6468,Customer_542,Dominos,Sandwich,India,10,1128.28,1.1,2024-07-17
6469,Customer_2907,Pizza Hut,Burger,India,10,1825.37,3.5,2026-04-20
6470,Customer_575,Pizza Hut,Fast Food,India,5,2511.04,4.8,2026-06-03
6471,Customer_2584,Burger King,Fast Food,Singapore,10,3486.66,3.2,2025-10-19
6472,Customer_245,Subway,Pizza,Singapore,3,4436.84,1.4,2024-06-22
6473,Customer_883,Subway,Pizza,India,10,3905.17,4.9,2024-01-19
6474,Customer_168,Pizza Hut,Burger,Sri Lanka,6,3297.55,4.8,2026-05-04
6475,Customer_1745,Pizza Hut,Sandwich,Sri Lanka,7,2807.86,4.8,2025-05-16
6476,Customer_1272,Pizza Hut,Fast Food,Australia,5,4415.77,3.1,2024-02-09
6477,Customer_2871,KFC,Fast Food,Australia,4,4629.44,2.7,2024-03-22
6478,Customer_2022,Burger King,Pizza,India,2,3809.15,1.4,2025-01-01
6479,Customer_1090,Subway,Burger,India,10,869.01,3.7,2024-12-18
6480,Customer_442,Subway,Sandwich,Sri Lanka,10,4389.28,1.9,2025-09-01
6481,Customer_270,Dominos,Sandwich,Australia,10,1079.75,4.6,2024-10-26
6482,Customer_1510,Subway,Burger,India,7,612.76,3.3,2026-04-26
6483,Customer_306,Dominos,Fast Food,Sri Lanka,2,2031.47,4.9,2024-01-28
6484,Customer_888,Dominos,Fast Food,Singapore,5,1445.95,2.2,2025-11-08
6485,Customer_802,Burger King,Sandwich,India,3,764.7,4.4,2025-10-08
6486,Customer_137,Pizza Hut,Burger,India,6,1406.58,3.5,2025-02-27
6487,Customer_119,Burger King,Pizza,India,6,4843.54,4.0,2026-03-21
6488,Customer_2774,Subway,Fast Food,Australia,10,2729.55,2.1,2024-11-11
6489,Customer_2259,Burger King,Burger,Australia,2,3574.2,3.3,2024-10-09
6490,Customer_668,Burger King,Fast Food,Australia,8,3905.24,3.7,2024-08-03
6491,Customer_1185,Pizza Hut,Fast Food,India,6,1395.62,1.4,2026-03-11
6492,Customer_961,Subway,Fast Food,Singapore,7,2739.26,3.7,2024-01-02
6493,Customer_2778,Burger King,Pizza,Sri Lanka,9,4612.41,2.3,2025-10-01
6494,Customer_1552,Subway,Fast Food,Australia,4,3227.48,1.6,2025-05-31
6495,Customer_134,Subway,Pizza,Australia,9,4227.98,2.3,2024-01-15
6496,Customer_819,Subway,Fast Food,India,8,606.68,2.8,2025-06-10
6497,Customer_339,KFC,Fast Food,Australia,9,4055.5,2.6,2024-07-30
6498,Customer_2818,Burger King,Burger,India,1,2556.11,3.1,2025-10-19
6499,Customer_319,KFC,Burger,Sri Lanka,10,2070.84,3.6,2025-07-18
6500,Customer_59,Burger King,Fast Food,Sri Lanka,9,954.4,3.8,2024-10-07
6501,Customer_1583,Pizza Hut,Sandwich,Sri Lanka,1,667.42,2.1,2025-12-27
6502,Customer_1466,Burger King,Fast Food,India,4,3494.49,3.0,2026-04-19
6503,Customer_35,Subway,Burger,Australia,3,1932.47,4.5,2024-04-16
6504,Customer_2344,Dominos,Pizza,Australia,6,2441.14,2.1,2025-12-17
6505,Customer_637,Subway,Sandwich,Sri Lanka,2,4601.37,1.2,2024-04-13
6506,Customer_2709,KFC,Fast Food,Australia,3,3149.66,1.4,2024-07-14
6507,Customer_1767,Pizza Hut,Fast Food,Sri Lanka,5,2817.98,1.9,2026-04-05
6508,Customer_2882,Pizza Hut,Sandwich,Australia,3,4691.39,2.6,2024-09-13
6509,Customer_540,Pizza Hut,Sandwich,Singapore,10,1843.57,1.4,2024-03-19
6510,Customer_2610,Pizza Hut,Fast Food,Sri Lanka,2,1241.14,1.8,2025-12-20
6511,Customer_94,Pizza Hut,Sandwich,Singapore,10,4215.16,2.3,2025-12-13
6512,Customer_2563,Dominos,Sandwich,India,3,1496.29,3.9,2025-01-12
6513,Customer_788,Dominos,Burger,Sri Lanka,5,1583.8,2.1,2026-03-28
6514,Customer_718,Subway,Fast Food,Singapore,5,3481.07,3.6,2024-06-22
6515,Customer_819,Subway,Fast Food,Australia,10,2152.46,3.5,2024-11-17
6516,Customer_1108,KFC,Fast Food,Singapore,9,1541.45,1.6,2026-01-16
6517,Customer_2015,KFC,Fast Food,Sri Lanka,9,2707.08,2.9,2025-04-01
6518,Customer_207,Burger King,Fast Food,Australia,8,4573.28,3.3,2024-05-05
6519,Customer_345,Burger King,Burger,Australia,2,2983.14,3.4,2026-02-04
6520,Customer_1508,KFC,Sandwich,Australia,4,3321.14,1.6,2026-01-05
6521,Customer_1983,KFC,Pizza,Australia,3,1690.2,3.1,2024-04-08
6522,Customer_2745,KFC,Fast Food,India,1,4510.04,3.5,2025-10-20
6523,Customer_1880,KFC,Sandwich,Australia,2,3441.97,2.0,2025-10-20
6524,Customer_597,Pizza Hut,Burger,Australia,8,2820.62,1.4,2024-09-26
6525,Customer_438,Burger King,Burger,Singapore,3,3747.5,1.9,2024-09-07
6526,Customer_248,KFC,Burger,Sri Lanka,4,570.48,1.5,2024-08-11
6527,Customer_270,Burger King,Sandwich,Australia,5,1332.11,2.1,2024-08-03
6528,Customer_2631,Dominos,Fast Food,Australia,6,3487.06,3.5,2025-04-21
6529,Customer_546,Dominos,Sandwich,Sri Lanka,3,2423.4,4.0,2026-01-26
6530,Customer_1911,Dominos,Sandwich,Singapore,3,2081.92,3.7,2025-07-30
6531,Customer_2655,Burger King,Fast Food,Sri Lanka,4,2064.47,4.4,2025-03-22
6532,Customer_1780,Burger King,Sandwich,Singapore,3,3652.61,3.8,2025-12-08
6533,Customer_892,Subway,Sandwich,Sri Lanka,1,2493.02,4.6,2024-07-13
6534,Customer_1158,Dominos,Burger,Sri Lanka,6,3357.49,1.5,2025-09-22
6535,Customer_271,KFC,Sandwich,Sri Lanka,5,1140.75,4.8,2024-04-07
6536,Customer_2335,KFC,Pizza,India,4,3937.81,1.3,2025-01-13
6537,Customer_952,KFC,Fast Food,Singapore,2,2441.21,2.6,2024-11-07
6538,Customer_2546,Dominos,Burger,Australia,7,3119.97,1.2,2026-06-02
6539,Customer_459,Subway,Burger,Sri Lanka,2,1029.67,3.0,2024-04-27
6540,Customer_526,KFC,Fast Food,India,8,1028.45,3.6,2025-04-09
6541,Customer_1642,Pizza Hut,Pizza,Singapore,5,1086.02,2.6,2025-06-12
6542,Customer_2966,Burger King,Burger,Australia,7,3833.45,4.4,2024-07-01
6543,Customer_284,Burger King,Sandwich,Singapore,6,4389.42,3.1,2025-04-01
6544,Customer_1463,Dominos,Fast Food,Sri Lanka,8,2878.78,3.5,2024-01-24
6545,Customer_202,Pizza Hut,Pizza,Singapore,5,3982.4,3.4,2024-10-12
6546,Customer_1132,Burger King,Pizza,Singapore,10,4215.91,2.6,2024-06-23
6547,Customer_214,Burger King,Burger,Singapore,8,1025.27,3.2,2025-03-14
6548,Customer_1668,Pizza Hut,Pizza,Singapore,8,3400.77,2.2,2024-03-18
6549,Customer_1900,Burger King,Sandwich,Singapore,9,3833.85,2.5,2025-04-01
6550,Customer_1896,KFC,Pizza,Sri Lanka,9,4232.89,4.6,2024-05-08
6551,Customer_1302,Dominos,Sandwich,Australia,5,1044.09,1.9,2024-04-17
6552,Customer_1136,Burger King,Burger,Singapore,10,2555.47,4.2,2024-12-09
6553,Customer_1886,Subway,Fast Food,Singapore,8,3388.71,4.3,2026-01-11
6554,Customer_2622,Burger King,Burger,India,1,4959.56,1.3,2025-10-08
6555,Customer_426,Burger King,Fast Food,India,8,1274.4,2.4,2024-07-19
6556,Customer_445,KFC,Burger,Singapore,8,3607.94,2.0,2024-06-28
6557,Customer_1500,Burger King,Pizza,Australia,2,2741.3,2.2,2025-01-10
6558,Customer_1455,Dominos,Burger,India,7,1886.15,1.6,2025-06-28
6559,Customer_1105,KFC,Sandwich,Australia,3,2773.79,1.5,2026-06-19
6560,Customer_97,KFC,Pizza,Sri Lanka,5,827.8,2.7,2024-06-06
6561,Customer_1663,Pizza Hut,Sandwich,India,7,2032.05,3.9,2025-08-07
6562,Customer_2813,Pizza Hut,Burger,Singapore,7,711.95,2.6,2026-04-28
6563,Customer_1799,KFC,Burger,Sri Lanka,1,3081.1,5.0,2024-08-25
6564,Customer_2347,Burger King,Sandwich,India,3,766.44,3.9,2024-04-30
6565,Customer_2984,Burger King,Fast Food,Singapore,10,2247.2,3.5,2025-03-08
6566,Customer_2953,Burger King,Burger,Australia,6,1069.73,2.6,2025-11-20
6567,Customer_1083,Pizza Hut,Fast Food,Sri Lanka,1,4076.43,3.7,2025-08-17
6568,Customer_2203,Subway,Sandwich,Singapore,7,3860.32,2.2,2024-02-03
6569,Customer_1688,KFC,Pizza,India,2,4264.28,1.5,2026-03-19
6570,Customer_1910,Burger King,Fast Food,Singapore,8,3156.08,1.7,2026-04-30
6571,Customer_1671,Pizza Hut,Burger,Singapore,6,1554.6,4.8,2025-08-13
6572,Customer_868,Burger King,Pizza,India,1,2728.68,1.2,2025-11-26
6573,Customer_889,Pizza Hut,Fast Food,Singapore,8,1257.68,1.6,2024-10-20
6574,Customer_1040,Subway,Burger,India,7,2689.87,2.2,2025-04-22
6575,Customer_2981,Dominos,Fast Food,Sri Lanka,8,3981.89,4.9,2025-07-07
6576,Customer_2627,Dominos,Sandwich,India,9,3933.41,3.1,2025-12-08
6577,Customer_426,Pizza Hut,Pizza,Sri Lanka,6,1274.56,4.7,2024-04-30
6578,Customer_852,Subway,Pizza,Australia,3,1165.76,2.9,2024-06-03
6579,Customer_182,Burger King,Burger,Sri Lanka,7,3438.44,3.5,2024-12-09
6580,Customer_1142,Subway,Sandwich,Australia,7,655.9,4.4,2024-09-27
6581,Customer_694,Dominos,Fast Food,Singapore,6,1961.97,2.2,2025-12-31
6582,Customer_2399,KFC,Pizza,Singapore,1,1095.24,4.6,2025-04-23
6583,Customer_2746,Dominos,Fast Food,Singapore,10,4231.68,4.0,2024-10-31
6584,Customer_1940,Dominos,Fast Food,Sri Lanka,3,4843.2,4.4,2024-11-15
6585,Customer_2657,Burger King,Burger,Australia,2,3141.5,1.2,2025-11-08
6586,Customer_1087,KFC,Sandwich,Singapore,1,1251.31,3.6,2026-03-26
6587,Customer_135,Burger King,Fast Food,India,6,2360.99,4.3,2025-04-14
6588,Customer_974,Dominos,Pizza,Australia,7,3503.97,4.1,2024-06-21
6589,Customer_1628,Pizza Hut,Burger,Australia,2,882.62,3.4,2026-04-07
6590,Customer_1312,Dominos,Pizza,India,3,3529.79,2.9,2025-02-18
6591,Customer_473,Pizza Hut,Sandwich,Australia,2,1308.68,3.4,2024-03-13
6592,Customer_2792,Dominos,Pizza,Sri Lanka,7,3185.84,4.8,2024-06-24
6593,Customer_598,KFC,Pizza,Australia,4,2958.26,1.3,2026-02-20
6594,Customer_1354,Dominos,Sandwich,Sri Lanka,8,2323.46,3.7,2025-03-29
6595,Customer_655,Burger King,Burger,India,7,2448.0,3.0,2024-06-14
6596,Customer_886,KFC,Burger,Sri Lanka,9,1404.6,4.3,2025-07-27
6597,Customer_1933,Subway,Pizza,Singapore,2,2082.57,3.5,2024-07-18
6598,Customer_1594,Dominos,Sandwich,Singapore,9,606.18,4.8,2024-07-05
6599,Customer_2412,Burger King,Sandwich,Australia,4,728.83,1.2,2025-05-07
6600,Customer_587,Dominos,Burger,Sri Lanka,10,1407.71,2.6,2026-04-11
6601,Customer_65,Burger King,Sandwich,Sri Lanka,10,1199.25,1.1,2026-04-13
6602,Customer_1854,Pizza Hut,Burger,India,2,1471.64,2.9,2024-08-15
6603,Customer_724,Dominos,Pizza,India,3,3583.57,5.0,2025-04-05
6604,Customer_2062,Subway,Burger,Australia,5,1210.11,4.3,2025-12-21
6605,Customer_516,Subway,Pizza,India,7,3789.33,4.5,2026-01-29
6606,Customer_878,KFC,Burger,Sri Lanka,8,1282.38,4.7,2025-06-07
6607,Customer_2528,Burger King,Fast Food,Singapore,2,3491.57,1.1,2024-03-28
6608,Customer_2074,Pizza Hut,Fast Food,Australia,1,3312.37,1.9,2026-03-29
6609,Customer_725,Dominos,Pizza,Australia,5,1981.89,1.5,2026-01-10
6610,Customer_1473,Subway,Burger,India,7,2698.37,4.2,2025-05-10
6611,Customer_2883,Dominos,Pizza,India,3,958.59,2.3,2025-12-07
6612,Customer_976,KFC,Burger,Sri Lanka,2,2265.58,4.5,2024-12-22
6613,Customer_762,Subway,Sandwich,Australia,6,934.71,3.8,2024-07-11
6614,Customer_1386,Pizza Hut,Sandwich,Sri Lanka,9,2295.41,4.1,2025-02-08
6615,Customer_2429,Burger King,Fast Food,India,4,3114.78,2.7,2024-10-30
6616,Customer_20,Burger King,Sandwich,Australia,3,3386.34,2.6,2026-01-08
6617,Customer_1249,Dominos,Fast Food,Sri Lanka,9,885.73,4.7,2026-01-31
6618,Customer_2697,Pizza Hut,Sandwich,India,4,3815.68,1.5,2024-05-17
6619,Customer_358,Subway,Burger,Singapore,6,4668.92,4.4,2025-12-27
6620,Customer_1683,KFC,Sandwich,Australia,2,4864.73,2.8,2026-03-04
6621,Customer_1723,Burger King,Burger,Sri Lanka,10,2205.92,4.3,2026-01-25
6622,Customer_1814,Dominos,Fast Food,India,3,1387.9,2.1,2025-08-22
6623,Customer_2344,Subway,Burger,Sri Lanka,5,1555.23,3.7,2024-11-09
6624,Customer_1102,KFC,Burger,India,5,3231.94,4.4,2026-01-25
6625,Customer_1761,KFC,Fast Food,Singapore,8,2612.19,2.1,2024-06-08
6626,Customer_606,KFC,Pizza,Sri Lanka,3,3558.77,1.5,2024-10-06
6627,Customer_442,Subway,Sandwich,India,9,916.9,3.9,2025-10-23
6628,Customer_2796,Subway,Fast Food,India,5,2496.91,1.4,2026-04-01
6629,Customer_414,Pizza Hut,Pizza,Australia,9,1563.85,3.2,2024-11-30
6630,Customer_2074,KFC,Pizza,India,8,955.05,2.2,2024-01-16
6631,Customer_1322,Pizza Hut,Pizza,Australia,7,3793.39,4.9,2024-07-31
6632,Customer_1208,KFC,Fast Food,Singapore,2,3224.51,4.9,2025-12-26
6633,Customer_1560,KFC,Pizza,Australia,5,2508.08,1.3,2024-03-07
6634,Customer_1067,KFC,Pizza,India,6,1862.12,2.9,2025-01-02
6635,Customer_2231,Subway,Pizza,India,1,2291.27,3.2,2025-02-24
6636,Customer_2642,Subway,Burger,Australia,9,3594.87,1.7,2025-08-06
6637,Customer_1244,Burger King,Sandwich,Sri Lanka,9,2379.29,4.8,2025-06-08
6638,Customer_2311,Subway,Fast Food,Singapore,3,2161.16,2.2,2024-04-12
6639,Customer_801,Pizza Hut,Burger,Australia,4,3783.43,2.4,2025-09-11
6640,Customer_889,Subway,Sandwich,Sri Lanka,4,2364.23,3.8,2024-07-24
6641,Customer_1582,Pizza Hut,Sandwich,Sri Lanka,7,4217.15,2.3,2026-05-19
6642,Customer_928,Dominos,Fast Food,Singapore,4,2221.49,1.3,2024-09-03
6643,Customer_2871,Burger King,Sandwich,Sri Lanka,7,3224.64,4.7,2025-05-25
6644,Customer_981,Pizza Hut,Pizza,Sri Lanka,8,4052.46,4.3,2025-01-18
6645,Customer_1240,Pizza Hut,Sandwich,Singapore,3,4942.74,2.7,2025-09-01
6646,Customer_216,Burger King,Fast Food,Singapore,3,3257.86,1.3,2024-05-24
6647,Customer_434,Dominos,Sandwich,Singapore,6,3845.25,4.7,2026-02-13
6648,Customer_2828,Burger King,Sandwich,Australia,1,4498.93,4.5,2025-01-29
6649,Customer_590,Burger King,Burger,India,2,2538.73,2.3,2025-09-14
6650,Customer_5,Burger King,Sandwich,Sri Lanka,7,1004.88,3.8,2026-03-29
6651,Customer_1114,Pizza Hut,Pizza,Singapore,3,4304.29,2.9,2025-07-08
6652,Customer_1416,Dominos,Sandwich,Sri Lanka,10,1824.23,2.0,2024-10-15
6653,Customer_2704,Pizza Hut,Burger,Singapore,4,2339.08,3.9,2024-12-30
6654,Customer_2087,Burger King,Burger,India,9,3900.81,1.7,2024-08-11
6655,Customer_861,KFC,Sandwich,Singapore,9,1472.84,4.3,2024-04-28
6656,Customer_831,Burger King,Burger,Sri Lanka,10,2584.59,4.1,2024-11-12
6657,Customer_1013,Subway,Burger,Singapore,10,1166.13,2.3,2025-02-23
6658,Customer_2858,Burger King,Pizza,Singapore,7,1382.67,2.6,2025-10-24
6659,Customer_2038,Pizza Hut,Fast Food,Singapore,2,4842.82,2.7,2025-05-29
6660,Customer_870,Burger King,Burger,Australia,4,3224.73,4.7,2026-05-31
6661,Customer_196,Dominos,Burger,India,10,1686.51,2.7,2026-04-06
6662,Customer_251,Subway,Sandwich,India,9,2000.86,3.8,2026-03-11
6663,Customer_498,Dominos,Pizza,Australia,4,883.18,4.6,2024-10-10
6664,Customer_487,Burger King,Pizza,Sri Lanka,6,1635.95,3.9,2025-12-22
6665,Customer_136,Subway,Sandwich,Singapore,7,1161.64,4.6,2026-06-14
6666,Customer_1478,Dominos,Burger,Sri Lanka,5,601.66,4.1,2025-07-17
6667,Customer_2744,Dominos,Sandwich,Sri Lanka,4,2156.81,4.7,2024-06-11
6668,Customer_1558,KFC,Fast Food,Singapore,8,3066.52,3.4,2025-03-17
6669,Customer_316,Pizza Hut,Fast Food,Singapore,6,3949.49,4.9,2024-11-24
6670,Customer_2546,Burger King,Fast Food,Singapore,3,4219.54,4.9,2024-04-10
6671,Customer_1672,Pizza Hut,Burger,Sri Lanka,5,1032.55,4.0,2024-10-14
6672,Customer_205,Subway,Pizza,India,3,736.92,1.6,2025-05-26
6673,Customer_361,KFC,Fast Food,Sri Lanka,3,3133.14,2.4,2024-11-21
6674,Customer_384,Burger King,Sandwich,Australia,8,1294.18,3.3,2024-03-06
6675,Customer_1424,Burger King,Burger,India,4,2667.13,1.8,2025-12-26
6676,Customer_115,Burger King,Sandwich,Australia,8,3660.11,2.2,2025-09-24
6677,Customer_2229,Burger King,Burger,India,7,1543.51,1.8,2025-01-20
6678,Customer_2600,Subway,Burger,Singapore,6,797.94,4.7,2024-09-08
6679,Customer_2921,Burger King,Pizza,Sri Lanka,9,1120.45,1.4,2024-07-31
6680,Customer_482,Dominos,Fast Food,Singapore,5,3476.66,4.0,2024-02-12
6681,Customer_2383,Pizza Hut,Pizza,Australia,10,1593.89,5.0,2026-04-03
6682,Customer_1988,Dominos,Pizza,India,5,3732.32,3.6,2024-05-01
6683,Customer_2903,Pizza Hut,Sandwich,Sri Lanka,9,3738.7,1.6,2026-02-07
6684,Customer_2563,Subway,Pizza,Sri Lanka,7,3517.42,4.5,2024-04-12
6685,Customer_772,Subway,Pizza,India,2,2876.38,2.5,2025-11-12
6686,Customer_2728,Subway,Fast Food,Sri Lanka,1,2948.12,4.8,2025-10-12
6687,Customer_632,KFC,Pizza,Singapore,10,3559.66,4.6,2024-03-03
6688,Customer_2768,KFC,Burger,Singapore,10,4472.39,2.0,2026-02-27
6689,Customer_1733,Burger King,Burger,Sri Lanka,2,3225.76,3.7,2025-01-01
6690,Customer_1196,Dominos,Pizza,Singapore,4,3163.25,3.3,2024-12-23
6691,Customer_666,Burger King,Fast Food,India,4,2759.9,2.0,2025-02-05
6692,Customer_590,Pizza Hut,Pizza,Sri Lanka,8,3351.54,3.5,2025-09-29
6693,Customer_1314,Pizza Hut,Fast Food,Sri Lanka,4,3299.45,2.5,2024-09-24
6694,Customer_568,Subway,Sandwich,India,10,2029.96,3.3,2025-05-05
6695,Customer_368,Pizza Hut,Sandwich,Singapore,4,1490.8,4.7,2025-10-16
6696,Customer_1822,Dominos,Burger,India,5,2931.08,1.2,2024-07-07
6697,Customer_2836,Burger King,Sandwich,Singapore,9,3270.81,3.8,2024-07-01
6698,Customer_2283,Burger King,Burger,Australia,3,622.48,1.0,2024-08-29
6699,Customer_2599,Burger King,Burger,Australia,5,2977.56,2.2,2024-04-24
6700,Customer_579,Pizza Hut,Sandwich,Australia,1,2148.97,4.2,2025-08-31
6701,Customer_2832,Subway,Sandwich,Sri Lanka,4,3553.35,1.7,2026-04-23
6702,Customer_2670,Dominos,Sandwich,Australia,10,3255.33,1.5,2026-01-09
6703,Customer_1029,Subway,Pizza,Sri Lanka,1,4825.23,1.8,2026-03-07
6704,Customer_2831,Burger King,Fast Food,Sri Lanka,4,3379.57,1.5,2024-01-07
6705,Customer_277,Pizza Hut,Pizza,Singapore,3,3179.48,4.3,2026-02-19
6706,Customer_1339,Burger King,Fast Food,India,7,1465.72,1.2,2025-04-03
6707,Customer_2023,Subway,Sandwich,India,4,3658.76,4.2,2024-02-27
6708,Customer_1430,Pizza Hut,Sandwich,Singapore,7,2466.07,3.1,2024-06-11
6709,Customer_714,Pizza Hut,Pizza,Singapore,5,2380.52,1.4,2025-09-17
6710,Customer_877,Burger King,Burger,Australia,9,1296.88,3.5,2024-07-31
6711,Customer_1630,Burger King,Sandwich,India,2,3110.24,1.7,2025-01-11
6712,Customer_1336,Subway,Fast Food,Australia,5,837.88,2.2,2026-01-12
6713,Customer_853,Dominos,Sandwich,India,8,3923.8,4.6,2025-01-08
6714,Customer_719,Burger King,Sandwich,Australia,9,2092.52,2.7,2026-04-22
6715,Customer_2039,Dominos,Sandwich,Australia,6,3546.43,2.9,2024-11-15
6716,Customer_1318,Pizza Hut,Sandwich,Australia,1,2283.4,3.4,2024-01-05
6717,Customer_2381,Dominos,Burger,Australia,2,947.46,3.3,2026-03-03
6718,Customer_1283,Subway,Pizza,Australia,7,2763.86,1.0,2024-01-06
6719,Customer_679,Dominos,Burger,Singapore,10,2747.84,2.4,2026-06-12
6720,Customer_2988,Subway,Fast Food,Australia,7,2332.54,1.0,2026-05-18
6721,Customer_1597,KFC,Pizza,Australia,1,3722.12,1.4,2025-10-05
6722,Customer_1904,Burger King,Fast Food,India,1,3377.29,1.6,2024-05-25
6723,Customer_716,Pizza Hut,Pizza,India,9,556.28,3.3,2024-12-08
6724,Customer_2955,Burger King,Burger,Singapore,3,4541.13,2.5,2025-11-19
6725,Customer_2945,Pizza Hut,Burger,Singapore,5,3155.5,2.9,2024-11-27
6726,Customer_1291,Pizza Hut,Pizza,Australia,5,2163.66,4.2,2024-04-03
6727,Customer_985,Subway,Burger,India,4,1991.73,4.5,2025-09-04
6728,Customer_2337,Subway,Fast Food,Singapore,10,2063.52,4.8,2024-10-27
6729,Customer_2643,Subway,Burger,India,3,2975.56,2.9,2026-02-19
6730,Customer_1318,Pizza Hut,Pizza,Sri Lanka,10,3618.52,1.3,2025-11-26
6731,Customer_2034,Burger King,Sandwich,India,2,1051.25,2.1,2024-04-01
6732,Customer_1734,KFC,Pizza,Singapore,1,3040.39,3.4,2025-09-13
6733,Customer_221,Burger King,Fast Food,Australia,6,3223.24,2.6,2024-04-08
6734,Customer_418,Subway,Sandwich,Australia,1,625.99,3.8,2026-05-19
6735,Customer_2011,Burger King,Pizza,Australia,5,2109.25,3.9,2025-09-23
6736,Customer_365,Pizza Hut,Burger,India,1,3541.58,4.6,2024-06-21
6737,Customer_368,Subway,Pizza,Singapore,6,1721.45,1.1,2026-04-13
6738,Customer_2242,Dominos,Pizza,Australia,6,656.73,2.5,2025-04-21
6739,Customer_1371,Pizza Hut,Fast Food,India,8,2163.52,2.8,2024-05-02
6740,Customer_10,Dominos,Sandwich,Sri Lanka,7,917.04,3.7,2025-04-22
6741,Customer_1129,Pizza Hut,Pizza,Australia,2,1273.26,3.2,2025-08-24
6742,Customer_2280,KFC,Sandwich,Australia,6,3145.85,2.5,2026-03-18
6743,Customer_1985,Dominos,Fast Food,Singapore,10,3287.22,1.5,2024-06-12
6744,Customer_1704,Subway,Fast Food,Australia,7,3035.09,3.7,2024-05-19
6745,Customer_2450,Pizza Hut,Sandwich,Sri Lanka,9,3402.51,3.0,2024-09-14
6746,Customer_80,Pizza Hut,Pizza,India,6,4164.15,3.6,2024-05-07
6747,Customer_2556,Burger King,Burger,Singapore,10,993.55,4.8,2024-01-28
6748,Customer_842,Burger King,Burger,India,9,2057.4,3.5,2025-04-25
6749,Customer_821,KFC,Sandwich,Australia,10,4399.64,3.8,2025-03-09
6750,Customer_2426,Pizza Hut,Pizza,Singapore,9,2741.06,1.0,2024-10-02
6751,Customer_2113,Pizza Hut,Fast Food,Sri Lanka,4,1551.42,2.9,2025-07-28
6752,Customer_2739,KFC,Pizza,India,2,1696.77,1.7,2024-11-29
6753,Customer_2579,Dominos,Fast Food,Singapore,2,1150.48,3.0,2024-03-24
6754,Customer_2465,Dominos,Pizza,India,9,2683.91,4.3,2026-03-01
6755,Customer_168,Subway,Fast Food,India,3,1277.05,1.2,2025-10-23
6756,Customer_581,KFC,Fast Food,Australia,5,2835.77,3.6,2025-06-03
6757,Customer_980,Burger King,Fast Food,Singapore,9,3993.39,4.1,2026-01-03
6758,Customer_1702,Burger King,Burger,Singapore,2,4114.06,1.1,2024-04-10
6759,Customer_579,Burger King,Fast Food,Sri Lanka,3,2800.45,1.7,2024-10-24
6760,Customer_400,Dominos,Fast Food,Sri Lanka,9,4103.23,3.6,2024-10-08
6761,Customer_2568,Pizza Hut,Pizza,Singapore,8,3541.84,1.8,2024-08-16
6762,Customer_919,Pizza Hut,Burger,Singapore,10,1267.55,3.8,2024-02-05
6763,Customer_373,Dominos,Pizza,India,4,4647.8,3.1,2025-10-16
6764,Customer_1674,Subway,Pizza,India,1,867.64,4.5,2024-08-26
6765,Customer_639,Subway,Sandwich,Singapore,9,2156.08,2.2,2026-05-27
6766,Customer_334,Pizza Hut,Sandwich,Singapore,1,3352.43,2.7,2024-06-28
6767,Customer_2106,KFC,Fast Food,India,5,544.36,4.4,2024-02-14
6768,Customer_1547,Dominos,Burger,Australia,4,2249.93,4.3,2025-11-03
6769,Customer_477,KFC,Burger,Sri Lanka,2,971.93,2.1,2024-05-10
6770,Customer_1545,Subway,Burger,Sri Lanka,10,1096.63,3.3,2025-09-12
6771,Customer_2158,Burger King,Burger,Australia,5,3508.71,3.9,2026-05-12
6772,Customer_2433,Dominos,Pizza,Australia,5,2597.88,1.6,2024-10-11
6773,Customer_226,Burger King,Sandwich,Australia,5,4962.34,3.7,2026-02-20
6774,Customer_1478,Dominos,Pizza,Australia,10,508.53,2.1,2025-04-03
6775,Customer_1334,Pizza Hut,Burger,Australia,5,1873.23,3.8,2025-01-28
6776,Customer_1987,Burger King,Fast Food,Australia,6,1220.23,1.5,2025-01-06
6777,Customer_2093,Subway,Sandwich,Australia,7,1931.01,1.1,2025-06-07
6778,Customer_2501,KFC,Fast Food,Australia,4,4915.41,2.9,2025-07-27
6779,Customer_1204,KFC,Fast Food,India,10,940.63,4.1,2025-07-25
6780,Customer_2496,Subway,Sandwich,Australia,5,2871.2,3.5,2025-12-20
6781,Customer_1987,Dominos,Pizza,Singapore,2,4993.87,2.0,2025-05-14
6782,Customer_669,Burger King,Fast Food,India,6,4868.1,5.0,2024-06-04
6783,Customer_2936,KFC,Pizza,Australia,2,1337.17,2.9,2024-01-02
6784,Customer_941,Dominos,Pizza,Sri Lanka,8,1838.85,1.3,2024-07-03
6785,Customer_1416,KFC,Sandwich,Sri Lanka,1,4351.54,1.9,2025-05-09
6786,Customer_2441,Subway,Sandwich,Singapore,4,1517.51,2.5,2024-08-28
6787,Customer_3,Subway,Burger,India,8,2145.68,3.7,2024-04-09
6788,Customer_735,Dominos,Pizza,India,2,2873.52,2.1,2025-07-13
6789,Customer_1514,Pizza Hut,Fast Food,Australia,9,3037.65,3.8,2026-02-28
6790,Customer_2909,Pizza Hut,Fast Food,Sri Lanka,10,3291.6,1.7,2025-06-12
6791,Customer_2036,Subway,Pizza,Australia,3,4010.13,1.0,2024-05-02
6792,Customer_778,KFC,Burger,Australia,4,4148.4,1.8,2024-09-18
6793,Customer_2310,Dominos,Fast Food,Singapore,3,3314.5,2.1,2024-10-17
6794,Customer_2315,KFC,Pizza,Australia,3,1746.64,1.8,2026-04-28
6795,Customer_131,Pizza Hut,Fast Food,Singapore,4,1002.16,1.8,2025-10-03
6796,Customer_1202,KFC,Fast Food,Singapore,3,1876.02,2.9,2024-05-16
6797,Customer_2347,Pizza Hut,Sandwich,Sri Lanka,3,876.02,4.6,2024-09-01
6798,Customer_2031,Subway,Sandwich,Sri Lanka,1,1159.2,4.4,2025-01-09
6799,Customer_2061,KFC,Sandwich,India,5,1808.96,3.5,2025-08-05
6800,Customer_153,Dominos,Sandwich,Sri Lanka,6,1145.05,4.6,2024-06-29
6801,Customer_350,Pizza Hut,Sandwich,Singapore,9,3093.18,1.4,2024-08-03
6802,Customer_1468,Pizza Hut,Fast Food,Sri Lanka,1,2175.96,2.2,2025-02-19
6803,Customer_590,Dominos,Sandwich,Singapore,1,1027.1,4.5,2024-01-22
6804,Customer_399,Dominos,Pizza,Australia,8,2155.51,1.1,2024-08-15
6805,Customer_80,KFC,Sandwich,Singapore,9,2069.66,4.4,2024-02-04
6806,Customer_2399,Dominos,Pizza,Australia,8,4871.9,4.3,2024-09-01
6807,Customer_2840,Subway,Burger,Australia,9,835.39,2.6,2024-04-03
6808,Customer_195,KFC,Fast Food,India,10,4122.2,3.1,2026-05-31
6809,Customer_1668,KFC,Sandwich,India,6,4214.2,1.4,2024-07-15
6810,Customer_2719,Subway,Fast Food,India,2,737.23,2.5,2025-09-02
6811,Customer_1805,Pizza Hut,Burger,Sri Lanka,7,4020.48,3.7,2024-08-26
6812,Customer_2961,KFC,Burger,India,3,3090.91,2.3,2025-07-24
6813,Customer_1612,Burger King,Burger,Singapore,7,1501.43,1.3,2026-05-19
6814,Customer_378,Burger King,Burger,Australia,10,4784.76,1.2,2025-09-08
6815,Customer_1386,KFC,Burger,Australia,3,4248.55,1.8,2025-01-29
6816,Customer_1048,Dominos,Sandwich,Singapore,7,3854.1,1.5,2024-06-12
6817,Customer_2859,Dominos,Sandwich,Sri Lanka,8,1868.59,2.8,2025-02-23
6818,Customer_1137,Burger King,Burger,India,3,1824.1,4.0,2024-01-13
6819,Customer_178,Burger King,Sandwich,Australia,3,2147.99,3.4,2025-12-09
6820,Customer_216,Dominos,Burger,India,8,873.98,4.4,2025-06-29
6821,Customer_1631,Pizza Hut,Pizza,Australia,9,3300.65,4.7,2025-11-01
6822,Customer_284,Pizza Hut,Sandwich,Sri Lanka,2,2065.9,4.4,2024-08-15
6823,Customer_2319,Subway,Burger,India,2,931.4,4.0,2024-08-28
6824,Customer_2793,Burger King,Burger,India,5,521.74,2.4,2026-01-18
6825,Customer_1070,KFC,Sandwich,Sri Lanka,9,2371.52,3.2,2025-11-23
6826,Customer_2097,KFC,Burger,Australia,6,4937.16,3.6,2025-06-27
6827,Customer_1750,Burger King,Burger,Australia,9,2517.5,4.1,2024-08-17
6828,Customer_2353,Subway,Sandwich,Australia,3,2072.48,2.2,2025-04-04
6829,Customer_2589,Subway,Fast Food,Australia,4,2230.67,1.7,2024-06-14
6830,Customer_1338,Dominos,Burger,Singapore,9,1975.11,4.2,2025-05-03
6831,Customer_2141,Dominos,Sandwich,India,6,1546.56,4.0,2025-04-08
6832,Customer_1367,Subway,Fast Food,Singapore,8,2850.97,4.1,2024-04-19
6833,Customer_1072,Burger King,Fast Food,Sri Lanka,10,4563.47,3.7,2025-09-01
6834,Customer_651,Burger King,Sandwich,Singapore,2,3405.68,3.6,2026-05-26
6835,Customer_2431,KFC,Sandwich,Australia,3,1473.63,4.6,2025-09-23
6836,Customer_35,KFC,Burger,Singapore,4,1931.76,4.2,2024-01-21
6837,Customer_1991,Burger King,Sandwich,Sri Lanka,6,1417.59,1.7,2025-07-26
6838,Customer_2943,KFC,Sandwich,Sri Lanka,4,3578.02,1.1,2025-07-30
6839,Customer_1277,Dominos,Burger,Sri Lanka,10,4810.07,1.6,2024-10-22
6840,Customer_2690,Burger King,Fast Food,Sri Lanka,4,2423.16,2.3,2025-07-31
6841,Customer_1588,Subway,Pizza,India,9,4516.07,2.1,2024-01-15
6842,Customer_375,Dominos,Fast Food,India,1,3876.89,4.8,2024-03-13
6843,Customer_115,Subway,Sandwich,Sri Lanka,9,1690.15,4.3,2025-05-11
6844,Customer_234,Subway,Sandwich,Singapore,4,2641.1,4.9,2025-08-28
6845,Customer_1705,Subway,Pizza,Singapore,6,3243.28,3.0,2024-04-18
6846,Customer_194,Pizza Hut,Fast Food,Sri Lanka,7,3367.7,4.6,2025-02-27
6847,Customer_1813,Dominos,Burger,Sri Lanka,1,3174.82,2.8,2026-04-14
6848,Customer_2104,KFC,Pizza,Australia,7,2215.75,4.5,2024-03-05
6849,Customer_36,Dominos,Fast Food,Sri Lanka,9,4596.84,4.1,2025-07-11
6850,Customer_1859,Pizza Hut,Fast Food,Singapore,1,4232.06,1.4,2026-04-10
6851,Customer_576,KFC,Fast Food,India,7,3018.21,1.9,2024-06-02
6852,Customer_172,Burger King,Fast Food,Sri Lanka,2,4652.17,4.3,2025-09-20
6853,Customer_2237,Pizza Hut,Sandwich,India,5,3768.26,1.4,2026-02-18
6854,Customer_1565,Dominos,Sandwich,Singapore,2,678.5,4.9,2026-03-12
6855,Customer_2515,Burger King,Fast Food,Sri Lanka,7,1532.17,1.7,2024-10-15
6856,Customer_622,Burger King,Fast Food,Singapore,5,3978.54,4.6,2024-06-02
6857,Customer_1350,Subway,Sandwich,Sri Lanka,7,2507.3,1.4,2025-08-27
6858,Customer_1986,Pizza Hut,Pizza,Australia,5,4342.09,4.1,2026-06-14
6859,Customer_1600,Burger King,Burger,Sri Lanka,3,3677.49,4.7,2025-09-01
6860,Customer_2933,Pizza Hut,Pizza,Australia,5,3364.31,1.2,2024-06-09
6861,Customer_1912,Burger King,Burger,Sri Lanka,3,1824.8,4.9,2025-12-13
6862,Customer_567,Dominos,Pizza,India,6,1307.47,1.5,2025-10-28
6863,Customer_2578,Burger King,Burger,Singapore,8,4743.61,4.4,2025-04-19
6864,Customer_630,Pizza Hut,Pizza,Sri Lanka,7,905.44,1.8,2024-07-17
6865,Customer_2612,KFC,Fast Food,India,2,4001.66,2.7,2026-04-01
6866,Customer_2999,Dominos,Burger,Australia,9,4479.87,1.7,2025-03-11
6867,Customer_2004,Subway,Fast Food,Singapore,4,3267.24,1.2,2026-02-02
6868,Customer_1226,Subway,Sandwich,India,1,3640.86,4.7,2026-05-04
6869,Customer_1604,Dominos,Sandwich,India,10,2202.54,3.5,2025-03-03
6870,Customer_2905,Subway,Sandwich,Australia,10,3191.98,4.6,2026-03-22
6871,Customer_171,Burger King,Sandwich,Sri Lanka,7,1840.12,5.0,2025-10-14
6872,Customer_1053,Burger King,Burger,Australia,7,2048.78,2.8,2024-12-01
6873,Customer_1005,Dominos,Fast Food,Australia,4,1646.0,2.9,2024-04-30
6874,Customer_2384,KFC,Pizza,Singapore,4,1157.1,4.1,2026-02-03
6875,Customer_1919,Dominos,Sandwich,Australia,5,3902.83,3.1,2024-06-26
6876,Customer_525,Dominos,Burger,Australia,7,3598.67,2.4,2024-10-23
6877,Customer_2653,Pizza Hut,Pizza,Sri Lanka,1,1198.96,1.4,2024-10-08
6878,Customer_958,Dominos,Sandwich,Australia,10,1822.48,4.6,2024-11-03
6879,Customer_2270,Subway,Pizza,India,3,4910.99,2.2,2024-07-25
6880,Customer_2963,KFC,Pizza,Australia,7,2377.56,4.2,2024-12-06
6881,Customer_2146,Subway,Sandwich,Australia,8,3518.8,2.2,2024-05-15
6882,Customer_610,Pizza Hut,Pizza,Sri Lanka,2,1408.26,4.2,2025-10-11
6883,Customer_2617,Dominos,Fast Food,Sri Lanka,6,3523.96,2.9,2025-04-22
6884,Customer_407,Burger King,Fast Food,Sri Lanka,2,2102.61,4.1,2024-01-09
6885,Customer_2608,Dominos,Pizza,India,2,2091.46,3.4,2024-04-20
6886,Customer_2248,Pizza Hut,Fast Food,Australia,9,2581.91,3.9,2024-06-13
6887,Customer_1384,Pizza Hut,Fast Food,Singapore,4,4542.62,2.8,2025-02-18
6888,Customer_1493,Pizza Hut,Burger,Singapore,10,3889.42,4.0,2025-10-14
6889,Customer_1519,Pizza Hut,Fast Food,Sri Lanka,1,636.92,3.3,2024-05-03
6890,Customer_1208,KFC,Fast Food,Sri Lanka,3,2567.44,1.9,2024-09-28
6891,Customer_58,Dominos,Burger,Singapore,10,1800.95,2.8,2026-02-07
6892,Customer_2575,KFC,Fast Food,India,7,4385.78,4.7,2025-02-26
6893,Customer_1613,Dominos,Sandwich,India,2,894.73,2.0,2026-06-11
6894,Customer_252,Dominos,Burger,India,10,2763.22,4.4,2026-02-03
6895,Customer_1949,Pizza Hut,Burger,Sri Lanka,5,4327.39,4.9,2026-05-31
6896,Customer_2955,Burger King,Pizza,India,1,4073.53,3.7,2025-03-18
6897,Customer_1054,Dominos,Fast Food,Australia,4,2777.95,1.8,2026-03-31
6898,Customer_2074,Pizza Hut,Sandwich,Singapore,5,3689.05,1.5,2026-01-15
6899,Customer_2975,Subway,Burger,Australia,1,2100.94,2.1,2025-07-07
6900,Customer_1064,KFC,Burger,Singapore,6,1101.12,3.0,2025-04-30
6901,Customer_1984,KFC,Burger,Australia,10,2562.12,3.3,2025-08-26
6902,Customer_2225,KFC,Pizza,Australia,6,2051.71,2.2,2025-08-26
6903,Customer_2668,Burger King,Pizza,Sri Lanka,1,542.41,2.2,2026-01-15
6904,Customer_2504,Dominos,Fast Food,Sri Lanka,8,2504.85,2.3,2025-08-28
6905,Customer_1523,KFC,Fast Food,Australia,8,3665.59,3.2,2024-10-13
6906,Customer_525,Dominos,Pizza,India,4,3049.33,4.2,2025-01-28
6907,Customer_35,Pizza Hut,Pizza,Australia,6,4740.47,3.4,2026-01-18
6908,Customer_2699,KFC,Burger,Singapore,4,2544.94,4.3,2026-05-31
6909,Customer_894,Pizza Hut,Pizza,Australia,3,1901.55,3.1,2025-11-15
6910,Customer_2005,Pizza Hut,Fast Food,India,2,3821.4,1.5,2026-05-10
6911,Customer_1438,Pizza Hut,Sandwich,India,4,2141.78,1.8,2025-03-31
6912,Customer_1205,Subway,Pizza,Sri Lanka,6,889.45,2.7,2024-05-25
6913,Customer_1276,KFC,Sandwich,Singapore,2,2559.24,1.3,2024-11-12
6914,Customer_2803,Subway,Pizza,Australia,9,3563.85,1.3,2024-11-27
6915,Customer_1433,Burger King,Pizza,Australia,7,1215.72,4.6,2024-02-27
6916,Customer_2503,Dominos,Burger,India,4,4350.35,2.7,2024-08-06
6917,Customer_632,Pizza Hut,Pizza,Singapore,9,3475.46,3.8,2026-02-24
6918,Customer_1202,KFC,Sandwich,Singapore,6,963.05,1.9,2025-07-25
6919,Customer_1802,KFC,Fast Food,Singapore,6,662.58,2.5,2025-11-04
6920,Customer_2429,Pizza Hut,Pizza,Australia,7,2830.94,3.3,2025-09-22
6921,Customer_1194,Pizza Hut,Sandwich,Australia,10,1564.58,1.4,2024-10-08
6922,Customer_357,Burger King,Sandwich,Australia,5,4839.4,1.7,2024-03-26
6923,Customer_513,Pizza Hut,Fast Food,Singapore,1,3720.95,4.0,2026-02-05
6924,Customer_1024,KFC,Pizza,Australia,2,2974.39,4.5,2025-02-22
6925,Customer_2436,Pizza Hut,Sandwich,Australia,7,919.73,3.8,2024-05-28
6926,Customer_1804,KFC,Sandwich,Sri Lanka,5,2800.26,3.7,2024-03-04
6927,Customer_1262,KFC,Fast Food,Sri Lanka,8,3405.79,4.1,2024-10-04
6928,Customer_2767,Dominos,Sandwich,Singapore,5,1044.98,4.6,2026-04-14
6929,Customer_1419,Pizza Hut,Pizza,Sri Lanka,7,1600.18,4.0,2025-03-06
6930,Customer_909,KFC,Sandwich,India,1,1996.33,3.9,2025-01-10
6931,Customer_2817,Subway,Sandwich,Singapore,1,2539.46,1.2,2025-04-19
6932,Customer_1379,Pizza Hut,Sandwich,Singapore,7,2420.41,4.7,2026-04-27
6933,Customer_2625,Burger King,Fast Food,Australia,3,2419.42,4.8,2025-08-12
6934,Customer_2101,Subway,Sandwich,Australia,6,4367.81,3.9,2025-03-06
6935,Customer_1579,Burger King,Sandwich,Australia,2,3418.29,2.0,2024-05-19
6936,Customer_2755,Burger King,Fast Food,Australia,4,3059.62,3.1,2024-07-03
6937,Customer_862,Burger King,Sandwich,Sri Lanka,1,524.06,1.3,2025-06-11
6938,Customer_2812,KFC,Fast Food,Singapore,2,2243.65,1.9,2025-11-06
6939,Customer_499,Subway,Pizza,India,8,865.51,1.4,2025-07-18
6940,Customer_2359,KFC,Fast Food,Singapore,10,1078.59,2.7,2025-08-29
6941,Customer_399,Subway,Fast Food,Singapore,6,2554.7,4.0,2024-01-03
6942,Customer_2095,Pizza Hut,Sandwich,Singapore,6,3872.3,1.5,2024-04-15
6943,Customer_1255,Subway,Fast Food,Australia,3,3587.56,3.5,2024-05-14
6944,Customer_2091,Pizza Hut,Sandwich,Singapore,6,4071.33,1.3,2024-06-21
6945,Customer_823,Pizza Hut,Pizza,Sri Lanka,10,3954.89,2.8,2025-05-15
6946,Customer_2333,KFC,Fast Food,India,6,1119.3,4.9,2024-10-23
6947,Customer_2003,Dominos,Pizza,Australia,6,3275.82,4.8,2026-01-31
6948,Customer_2701,Burger King,Fast Food,Sri Lanka,9,4451.66,2.3,2025-03-09
6949,Customer_1737,Burger King,Fast Food,Singapore,4,3182.62,2.8,2026-02-10
6950,Customer_392,Burger King,Burger,India,7,1274.7,1.4,2025-04-25
6951,Customer_800,Burger King,Fast Food,India,6,605.72,1.8,2026-01-25
6952,Customer_51,Dominos,Burger,Singapore,9,2484.4,2.8,2025-02-15
6953,Customer_1212,Dominos,Burger,Australia,5,2924.81,1.5,2025-10-23
6954,Customer_2001,KFC,Pizza,Sri Lanka,3,4524.29,4.6,2026-05-17
6955,Customer_2226,Dominos,Sandwich,Australia,1,4549.4,2.4,2025-06-06
6956,Customer_267,Burger King,Fast Food,India,5,3938.66,2.5,2024-08-11
6957,Customer_2235,Dominos,Burger,Singapore,10,3031.96,2.7,2024-02-25
6958,Customer_898,Subway,Sandwich,Australia,5,2656.94,3.0,2026-02-01
6959,Customer_1262,Pizza Hut,Pizza,Australia,4,3385.44,3.1,2024-08-21
6960,Customer_2622,KFC,Burger,Sri Lanka,1,2407.7,4.1,2025-12-13
6961,Customer_555,Subway,Sandwich,Singapore,7,2150.08,4.1,2026-04-26
6962,Customer_175,Dominos,Sandwich,Sri Lanka,4,4513.85,1.9,2025-12-31
6963,Customer_1805,Dominos,Sandwich,Australia,5,4311.03,1.1,2025-01-19
6964,Customer_2801,Subway,Burger,India,10,2611.04,1.5,2026-01-23
6965,Customer_459,Subway,Pizza,Sri Lanka,1,1480.26,4.7,2026-03-01
6966,Customer_145,Subway,Pizza,Australia,9,1324.3,3.9,2024-10-08
6967,Customer_1990,KFC,Pizza,Sri Lanka,4,858.81,1.0,2024-04-26
6968,Customer_1617,Burger King,Sandwich,Australia,2,4291.46,3.0,2025-02-10
6969,Customer_1946,Subway,Sandwich,Singapore,9,2970.98,5.0,2024-09-30
6970,Customer_2051,Dominos,Burger,Singapore,10,2646.9,1.4,2024-12-24
6971,Customer_2453,Pizza Hut,Sandwich,Australia,7,801.66,4.5,2026-06-13
6972,Customer_1539,Subway,Pizza,India,10,4113.65,1.4,2024-02-25
6973,Customer_2660,KFC,Pizza,Singapore,9,4829.72,2.6,2025-07-05
6974,Customer_1744,Subway,Burger,India,1,593.94,1.7,2026-05-27
6975,Customer_1356,Pizza Hut,Pizza,Sri Lanka,6,4621.38,2.0,2025-01-29
6976,Customer_1117,KFC,Fast Food,Singapore,7,2182.63,1.4,2024-04-08
6977,Customer_914,KFC,Burger,India,10,1770.05,2.5,2026-04-05
6978,Customer_218,KFC,Sandwich,Sri Lanka,1,2929.74,4.1,2025-03-23
6979,Customer_2785,Subway,Pizza,Singapore,1,1854.61,2.3,2025-10-09
6980,Customer_1738,Subway,Sandwich,Singapore,2,1145.65,4.0,2025-06-18
6981,Customer_1685,Dominos,Sandwich,India,2,4774.26,4.8,2025-04-04
6982,Customer_1374,Burger King,Burger,Singapore,2,4968.52,3.9,2024-07-19
6983,Customer_494,Burger King,Pizza,India,5,3013.13,4.3,2026-05-21
6984,Customer_2401,Burger King,Pizza,Sri Lanka,3,4415.64,4.6,2025-08-13
6985,Customer_2130,Burger King,Fast Food,Australia,1,4875.7,1.1,2024-02-02
6986,Customer_1146,Pizza Hut,Sandwich,Sri Lanka,4,2320.04,2.0,2024-06-28
6987,Customer_2011,KFC,Pizza,Sri Lanka,4,1845.23,3.5,2024-09-06
6988,Customer_257,Burger King,Sandwich,Sri Lanka,9,3075.55,2.9,2024-11-14
6989,Customer_1612,KFC,Fast Food,Singapore,8,3224.94,4.7,2026-04-26
6990,Customer_2979,Burger King,Pizza,India,2,657.78,1.4,2026-04-14
6991,Customer_2031,Burger King,Pizza,Sri Lanka,6,4520.22,4.6,2024-05-19
6992,Customer_1381,Pizza Hut,Sandwich,Singapore,4,860.8,1.6,2026-02-24
6993,Customer_248,Burger King,Sandwich,Sri Lanka,10,4551.51,3.8,2025-12-04
6994,Customer_1307,Pizza Hut,Sandwich,Singapore,3,2666.41,2.1,2025-10-10
6995,Customer_212,Dominos,Burger,Singapore,9,2461.44,4.3,2025-05-10
6996,Customer_878,Dominos,Burger,Singapore,8,934.38,4.5,2026-05-17
6997,Customer_504,KFC,Fast Food,India,10,4044.79,3.0,2025-04-19
6998,Customer_1960,Pizza Hut,Sandwich,Sri Lanka,1,1071.31,3.6,2026-01-08
6999,Customer_1737,KFC,Burger,Australia,6,1323.67,3.0,2025-08-14
7000,Customer_1189,KFC,Fast Food,Sri Lanka,4,3228.95,3.0,2026-05-18
7001,Customer_164,Dominos,Burger,Singapore,6,4250.73,2.2,2025-10-14
7002,Customer_360,Subway,Sandwich,Australia,10,3430.07,2.9,2025-09-03
7003,Customer_2467,KFC,Pizza,Sri Lanka,4,3747.64,1.6,2024-10-05
7004,Customer_2265,Dominos,Sandwich,Sri Lanka,4,2616.97,2.5,2025-01-22
7005,Customer_2012,Subway,Burger,Australia,6,2678.5,3.8,2026-01-25
7006,Customer_1329,KFC,Fast Food,India,5,3862.59,2.7,2025-01-30
7007,Customer_74,Subway,Fast Food,India,3,1175.43,2.4,2024-07-29
7008,Customer_1519,Pizza Hut,Burger,Sri Lanka,3,1236.32,2.6,2025-04-16
7009,Customer_978,Burger King,Fast Food,Australia,6,2164.41,4.0,2026-02-09
7010,Customer_1817,KFC,Fast Food,Australia,10,1178.11,4.8,2025-10-21
7011,Customer_727,KFC,Burger,Singapore,8,2428.12,1.8,2025-03-08
7012,Customer_624,Subway,Fast Food,Singapore,2,773.88,1.6,2025-07-22
7013,Customer_2153,Subway,Sandwich,Australia,2,3330.33,3.6,2024-11-19
7014,Customer_2449,Subway,Sandwich,Singapore,10,1600.75,4.5,2024-09-02
7015,Customer_2621,KFC,Pizza,India,9,1380.61,1.8,2026-03-11
7016,Customer_1760,Subway,Pizza,Singapore,9,3113.84,3.1,2025-04-01
7017,Customer_2101,Pizza Hut,Sandwich,India,9,4417.48,2.7,2024-12-19
7018,Customer_420,Dominos,Burger,India,3,1622.64,1.1,2025-07-05
7019,Customer_2601,Subway,Pizza,Singapore,9,4887.13,1.9,2026-04-07
7020,Customer_1475,KFC,Fast Food,Sri Lanka,7,4738.97,2.0,2025-10-08
7021,Customer_1655,Pizza Hut,Pizza,India,5,1294.29,4.6,2025-09-03
7022,Customer_2527,Burger King,Fast Food,Singapore,8,1192.85,3.9,2026-03-09
7023,Customer_2715,Dominos,Pizza,Sri Lanka,1,2522.86,2.8,2025-02-22
7024,Customer_1820,Subway,Sandwich,Singapore,4,3655.52,2.9,2026-01-28
7025,Customer_277,Subway,Fast Food,Australia,10,2470.31,4.6,2025-06-29
7026,Customer_2352,Subway,Pizza,India,1,2126.98,3.8,2025-05-28
7027,Customer_176,Dominos,Pizza,Australia,3,2245.61,1.2,2024-10-14
7028,Customer_990,KFC,Burger,Singapore,8,1345.12,2.4,2024-08-29
7029,Customer_2198,Burger King,Fast Food,Singapore,7,864.78,1.6,2025-06-24
7030,Customer_88,Dominos,Pizza,Australia,8,1321.19,2.9,2024-11-04
7031,Customer_836,Subway,Burger,Singapore,3,4136.0,3.6,2026-05-18
7032,Customer_1323,Pizza Hut,Fast Food,Singapore,3,2987.4,3.7,2025-06-19
7033,Customer_929,Subway,Burger,Sri Lanka,1,3105.24,4.2,2024-11-02
7034,Customer_1757,Dominos,Pizza,Australia,6,3605.39,4.7,2025-06-07
7035,Customer_1095,Subway,Fast Food,Australia,9,3899.9,4.0,2024-03-07
7036,Customer_2953,Subway,Sandwich,Australia,5,1515.56,2.1,2024-12-19
7037,Customer_1318,KFC,Sandwich,Australia,10,3044.01,1.4,2026-03-24
7038,Customer_1997,Dominos,Sandwich,Singapore,3,1172.74,1.6,2024-03-03
7039,Customer_1260,Dominos,Fast Food,Australia,4,1566.24,1.1,2025-03-15
7040,Customer_2035,Pizza Hut,Pizza,Singapore,6,3839.68,4.4,2024-05-31
7041,Customer_1719,Subway,Sandwich,Singapore,10,1594.57,3.2,2025-05-02
7042,Customer_1308,Pizza Hut,Burger,Australia,4,4418.78,2.5,2024-02-09
7043,Customer_2776,Pizza Hut,Fast Food,Singapore,9,4508.99,1.3,2025-08-31
7044,Customer_154,Dominos,Burger,Sri Lanka,1,613.84,3.4,2026-02-18
7045,Customer_2531,Pizza Hut,Burger,Australia,9,4480.79,2.4,2026-02-27
7046,Customer_898,Subway,Pizza,India,5,1652.62,2.4,2025-08-05
7047,Customer_1388,KFC,Pizza,India,3,931.62,4.0,2025-03-22
7048,Customer_2520,Burger King,Burger,Sri Lanka,4,3298.56,4.1,2025-07-02
7049,Customer_1531,Pizza Hut,Sandwich,Singapore,10,3198.64,1.8,2025-08-11
7050,Customer_977,Subway,Fast Food,Australia,7,3127.1,3.3,2024-02-23
7051,Customer_1973,Pizza Hut,Burger,Singapore,10,2162.0,1.3,2024-02-12
7052,Customer_1767,KFC,Sandwich,Sri Lanka,2,4135.23,3.1,2026-05-09
7053,Customer_1194,Pizza Hut,Fast Food,Sri Lanka,8,4223.49,4.9,2025-05-11
7054,Customer_1540,Subway,Pizza,India,2,1739.28,1.5,2025-12-04
7055,Customer_2128,Subway,Sandwich,India,9,3093.29,4.8,2025-03-27
7056,Customer_2629,KFC,Burger,Sri Lanka,6,1150.29,3.0,2024-01-08
7057,Customer_1313,Dominos,Fast Food,India,2,3069.3,1.6,2024-02-18
7058,Customer_219,Burger King,Burger,Singapore,6,1685.5,4.7,2025-02-22
7059,Customer_2245,Burger King,Burger,Sri Lanka,10,4432.5,3.2,2024-03-10
7060,Customer_1753,Burger King,Burger,Singapore,2,3299.93,1.7,2026-04-29
7061,Customer_2628,Pizza Hut,Burger,Australia,9,2558.11,3.1,2025-05-26
7062,Customer_1378,Dominos,Sandwich,India,4,623.52,4.1,2024-02-07
7063,Customer_194,Burger King,Sandwich,Sri Lanka,10,3419.26,2.2,2026-01-14
7064,Customer_1603,Pizza Hut,Burger,Sri Lanka,2,1123.38,4.6,2025-10-03
7065,Customer_2756,KFC,Burger,Sri Lanka,7,2276.3,2.5,2026-03-09
7066,Customer_1773,Pizza Hut,Burger,Sri Lanka,6,3279.08,4.3,2025-01-20
7067,Customer_1478,Burger King,Sandwich,Singapore,6,2681.15,4.6,2026-05-23
7068,Customer_1951,Subway,Pizza,Sri Lanka,10,1887.72,2.1,2024-08-05
7069,Customer_623,Subway,Fast Food,India,6,4413.14,1.3,2025-04-17
7070,Customer_2321,Dominos,Fast Food,Sri Lanka,1,1121.38,2.7,2026-03-20
7071,Customer_1115,Dominos,Fast Food,Australia,3,1630.24,3.6,2026-03-11
7072,Customer_331,Pizza Hut,Fast Food,Sri Lanka,3,2465.85,2.7,2024-06-21
7073,Customer_548,KFC,Sandwich,Singapore,4,4964.14,4.7,2025-11-20
7074,Customer_898,KFC,Fast Food,India,2,4985.15,2.5,2024-04-21
7075,Customer_1024,Dominos,Fast Food,India,5,2236.45,4.2,2024-06-15
7076,Customer_741,Subway,Sandwich,Australia,3,4114.05,2.7,2026-01-25
7077,Customer_2263,Dominos,Sandwich,Sri Lanka,6,4640.73,1.2,2025-02-17
7078,Customer_2931,Burger King,Burger,India,9,1021.28,2.9,2024-02-20
7079,Customer_218,Pizza Hut,Burger,Australia,4,3580.69,4.9,2025-01-16
7080,Customer_1365,Dominos,Fast Food,Sri Lanka,8,2543.42,4.9,2026-02-03
7081,Customer_1122,Subway,Fast Food,Australia,9,4909.42,4.5,2025-12-30
7082,Customer_1424,Pizza Hut,Burger,Australia,7,2328.54,4.6,2024-04-27
7083,Customer_2433,Burger King,Burger,Sri Lanka,8,919.41,1.0,2025-11-04
7084,Customer_1666,Burger King,Sandwich,India,7,2259.0,3.1,2026-05-05
7085,Customer_1190,Burger King,Burger,India,7,1489.24,4.7,2025-01-05
7086,Customer_1744,Dominos,Burger,Australia,10,3197.87,1.7,2025-05-23
7087,Customer_1129,Burger King,Pizza,India,9,960.27,2.7,2024-08-22
7088,Customer_1562,Dominos,Burger,Australia,10,3408.02,3.1,2024-07-07
7089,Customer_397,Burger King,Sandwich,India,9,2825.27,2.6,2025-02-05
7090,Customer_1373,Subway,Fast Food,Australia,4,1403.44,3.6,2025-12-30
7091,Customer_2581,KFC,Fast Food,India,6,2439.38,4.3,2024-03-25
7092,Customer_20,KFC,Sandwich,Australia,8,1344.47,2.2,2025-03-30
7093,Customer_2367,KFC,Sandwich,India,3,1519.98,3.5,2026-04-30
7094,Customer_452,Dominos,Sandwich,Sri Lanka,10,3645.2,4.5,2026-04-05
7095,Customer_658,KFC,Burger,Australia,9,4951.21,4.7,2025-07-24
7096,Customer_2710,KFC,Fast Food,India,6,3632.98,3.7,2024-10-06
7097,Customer_62,Subway,Sandwich,Australia,8,1732.41,4.5,2024-11-07
7098,Customer_2499,Dominos,Pizza,Singapore,2,3856.35,2.4,2024-07-18
7099,Customer_1800,Dominos,Fast Food,Singapore,2,2780.54,2.0,2024-12-15
7100,Customer_1076,KFC,Burger,Sri Lanka,2,2777.17,3.4,2024-10-23
7101,Customer_1368,Burger King,Fast Food,India,5,970.12,4.7,2024-09-23
7102,Customer_1770,KFC,Burger,Australia,1,800.03,2.7,2025-06-10
7103,Customer_357,Dominos,Fast Food,Singapore,5,3230.77,1.5,2026-03-02
7104,Customer_1333,KFC,Pizza,Singapore,6,4294.17,1.1,2024-11-09
7105,Customer_1473,Dominos,Fast Food,Australia,7,4733.52,1.4,2026-04-18
7106,Customer_1224,Pizza Hut,Burger,Singapore,4,1345.05,2.7,2025-12-02
7107,Customer_1107,Pizza Hut,Fast Food,India,5,822.66,3.0,2025-06-14
7108,Customer_64,Subway,Fast Food,Singapore,2,3082.31,2.9,2024-03-11
7109,Customer_2692,Burger King,Burger,Sri Lanka,5,3122.94,1.4,2024-04-14
7110,Customer_2829,Burger King,Burger,India,9,2688.51,1.9,2025-08-19
7111,Customer_149,Dominos,Pizza,Singapore,7,3769.13,4.4,2025-07-16
7112,Customer_204,Subway,Burger,India,9,2833.61,1.3,2025-06-13
7113,Customer_2216,Burger King,Pizza,Singapore,3,4905.66,3.6,2026-04-27
7114,Customer_2436,Subway,Fast Food,Singapore,1,4044.39,3.9,2024-01-24
7115,Customer_1129,Burger King,Burger,Sri Lanka,4,598.54,1.0,2025-01-29
7116,Customer_11,Burger King,Burger,Sri Lanka,10,3266.03,3.0,2025-11-18
7117,Customer_2103,Dominos,Pizza,India,1,628.37,3.0,2026-05-08
7118,Customer_1547,KFC,Pizza,Singapore,3,1248.47,4.1,2026-04-23
7119,Customer_1748,Subway,Burger,Sri Lanka,5,4240.17,1.6,2024-08-15
7120,Customer_1581,Pizza Hut,Burger,Sri Lanka,5,2589.47,2.4,2025-10-26
7121,Customer_577,KFC,Sandwich,Australia,5,3153.67,1.2,2024-12-01
7122,Customer_1409,KFC,Sandwich,India,5,4295.61,1.4,2026-03-23
7123,Customer_2698,Burger King,Sandwich,Australia,3,2393.64,3.5,2025-11-24
7124,Customer_254,Pizza Hut,Sandwich,India,8,1648.67,1.0,2026-04-23
7125,Customer_368,Burger King,Pizza,Sri Lanka,7,1809.32,4.2,2024-11-17
7126,Customer_2519,Pizza Hut,Pizza,Singapore,6,2389.5,3.9,2025-09-14
7127,Customer_641,Burger King,Burger,India,7,683.25,2.7,2025-10-18
7128,Customer_2646,Subway,Pizza,India,4,2842.92,1.8,2025-07-06
7129,Customer_1895,Subway,Pizza,Australia,10,1852.75,4.5,2026-05-21
7130,Customer_2316,KFC,Pizza,Australia,2,3384.36,2.1,2025-07-29
7131,Customer_1320,KFC,Burger,Singapore,8,2099.16,2.5,2025-05-12
7132,Customer_666,Subway,Burger,Singapore,4,2912.32,2.7,2024-04-14
7133,Customer_1735,Burger King,Sandwich,Sri Lanka,4,861.28,1.0,2025-02-21
7134,Customer_523,Pizza Hut,Pizza,India,9,2718.56,4.1,2024-06-20
7135,Customer_2787,Burger King,Pizza,Sri Lanka,5,1792.6,3.0,2025-10-18
7136,Customer_1376,Burger King,Burger,Singapore,5,3037.54,3.1,2026-04-24
7137,Customer_947,Subway,Sandwich,India,9,3619.1,2.4,2025-10-05
7138,Customer_1173,KFC,Fast Food,India,6,3601.62,4.7,2025-01-15
7139,Customer_709,Pizza Hut,Burger,Sri Lanka,8,1380.62,4.9,2024-12-13
7140,Customer_1556,Dominos,Fast Food,Singapore,9,3756.91,3.6,2026-03-19
7141,Customer_2920,KFC,Burger,Singapore,2,4831.19,2.9,2026-04-08
7142,Customer_1701,Pizza Hut,Fast Food,Sri Lanka,2,675.03,1.9,2024-11-24
7143,Customer_665,KFC,Fast Food,India,4,3119.58,4.8,2024-01-21
7144,Customer_733,Pizza Hut,Sandwich,India,3,1359.63,3.2,2024-04-19
7145,Customer_405,Burger King,Pizza,India,7,4184.78,3.5,2024-09-22
7146,Customer_523,Pizza Hut,Burger,Australia,6,1413.11,2.9,2025-02-26
7147,Customer_2647,Pizza Hut,Burger,Australia,2,4256.32,2.6,2024-12-10
7148,Customer_1805,Dominos,Fast Food,Sri Lanka,2,3374.9,4.0,2025-07-10
7149,Customer_853,KFC,Sandwich,Australia,3,1380.61,1.7,2024-04-12
7150,Customer_1611,KFC,Burger,Australia,5,2365.34,3.7,2025-12-03
7151,Customer_788,Dominos,Pizza,Sri Lanka,1,4443.74,4.4,2024-07-31
7152,Customer_340,Subway,Sandwich,India,3,1401.14,3.2,2025-03-31
7153,Customer_1202,Burger King,Burger,India,8,4851.6,4.8,2024-12-28
7154,Customer_1923,Dominos,Pizza,Singapore,1,4457.65,4.5,2026-01-17
7155,Customer_1760,Burger King,Fast Food,India,1,3301.4,4.0,2024-12-03
7156,Customer_1776,Subway,Fast Food,Australia,1,2667.66,3.2,2025-06-30
7157,Customer_2331,Dominos,Pizza,Sri Lanka,10,4991.85,1.5,2025-05-22
7158,Customer_2328,Burger King,Sandwich,Australia,7,1029.69,1.9,2025-10-04
7159,Customer_342,Subway,Fast Food,Sri Lanka,3,1800.83,2.4,2025-11-06
7160,Customer_2026,Burger King,Sandwich,India,8,1448.34,1.8,2024-04-25
7161,Customer_1940,Pizza Hut,Pizza,Singapore,7,4832.57,3.0,2024-06-18
7162,Customer_2184,Burger King,Burger,India,2,900.02,1.6,2026-04-08
7163,Customer_244,Dominos,Burger,Sri Lanka,5,3653.48,2.0,2024-03-09
7164,Customer_847,Subway,Sandwich,Australia,5,3870.73,1.3,2025-04-17
7165,Customer_1449,Dominos,Sandwich,Sri Lanka,1,4695.1,3.7,2024-12-14
7166,Customer_590,Dominos,Burger,Singapore,1,3007.51,3.5,2025-11-08
7167,Customer_1355,Subway,Sandwich,Singapore,10,1350.73,2.3,2025-08-15
7168,Customer_1227,KFC,Burger,India,4,949.22,3.3,2025-06-17
7169,Customer_1366,KFC,Fast Food,India,6,3682.41,4.9,2026-02-26
7170,Customer_1775,Pizza Hut,Sandwich,India,1,3904.67,4.6,2025-07-15
7171,Customer_2260,Pizza Hut,Burger,Sri Lanka,10,4427.61,3.9,2024-04-20
7172,Customer_2535,Subway,Fast Food,Australia,2,4091.8,2.2,2026-01-15
7173,Customer_1196,Pizza Hut,Burger,Sri Lanka,9,2068.96,3.7,2024-04-16
7174,Customer_992,Burger King,Sandwich,Australia,3,4866.24,3.8,2025-12-21
7175,Customer_1699,Burger King,Fast Food,India,3,4116.86,2.2,2024-08-12
7176,Customer_1312,Burger King,Pizza,India,5,2032.57,3.4,2024-05-18
7177,Customer_1630,Pizza Hut,Burger,India,5,617.75,4.8,2026-01-11
7178,Customer_1160,Burger King,Pizza,Australia,4,4680.95,3.8,2025-04-09
7179,Customer_3000,Dominos,Burger,India,8,4070.7,4.8,2026-04-22
7180,Customer_2061,KFC,Fast Food,Sri Lanka,9,3413.82,1.4,2025-03-18
7181,Customer_1257,Dominos,Sandwich,Sri Lanka,5,4476.75,4.1,2024-06-05
7182,Customer_161,Subway,Sandwich,Sri Lanka,3,536.05,4.0,2025-07-03
7183,Customer_2405,Pizza Hut,Sandwich,India,6,4400.53,1.4,2025-04-24
7184,Customer_2812,Burger King,Fast Food,Sri Lanka,8,2037.1,1.9,2026-04-30
7185,Customer_1802,Pizza Hut,Pizza,Australia,4,1576.6,3.4,2024-04-30
7186,Customer_2177,Dominos,Fast Food,Australia,4,2604.7,2.9,2024-01-02
7187,Customer_2255,Dominos,Pizza,Australia,4,2602.34,3.0,2024-12-19
7188,Customer_2805,Pizza Hut,Burger,India,4,1522.24,1.0,2024-02-06
7189,Customer_764,Burger King,Sandwich,Singapore,5,2502.68,2.0,2026-06-08
7190,Customer_782,KFC,Fast Food,Sri Lanka,6,911.47,2.7,2024-03-09
7191,Customer_2500,Burger King,Burger,India,3,2355.14,2.7,2024-08-20
7192,Customer_1508,Burger King,Pizza,Sri Lanka,10,4462.31,3.5,2024-03-29
7193,Customer_2630,Burger King,Fast Food,India,2,2101.02,2.5,2024-07-30
7194,Customer_803,Dominos,Sandwich,Singapore,2,1432.2,2.2,2024-12-16
7195,Customer_802,Burger King,Fast Food,Australia,6,1259.44,3.1,2025-12-23
7196,Customer_556,KFC,Pizza,Australia,4,4238.25,3.0,2025-10-16
7197,Customer_2971,KFC,Sandwich,India,5,3182.4,2.6,2024-11-24
7198,Customer_1869,Burger King,Pizza,India,6,1293.28,3.7,2025-03-24
7199,Customer_1,Dominos,Burger,Sri Lanka,7,1797.91,1.6,2025-05-23
7200,Customer_2625,Pizza Hut,Burger,Australia,1,1200.04,2.0,2025-12-09
7201,Customer_2061,KFC,Fast Food,Singapore,6,565.41,2.6,2025-04-16
7202,Customer_2038,Pizza Hut,Pizza,Australia,10,1017.62,1.4,2024-05-25
7203,Customer_2768,Burger King,Pizza,Singapore,10,3328.41,1.8,2024-01-17
7204,Customer_1219,KFC,Sandwich,India,2,1343.74,4.5,2025-02-27
7205,Customer_2803,Burger King,Burger,India,7,2689.02,3.0,2024-09-24
7206,Customer_1971,Subway,Sandwich,Singapore,5,2254.41,3.5,2026-02-25
7207,Customer_1583,Subway,Sandwich,India,1,4515.43,1.4,2024-07-09
7208,Customer_845,KFC,Pizza,Singapore,10,3986.96,3.9,2024-08-26
7209,Customer_2254,KFC,Fast Food,Singapore,1,1269.57,4.8,2026-01-06
7210,Customer_1983,Pizza Hut,Sandwich,Sri Lanka,5,4355.27,2.1,2025-11-13
7211,Customer_2213,Burger King,Fast Food,Australia,8,2096.09,4.8,2024-04-06
7212,Customer_171,KFC,Burger,Australia,3,2292.47,4.3,2025-03-01
7213,Customer_754,KFC,Sandwich,Australia,7,822.34,4.1,2025-06-11
7214,Customer_45,Subway,Sandwich,Singapore,2,3525.86,2.5,2026-02-10
7215,Customer_2543,KFC,Pizza,Australia,8,2875.23,1.2,2024-06-22
7216,Customer_2068,Burger King,Fast Food,Singapore,10,567.2,1.2,2025-07-14
7217,Customer_912,Burger King,Sandwich,Sri Lanka,2,1328.04,1.5,2025-12-21
7218,Customer_101,KFC,Pizza,Australia,10,4245.79,3.8,2024-08-05
7219,Customer_399,KFC,Pizza,Sri Lanka,8,1186.03,1.8,2026-04-20
7220,Customer_839,KFC,Burger,India,4,1509.39,3.2,2026-03-19
7221,Customer_1472,Pizza Hut,Fast Food,Sri Lanka,4,3319.14,5.0,2025-11-22
7222,Customer_2037,Dominos,Pizza,Singapore,10,1208.0,3.2,2025-08-19
7223,Customer_1598,Dominos,Pizza,India,7,534.6,3.2,2025-04-24
7224,Customer_747,KFC,Sandwich,Singapore,6,968.23,2.0,2024-10-27
7225,Customer_2085,Dominos,Burger,Singapore,5,1390.79,4.6,2024-09-23
7226,Customer_96,Dominos,Fast Food,Australia,9,3361.84,4.2,2024-06-07
7227,Customer_2566,Pizza Hut,Sandwich,India,1,1279.29,3.4,2025-09-21
7228,Customer_258,KFC,Fast Food,Sri Lanka,9,1722.58,4.7,2024-03-22
7229,Customer_2397,Pizza Hut,Burger,Sri Lanka,10,3674.55,1.5,2024-08-11
7230,Customer_2871,Dominos,Sandwich,India,4,595.15,2.4,2024-03-18
7231,Customer_1862,Burger King,Burger,Sri Lanka,5,1772.92,4.4,2024-01-02
7232,Customer_1807,Pizza Hut,Pizza,Sri Lanka,3,3677.72,2.1,2024-06-23
7233,Customer_1081,Pizza Hut,Sandwich,Sri Lanka,7,3163.56,4.9,2025-10-27
7234,Customer_733,Burger King,Fast Food,Australia,2,4750.0,3.6,2025-02-22
7235,Customer_953,KFC,Pizza,Sri Lanka,4,2705.07,4.9,2025-03-14
7236,Customer_1312,Dominos,Burger,Sri Lanka,1,1593.05,2.6,2026-01-23
7237,Customer_718,Dominos,Burger,Australia,2,3734.25,1.5,2024-06-11
7238,Customer_2188,KFC,Burger,Sri Lanka,7,1554.21,3.0,2026-06-17
7239,Customer_486,Dominos,Burger,Australia,7,2347.44,3.0,2024-03-16
7240,Customer_1962,Pizza Hut,Pizza,India,10,764.15,4.6,2026-04-05
7241,Customer_242,KFC,Fast Food,Australia,9,3975.65,4.7,2026-03-05
7242,Customer_1397,Pizza Hut,Fast Food,Australia,9,865.47,1.5,2025-11-21
7243,Customer_385,Burger King,Sandwich,Sri Lanka,3,1360.94,4.0,2024-02-24
7244,Customer_1384,Subway,Sandwich,India,9,3164.83,1.4,2024-09-12
7245,Customer_198,Subway,Fast Food,India,4,2014.69,1.9,2024-10-04
7246,Customer_1635,Dominos,Sandwich,Singapore,1,1142.87,1.4,2024-03-24
7247,Customer_2389,KFC,Sandwich,Australia,8,2806.63,3.7,2025-07-28
7248,Customer_368,Subway,Fast Food,India,9,1532.96,3.0,2025-04-15
7249,Customer_188,Burger King,Fast Food,Sri Lanka,5,2634.44,5.0,2025-03-30
7250,Customer_2273,Pizza Hut,Pizza,India,2,1470.07,3.8,2025-10-04
7251,Customer_1221,Subway,Pizza,Australia,2,4239.54,2.2,2025-12-14
7252,Customer_86,Burger King,Burger,Australia,7,3051.88,3.1,2024-08-27
7253,Customer_1216,KFC,Burger,Singapore,4,1851.45,4.7,2025-08-25
7254,Customer_65,Pizza Hut,Fast Food,Singapore,7,2866.79,3.9,2026-02-07
7255,Customer_1011,Burger King,Burger,Sri Lanka,1,1662.44,3.5,2024-08-19
7256,Customer_2731,Pizza Hut,Pizza,Sri Lanka,4,618.48,4.1,2024-04-01
7257,Customer_1599,Pizza Hut,Sandwich,Sri Lanka,7,3662.79,1.4,2026-05-29
7258,Customer_2963,Dominos,Burger,Singapore,5,4082.81,3.2,2025-12-02
7259,Customer_2626,Pizza Hut,Sandwich,India,9,1892.85,3.1,2024-05-18
7260,Customer_291,Subway,Fast Food,Singapore,10,2269.38,1.6,2026-05-03
7261,Customer_1151,Burger King,Burger,Sri Lanka,6,2164.47,1.6,2026-03-10
7262,Customer_2042,Dominos,Pizza,Sri Lanka,4,4012.35,2.6,2024-11-12
7263,Customer_2663,Dominos,Pizza,Sri Lanka,10,834.71,1.0,2024-07-19
7264,Customer_1117,Subway,Burger,Sri Lanka,8,3810.23,1.6,2025-11-07
7265,Customer_280,Subway,Fast Food,Sri Lanka,8,751.52,4.2,2024-07-17
7266,Customer_2159,Dominos,Pizza,Singapore,3,949.42,3.2,2025-03-09
7267,Customer_2273,Subway,Pizza,Australia,9,4732.75,3.9,2025-01-06
7268,Customer_2684,Pizza Hut,Burger,Singapore,1,4005.56,4.7,2026-02-07
7269,Customer_1871,Pizza Hut,Pizza,Singapore,6,2247.24,2.4,2025-12-11
7270,Customer_2839,Burger King,Fast Food,Singapore,6,2277.69,2.7,2026-05-27
7271,Customer_1373,Dominos,Fast Food,Sri Lanka,2,1131.57,4.7,2024-04-07
7272,Customer_429,Subway,Fast Food,Australia,9,3956.13,1.8,2024-01-19
7273,Customer_2334,Dominos,Sandwich,India,7,1320.89,3.9,2025-01-11
7274,Customer_563,Burger King,Sandwich,Singapore,2,2072.48,3.8,2024-12-13
7275,Customer_974,KFC,Burger,Australia,9,712.27,3.1,2026-05-17
7276,Customer_2065,Dominos,Pizza,Sri Lanka,5,1418.7,4.8,2024-03-08
7277,Customer_2428,Subway,Sandwich,Australia,4,1088.51,4.5,2024-06-13
7278,Customer_2826,Pizza Hut,Fast Food,India,4,4554.61,3.2,2025-12-08
7279,Customer_890,Pizza Hut,Fast Food,Australia,1,713.48,3.0,2026-04-26
7280,Customer_1722,Burger King,Burger,Sri Lanka,2,4512.69,1.2,2026-04-12
7281,Customer_1773,Burger King,Fast Food,India,6,2525.47,3.0,2024-12-13
7282,Customer_2449,Pizza Hut,Burger,Sri Lanka,3,3569.88,2.8,2025-11-19
7283,Customer_2309,Pizza Hut,Burger,Singapore,4,2277.19,4.4,2025-09-08
7284,Customer_2437,Subway,Fast Food,India,9,2389.89,2.1,2026-03-07
7285,Customer_2216,KFC,Sandwich,India,7,3140.38,4.8,2026-02-11
7286,Customer_1692,KFC,Sandwich,Singapore,8,4484.59,2.8,2024-03-22
7287,Customer_1875,Burger King,Pizza,Singapore,10,3679.72,4.7,2025-12-27
7288,Customer_737,Dominos,Fast Food,Australia,5,3682.92,3.5,2026-03-18
7289,Customer_2212,Subway,Fast Food,Australia,2,3605.71,2.0,2025-04-18
7290,Customer_672,Dominos,Sandwich,Sri Lanka,6,671.78,3.1,2026-05-02
7291,Customer_1384,Burger King,Fast Food,Australia,7,1233.67,2.2,2025-04-28
7292,Customer_2189,Pizza Hut,Sandwich,Singapore,9,4824.2,3.9,2026-04-22
7293,Customer_103,Pizza Hut,Pizza,Sri Lanka,10,1404.06,2.8,2026-06-03
7294,Customer_1141,Pizza Hut,Burger,India,1,955.55,2.1,2025-03-24
7295,Customer_2689,Subway,Burger,India,9,4932.01,4.0,2025-09-30
7296,Customer_2719,Pizza Hut,Burger,Sri Lanka,5,2256.85,2.2,2025-07-12
7297,Customer_1792,KFC,Burger,Singapore,3,1470.48,3.7,2025-06-29
7298,Customer_931,KFC,Fast Food,Sri Lanka,4,1876.14,4.1,2025-05-08
7299,Customer_1626,Subway,Burger,India,3,4257.95,4.9,2024-11-13
7300,Customer_2433,Burger King,Burger,Singapore,9,2383.67,2.9,2024-02-13
7301,Customer_2941,KFC,Fast Food,Singapore,10,4693.82,3.3,2026-04-01
7302,Customer_2848,Subway,Burger,Singapore,8,2387.17,2.9,2024-03-18
7303,Customer_2353,Burger King,Fast Food,Sri Lanka,1,1469.24,4.4,2025-09-03
7304,Customer_2987,KFC,Burger,Singapore,7,1098.48,1.2,2025-02-17
7305,Customer_2564,Subway,Fast Food,India,9,616.29,2.8,2026-01-13
7306,Customer_2419,Burger King,Burger,Sri Lanka,1,4118.66,4.1,2026-05-31
7307,Customer_1124,Pizza Hut,Burger,Singapore,7,3559.64,1.2,2024-10-31
7308,Customer_2979,Dominos,Pizza,Singapore,6,2452.12,4.2,2025-01-18
7309,Customer_768,Pizza Hut,Pizza,Sri Lanka,8,1936.92,3.3,2026-06-10
7310,Customer_2300,KFC,Fast Food,Australia,4,2567.68,1.5,2026-04-22
7311,Customer_2630,Dominos,Sandwich,Sri Lanka,8,1331.32,3.7,2024-08-20
7312,Customer_626,Burger King,Pizza,India,4,3416.23,4.6,2024-08-09
7313,Customer_1498,Dominos,Sandwich,Singapore,10,4658.04,4.7,2025-05-08
7314,Customer_2234,Burger King,Pizza,India,5,1025.41,4.0,2025-02-01
7315,Customer_1159,KFC,Sandwich,Sri Lanka,8,2485.88,2.9,2025-06-01
7316,Customer_1171,Dominos,Burger,Australia,8,2971.15,2.6,2025-10-10
7317,Customer_1502,Pizza Hut,Pizza,Australia,3,2517.99,2.0,2024-11-02
7318,Customer_2205,KFC,Burger,Sri Lanka,7,2056.42,1.7,2025-01-30
7319,Customer_2010,KFC,Burger,Sri Lanka,2,2978.46,2.9,2025-06-17
7320,Customer_986,Burger King,Fast Food,Australia,5,3019.05,2.9,2025-02-06
7321,Customer_1808,Burger King,Sandwich,Singapore,4,3128.86,3.6,2025-05-11
7322,Customer_75,KFC,Fast Food,Singapore,3,2737.88,4.5,2024-03-20
7323,Customer_225,Dominos,Sandwich,Singapore,5,3786.92,1.7,2025-03-04
7324,Customer_1354,Pizza Hut,Burger,Singapore,9,4855.57,2.6,2024-01-10
7325,Customer_286,Dominos,Pizza,Australia,7,1987.07,3.1,2024-05-27
7326,Customer_1303,Pizza Hut,Burger,India,2,1096.88,2.2,2025-02-18
7327,Customer_2772,KFC,Pizza,Singapore,10,711.04,4.0,2024-03-14
7328,Customer_1762,Subway,Sandwich,Australia,2,4643.27,2.0,2026-01-19
7329,Customer_1679,Pizza Hut,Fast Food,Singapore,1,4099.39,4.0,2026-05-08
7330,Customer_971,Subway,Sandwich,Singapore,1,981.58,4.6,2025-08-03
7331,Customer_1372,Burger King,Pizza,India,7,1887.09,4.0,2025-12-05
7332,Customer_1581,Burger King,Burger,India,10,2125.83,2.9,2024-09-26
7333,Customer_802,Burger King,Fast Food,Singapore,9,1573.18,1.0,2025-04-08
7334,Customer_737,KFC,Sandwich,Sri Lanka,2,1464.41,1.3,2026-04-15
7335,Customer_246,KFC,Fast Food,Australia,10,2834.78,1.1,2024-02-21
7336,Customer_2186,Burger King,Sandwich,Australia,6,2119.59,3.7,2026-02-22
7337,Customer_1189,KFC,Pizza,India,4,4475.52,1.3,2024-09-09
7338,Customer_2714,Pizza Hut,Pizza,Singapore,7,3110.66,3.9,2024-05-10
7339,Customer_2555,Subway,Pizza,Australia,10,2808.34,1.0,2024-09-25
7340,Customer_1598,Subway,Sandwich,India,3,3099.33,4.1,2024-10-05
7341,Customer_2091,Burger King,Burger,Singapore,3,2633.84,4.6,2024-11-19
7342,Customer_1910,Pizza Hut,Pizza,Australia,5,2265.68,3.4,2024-07-13
7343,Customer_1425,Subway,Fast Food,Sri Lanka,7,2296.55,4.3,2024-10-10
7344,Customer_1217,Dominos,Pizza,Sri Lanka,7,1161.7,4.4,2025-08-10
7345,Customer_1661,Burger King,Sandwich,India,5,1705.61,2.2,2024-10-24
7346,Customer_337,KFC,Burger,India,1,3106.49,1.7,2024-09-05
7347,Customer_2400,KFC,Fast Food,Sri Lanka,2,1144.57,1.2,2024-11-09
7348,Customer_304,Burger King,Fast Food,India,9,2092.8,1.8,2026-02-08
7349,Customer_1143,Pizza Hut,Burger,Australia,2,3717.86,3.7,2025-06-05
7350,Customer_942,Dominos,Fast Food,Sri Lanka,9,4368.25,2.8,2024-06-18
7351,Customer_1523,Pizza Hut,Fast Food,Sri Lanka,4,1291.57,4.9,2025-05-02
7352,Customer_109,Dominos,Pizza,Australia,8,2792.65,2.1,2025-03-17
7353,Customer_1746,Dominos,Burger,Australia,7,1724.74,3.5,2024-06-13
7354,Customer_254,KFC,Pizza,India,4,2951.41,3.7,2024-03-20
7355,Customer_1055,KFC,Sandwich,Singapore,8,1562.54,4.0,2024-12-28
7356,Customer_1405,Subway,Pizza,Sri Lanka,10,2402.72,4.0,2025-07-15
7357,Customer_1398,Subway,Sandwich,India,3,1721.46,1.4,2026-02-19
7358,Customer_2787,Pizza Hut,Pizza,Australia,6,4739.26,3.0,2024-05-19
7359,Customer_801,Subway,Pizza,India,1,2647.34,1.5,2025-06-16
7360,Customer_523,Burger King,Sandwich,Sri Lanka,7,2527.39,1.2,2024-04-23
7361,Customer_2539,KFC,Burger,Australia,6,1852.0,4.3,2025-05-25
7362,Customer_1335,Subway,Sandwich,Sri Lanka,2,1537.51,1.4,2025-04-25
7363,Customer_2841,Dominos,Sandwich,India,2,3531.99,1.5,2026-04-07
7364,Customer_1586,Burger King,Burger,Singapore,4,3073.51,2.1,2024-06-10
7365,Customer_2165,Burger King,Burger,India,2,4133.55,4.2,2025-03-13
7366,Customer_788,Burger King,Burger,Singapore,3,2201.06,3.7,2024-01-15
7367,Customer_1940,Burger King,Fast Food,India,8,3352.3,3.4,2025-12-12
7368,Customer_1253,KFC,Fast Food,Sri Lanka,3,1558.99,4.1,2025-02-02
7369,Customer_666,Subway,Fast Food,Singapore,4,2456.15,2.7,2026-04-13
7370,Customer_2925,Burger King,Sandwich,Sri Lanka,7,3418.96,4.3,2026-01-25
7371,Customer_2910,Subway,Fast Food,Sri Lanka,10,4197.51,3.7,2025-08-15
7372,Customer_1095,KFC,Pizza,Australia,7,1145.96,3.3,2026-04-16
7373,Customer_110,KFC,Fast Food,Sri Lanka,2,4472.02,5.0,2026-03-18
7374,Customer_22,Pizza Hut,Fast Food,Sri Lanka,9,4424.07,1.7,2025-04-27
7375,Customer_1471,KFC,Pizza,India,1,2938.06,1.9,2024-02-26
7376,Customer_1472,Dominos,Fast Food,Sri Lanka,5,2411.0,1.3,2026-01-05
7377,Customer_478,Pizza Hut,Fast Food,Australia,8,4384.99,1.7,2025-04-02
7378,Customer_1908,Burger King,Fast Food,Sri Lanka,8,1361.54,1.2,2026-04-08
7379,Customer_1716,Burger King,Fast Food,Singapore,9,2888.84,3.9,2025-02-05
7380,Customer_1893,Dominos,Fast Food,India,8,4766.67,1.8,2025-01-08
7381,Customer_82,KFC,Burger,Sri Lanka,3,3599.24,4.6,2025-03-10
7382,Customer_64,Dominos,Pizza,India,8,4030.68,4.8,2024-12-14
7383,Customer_2847,Burger King,Pizza,Australia,2,3474.66,4.8,2025-12-08
7384,Customer_1054,Burger King,Sandwich,Australia,7,2915.87,2.5,2025-09-15
7385,Customer_2603,Burger King,Sandwich,Sri Lanka,5,1246.21,3.0,2025-02-10
7386,Customer_72,Pizza Hut,Fast Food,Sri Lanka,4,3920.19,4.9,2024-01-09
7387,Customer_784,Dominos,Burger,Singapore,2,577.59,2.9,2024-09-26
7388,Customer_731,KFC,Pizza,India,6,4311.86,4.8,2025-06-03
7389,Customer_2221,KFC,Pizza,Singapore,7,4011.77,4.6,2025-12-02
7390,Customer_2992,KFC,Pizza,India,5,1982.76,1.5,2025-10-19
7391,Customer_486,Dominos,Sandwich,Singapore,6,2578.19,5.0,2024-10-09
7392,Customer_1791,Pizza Hut,Fast Food,Sri Lanka,1,585.49,2.4,2026-04-14
7393,Customer_503,Subway,Sandwich,India,5,2748.1,4.0,2024-03-29
7394,Customer_882,KFC,Burger,Sri Lanka,5,752.42,2.6,2025-09-30
7395,Customer_2631,Dominos,Pizza,Sri Lanka,6,4865.64,2.4,2025-08-25
7396,Customer_2770,Subway,Fast Food,Sri Lanka,9,2664.13,3.0,2024-12-25
7397,Customer_1888,Burger King,Fast Food,India,2,2790.35,4.0,2024-12-12
7398,Customer_2968,Subway,Pizza,India,8,743.99,4.0,2026-01-23
7399,Customer_1125,Burger King,Sandwich,Australia,1,974.31,1.8,2024-10-14
7400,Customer_359,KFC,Burger,Australia,2,2971.22,2.2,2025-07-08
7401,Customer_925,KFC,Sandwich,Australia,6,2541.07,1.3,2025-09-22
7402,Customer_1839,KFC,Pizza,Singapore,1,800.49,2.7,2026-06-01
7403,Customer_1646,Pizza Hut,Burger,Australia,10,2688.76,1.7,2024-07-16
7404,Customer_955,Pizza Hut,Fast Food,India,7,1242.63,3.6,2025-08-14
7405,Customer_1285,Dominos,Fast Food,Singapore,1,1853.05,3.0,2025-04-24
7406,Customer_1591,Pizza Hut,Burger,Singapore,7,4387.36,1.4,2025-09-23
7407,Customer_2278,KFC,Pizza,Sri Lanka,1,4941.52,2.3,2026-04-19
7408,Customer_1247,KFC,Burger,India,1,3133.22,2.3,2025-03-17
7409,Customer_2831,Dominos,Pizza,Sri Lanka,5,3102.14,4.9,2024-07-21
7410,Customer_2055,Subway,Sandwich,Sri Lanka,9,3587.2,1.5,2024-05-17
7411,Customer_1310,Dominos,Sandwich,India,5,4556.2,3.6,2025-05-01
7412,Customer_2423,Dominos,Burger,India,3,628.93,4.2,2026-03-28
7413,Customer_2326,Subway,Pizza,Australia,6,2879.19,2.0,2026-02-25
7414,Customer_812,Burger King,Fast Food,Singapore,6,2325.72,4.9,2024-01-12
7415,Customer_1041,Burger King,Fast Food,Sri Lanka,9,2829.8,4.4,2024-09-08
7416,Customer_2284,Subway,Pizza,Sri Lanka,10,4252.06,4.6,2024-10-24
7417,Customer_2969,KFC,Sandwich,Singapore,9,4025.3,2.2,2025-03-27
7418,Customer_2388,KFC,Pizza,Sri Lanka,9,900.2,3.6,2025-05-23
7419,Customer_2012,Dominos,Fast Food,Sri Lanka,1,1516.58,1.2,2024-03-29
7420,Customer_2013,KFC,Sandwich,Sri Lanka,8,1899.06,2.8,2024-02-24
7421,Customer_433,Dominos,Fast Food,Australia,9,525.94,4.2,2024-09-24
7422,Customer_63,Pizza Hut,Pizza,India,1,4250.82,3.7,2024-01-29
7423,Customer_2956,Pizza Hut,Burger,Sri Lanka,5,4620.69,1.3,2024-06-21
7424,Customer_1013,Subway,Pizza,Sri Lanka,6,3472.26,3.2,2026-01-14
7425,Customer_320,Subway,Pizza,Singapore,8,4725.67,2.1,2026-01-13
7426,Customer_2643,Dominos,Sandwich,Australia,6,2198.38,3.1,2024-09-12
7427,Customer_1271,Dominos,Fast Food,Australia,9,3849.58,1.8,2026-01-29
7428,Customer_1345,Subway,Sandwich,Australia,8,4477.83,4.7,2025-02-10
7429,Customer_2419,Pizza Hut,Burger,Singapore,2,3214.66,3.8,2025-10-06
7430,Customer_62,Subway,Pizza,India,9,4496.01,4.4,2025-09-15
7431,Customer_1424,Dominos,Fast Food,Singapore,9,3357.75,4.1,2025-01-19
7432,Customer_2226,Pizza Hut,Pizza,Singapore,7,2351.43,3.5,2025-01-22
7433,Customer_1578,Subway,Pizza,Singapore,8,3533.26,3.7,2024-05-01
7434,Customer_2598,Dominos,Sandwich,Australia,8,4641.03,4.2,2025-05-29
7435,Customer_1738,Burger King,Sandwich,Singapore,6,3202.08,4.6,2025-07-05
7436,Customer_1777,Dominos,Pizza,Sri Lanka,1,4561.02,2.3,2025-05-17
7437,Customer_1686,Subway,Pizza,India,4,4011.54,1.9,2026-01-19
7438,Customer_2319,KFC,Burger,Singapore,5,3610.45,4.7,2024-08-17
7439,Customer_720,Dominos,Sandwich,Singapore,6,2519.59,2.8,2026-01-06
7440,Customer_2231,Burger King,Burger,Singapore,1,3847.46,4.0,2025-10-22
7441,Customer_334,Dominos,Pizza,India,2,1618.45,1.0,2024-06-08
7442,Customer_2106,Dominos,Pizza,Sri Lanka,3,4924.33,4.1,2024-12-06
7443,Customer_2411,Burger King,Burger,Singapore,7,3283.24,1.9,2024-06-09
7444,Customer_2141,Subway,Pizza,Singapore,1,2473.87,3.9,2025-06-08
7445,Customer_281,Subway,Fast Food,Singapore,3,1347.91,3.6,2026-01-13
7446,Customer_1417,Burger King,Pizza,Australia,5,3310.94,3.3,2024-03-26
7447,Customer_1271,Dominos,Fast Food,Australia,9,3841.53,3.0,2025-05-18
7448,Customer_2881,Dominos,Pizza,Australia,10,2877.94,2.3,2024-04-24
7449,Customer_1545,KFC,Burger,India,7,2181.47,4.2,2025-08-22
7450,Customer_193,Subway,Burger,Sri Lanka,7,4700.67,3.5,2026-01-11
7451,Customer_2844,Dominos,Sandwich,India,5,548.76,3.4,2026-03-09
7452,Customer_2293,Dominos,Fast Food,Sri Lanka,4,1142.05,1.4,2024-06-16
7453,Customer_1631,Dominos,Sandwich,Sri Lanka,2,3546.13,3.5,2026-06-14
7454,Customer_1906,Pizza Hut,Sandwich,Sri Lanka,1,1704.94,2.3,2025-06-07
7455,Customer_2345,Subway,Pizza,Sri Lanka,8,4144.88,4.6,2025-09-16
7456,Customer_2492,Subway,Fast Food,India,3,854.46,1.4,2026-06-06
7457,Customer_2387,Dominos,Fast Food,Australia,1,1358.61,2.2,2025-07-22
7458,Customer_2597,Pizza Hut,Sandwich,India,5,904.54,4.9,2024-04-21
7459,Customer_1052,Pizza Hut,Burger,Singapore,6,2138.96,2.3,2025-12-24
7460,Customer_751,KFC,Pizza,Australia,6,3141.53,2.7,2026-04-05
7461,Customer_1236,Subway,Fast Food,Australia,7,2327.78,1.1,2026-02-12
7462,Customer_1565,KFC,Pizza,Singapore,5,2790.37,2.3,2024-07-20
7463,Customer_1829,Burger King,Burger,India,6,1307.11,4.2,2024-02-25
7464,Customer_2669,Pizza Hut,Fast Food,Sri Lanka,7,2146.52,2.6,2026-05-17
7465,Customer_81,Dominos,Sandwich,Singapore,8,2684.5,3.5,2025-04-17
7466,Customer_852,Burger King,Fast Food,Australia,6,1173.67,4.8,2026-04-21
7467,Customer_2243,Dominos,Burger,Sri Lanka,6,1472.33,4.7,2024-10-09
7468,Customer_71,Burger King,Pizza,Australia,2,4250.61,2.1,2025-08-07
7469,Customer_855,Subway,Pizza,Australia,7,2137.96,4.1,2025-01-22
7470,Customer_594,Dominos,Fast Food,Sri Lanka,1,1846.53,3.6,2024-07-28
7471,Customer_709,Dominos,Burger,India,9,1693.77,2.9,2024-04-16
7472,Customer_2499,Subway,Fast Food,India,1,2130.68,4.7,2024-01-27
7473,Customer_1570,KFC,Pizza,India,4,4182.06,4.2,2024-04-07
7474,Customer_1302,Subway,Pizza,India,9,2428.23,3.0,2024-05-10
7475,Customer_491,Pizza Hut,Pizza,Australia,10,3844.68,1.6,2026-03-15
7476,Customer_868,Pizza Hut,Fast Food,Singapore,3,4419.35,4.0,2026-02-26
7477,Customer_2099,KFC,Pizza,Australia,6,1021.72,3.0,2024-04-25
7478,Customer_2022,Dominos,Sandwich,Sri Lanka,10,2465.21,3.0,2024-04-01
7479,Customer_350,Pizza Hut,Sandwich,India,10,4769.7,4.5,2026-04-09
7480,Customer_936,Burger King,Fast Food,India,4,2126.19,1.3,2024-08-30
7481,Customer_1013,Burger King,Sandwich,India,9,4362.14,3.9,2025-01-17
7482,Customer_1275,Burger King,Fast Food,Australia,1,3085.3,1.4,2026-01-05
7483,Customer_1829,Dominos,Fast Food,Singapore,9,1246.06,3.7,2026-03-23
7484,Customer_710,Pizza Hut,Pizza,Australia,5,2237.75,1.6,2025-07-05
7485,Customer_1640,KFC,Sandwich,India,10,2696.93,1.8,2024-04-09
7486,Customer_2632,Burger King,Sandwich,India,3,4869.28,1.6,2025-03-17
7487,Customer_566,Burger King,Pizza,Singapore,4,2538.48,4.5,2024-05-22
7488,Customer_880,Dominos,Fast Food,India,6,1631.18,2.2,2026-01-12
7489,Customer_2136,Dominos,Burger,Singapore,6,3249.61,2.1,2024-05-19
7490,Customer_1160,Pizza Hut,Sandwich,Singapore,5,1466.73,2.1,2025-04-21
7491,Customer_1410,Dominos,Burger,Sri Lanka,7,3611.29,1.7,2024-01-04
7492,Customer_889,KFC,Pizza,India,5,1845.08,2.1,2024-12-24
7493,Customer_951,Burger King,Burger,Sri Lanka,10,4777.45,2.5,2025-07-04
7494,Customer_2254,Subway,Sandwich,Singapore,6,4649.41,2.1,2024-01-06
7495,Customer_2937,Subway,Fast Food,Australia,8,624.15,2.7,2024-05-19
7496,Customer_1419,Pizza Hut,Fast Food,Singapore,3,1342.4,2.2,2024-07-01
7497,Customer_1838,Dominos,Fast Food,Australia,10,4396.5,3.2,2025-11-06
7498,Customer_676,Burger King,Burger,India,7,1027.18,1.7,2025-05-02
7499,Customer_2806,KFC,Fast Food,Australia,7,2972.95,3.9,2025-06-15
7500,Customer_2293,Pizza Hut,Pizza,Sri Lanka,8,3386.16,4.4,2026-05-30
7501,Customer_2055,Subway,Pizza,India,1,3111.23,1.5,2025-08-31
7502,Customer_2565,Pizza Hut,Fast Food,Australia,3,1379.89,2.4,2024-06-30
7503,Customer_2012,Subway,Fast Food,India,1,3783.9,3.0,2024-09-22
7504,Customer_2380,KFC,Fast Food,India,6,891.11,1.1,2026-03-08
7505,Customer_688,KFC,Sandwich,India,6,4268.86,3.3,2025-11-19
7506,Customer_2338,Subway,Pizza,Australia,10,3610.86,4.0,2026-03-19
7507,Customer_868,KFC,Sandwich,Sri Lanka,4,1301.94,1.7,2024-09-13
7508,Customer_2257,Pizza Hut,Sandwich,Singapore,1,556.47,2.9,2024-02-20
7509,Customer_427,Dominos,Fast Food,Australia,1,4533.05,3.2,2025-06-30
7510,Customer_1203,Dominos,Fast Food,Australia,10,1227.43,3.7,2024-05-31
7511,Customer_1338,Pizza Hut,Burger,Sri Lanka,3,1131.3,4.4,2025-07-08
7512,Customer_1570,Pizza Hut,Fast Food,Singapore,5,3100.31,4.7,2025-03-02
7513,Customer_1811,Pizza Hut,Burger,Sri Lanka,4,2325.9,4.3,2024-04-15
7514,Customer_2952,Dominos,Pizza,Singapore,3,3636.02,3.5,2025-05-27
7515,Customer_2716,Pizza Hut,Fast Food,India,6,3209.9,2.7,2026-03-31
7516,Customer_2135,KFC,Burger,India,3,4936.18,4.7,2024-10-12
7517,Customer_1809,Subway,Sandwich,Singapore,2,2008.45,4.9,2025-12-05
7518,Customer_755,Subway,Burger,Australia,8,867.75,3.3,2025-11-03
7519,Customer_2751,Dominos,Fast Food,Sri Lanka,8,4931.98,3.4,2025-03-25
7520,Customer_2639,Pizza Hut,Pizza,Australia,4,1485.26,4.3,2024-03-26
7521,Customer_2557,KFC,Fast Food,Singapore,3,1408.98,1.0,2024-12-23
7522,Customer_2586,Pizza Hut,Burger,Australia,9,4830.31,4.7,2024-12-12
7523,Customer_1778,Dominos,Pizza,Sri Lanka,5,3500.19,3.2,2025-10-23
7524,Customer_1538,Pizza Hut,Fast Food,Australia,5,1155.99,4.6,2024-02-27
7525,Customer_461,Subway,Burger,Australia,10,3692.62,1.5,2024-04-28
7526,Customer_2971,Dominos,Burger,Australia,2,2641.38,1.9,2024-05-31
7527,Customer_1598,Dominos,Burger,Sri Lanka,5,1503.63,1.9,2025-10-31
7528,Customer_1081,Pizza Hut,Fast Food,Sri Lanka,10,2960.68,4.6,2025-04-06
7529,Customer_441,Pizza Hut,Sandwich,India,9,1240.82,2.1,2026-04-25
7530,Customer_964,KFC,Sandwich,Australia,5,4843.97,3.3,2024-10-04
7531,Customer_1288,Pizza Hut,Fast Food,Singapore,9,3442.67,2.3,2026-01-21
7532,Customer_267,Dominos,Fast Food,Australia,5,4426.31,2.6,2024-11-29
7533,Customer_168,KFC,Burger,Australia,10,3711.68,3.1,2025-07-25
7534,Customer_840,Pizza Hut,Burger,Australia,1,2860.31,3.4,2025-08-31
7535,Customer_138,Pizza Hut,Sandwich,Australia,7,3259.51,1.4,2024-03-12
7536,Customer_2874,KFC,Pizza,India,2,2289.05,3.4,2025-07-02
7537,Customer_690,Dominos,Sandwich,Australia,1,3930.13,4.3,2026-02-15
7538,Customer_2899,Pizza Hut,Sandwich,Australia,1,2015.47,4.3,2024-08-31
7539,Customer_111,Dominos,Burger,Sri Lanka,9,1018.98,2.5,2025-08-03
7540,Customer_236,Subway,Fast Food,Singapore,10,2191.31,1.4,2024-04-22
7541,Customer_1336,Subway,Pizza,Sri Lanka,9,2221.2,1.9,2026-04-03
7542,Customer_1185,Subway,Burger,Australia,6,3707.58,1.8,2025-05-25
7543,Customer_349,Subway,Burger,Singapore,7,3798.16,2.3,2024-07-11
7544,Customer_1007,Burger King,Sandwich,Sri Lanka,3,3960.33,2.6,2025-08-01
7545,Customer_2106,Pizza Hut,Fast Food,Singapore,9,4429.33,5.0,2025-07-15
7546,Customer_2569,KFC,Pizza,Sri Lanka,2,3192.0,1.2,2025-12-22
7547,Customer_893,Pizza Hut,Sandwich,Sri Lanka,8,3823.62,1.5,2026-04-15
7548,Customer_708,Burger King,Burger,Sri Lanka,2,3410.71,3.9,2026-01-05
7549,Customer_2664,Pizza Hut,Pizza,Singapore,8,2383.81,4.5,2025-09-28
7550,Customer_391,Subway,Fast Food,Singapore,9,4368.47,2.2,2026-05-21
7551,Customer_1594,Dominos,Sandwich,Sri Lanka,1,1642.82,3.6,2024-09-26
7552,Customer_1414,Subway,Sandwich,Singapore,6,2736.3,1.7,2024-05-22
7553,Customer_1222,Burger King,Burger,Singapore,10,3490.62,4.2,2024-09-19
7554,Customer_2438,Dominos,Fast Food,Australia,10,4341.92,3.5,2024-03-30
7555,Customer_274,Burger King,Fast Food,Sri Lanka,6,1865.84,3.6,2026-05-15
7556,Customer_2341,Dominos,Pizza,Australia,3,4227.15,2.7,2024-11-14
7557,Customer_2260,Subway,Sandwich,India,10,4892.7,4.2,2024-09-09
7558,Customer_198,Dominos,Sandwich,Singapore,7,2687.3,3.8,2025-11-20
7559,Customer_1052,Burger King,Pizza,Sri Lanka,4,967.04,4.9,2026-05-17
7560,Customer_1970,Subway,Sandwich,Sri Lanka,7,4644.8,2.4,2024-11-24
7561,Customer_270,Pizza Hut,Pizza,Australia,6,3906.97,4.2,2025-07-24
7562,Customer_2256,KFC,Sandwich,India,6,691.79,4.2,2025-03-24
7563,Customer_2096,Pizza Hut,Fast Food,India,3,2567.84,4.1,2025-03-07
7564,Customer_1701,KFC,Pizza,India,6,1310.95,2.7,2025-03-04
7565,Customer_1889,Dominos,Pizza,Singapore,6,2010.97,1.3,2024-03-27
7566,Customer_521,Dominos,Fast Food,India,6,3450.58,2.0,2024-07-27
7567,Customer_1854,Pizza Hut,Fast Food,India,4,1410.14,4.1,2024-05-19
7568,Customer_2637,Pizza Hut,Fast Food,India,6,4380.08,3.7,2024-05-15
7569,Customer_1129,Dominos,Sandwich,Australia,1,4013.82,1.4,2024-02-14
7570,Customer_2943,Burger King,Pizza,India,2,3920.78,2.4,2026-02-28
7571,Customer_2856,Subway,Pizza,Australia,7,1299.67,4.4,2024-10-29
7572,Customer_2276,Dominos,Burger,India,2,3994.92,2.0,2026-01-26
7573,Customer_970,KFC,Sandwich,Australia,10,1178.02,2.4,2026-05-18
7574,Customer_2883,Subway,Sandwich,Australia,6,4780.58,2.9,2026-04-20
7575,Customer_1550,Dominos,Pizza,India,1,1433.71,1.5,2024-03-05
7576,Customer_1778,Subway,Fast Food,Singapore,1,930.44,1.6,2024-04-08
7577,Customer_2871,Burger King,Burger,Singapore,5,4860.02,4.3,2024-03-26
7578,Customer_549,Burger King,Fast Food,India,2,2951.31,1.8,2024-03-30
7579,Customer_799,Burger King,Fast Food,Sri Lanka,8,3087.7,1.3,2025-12-10
7580,Customer_1091,Burger King,Burger,Singapore,7,3815.92,4.7,2024-11-07
7581,Customer_2914,Dominos,Pizza,Australia,4,2349.39,4.3,2026-02-12
7582,Customer_1989,Pizza Hut,Pizza,Sri Lanka,4,1872.82,2.5,2024-04-14
7583,Customer_2835,Burger King,Fast Food,Singapore,6,2212.82,4.9,2025-05-06
7584,Customer_2535,KFC,Pizza,Sri Lanka,1,4707.42,1.7,2026-04-09
7585,Customer_529,KFC,Sandwich,Sri Lanka,7,4961.0,2.2,2024-07-01
7586,Customer_2712,KFC,Burger,Sri Lanka,10,3301.55,2.8,2024-08-10
7587,Customer_655,Pizza Hut,Fast Food,Sri Lanka,6,1100.68,5.0,2026-01-31
7588,Customer_1811,Pizza Hut,Pizza,Sri Lanka,7,4153.3,2.7,2024-06-14
7589,Customer_515,Pizza Hut,Fast Food,Sri Lanka,8,4640.79,4.3,2024-09-19
7590,Customer_1006,Pizza Hut,Fast Food,Sri Lanka,1,3256.49,1.5,2026-06-02
7591,Customer_1075,Dominos,Fast Food,Sri Lanka,6,1336.73,4.7,2025-11-28
7592,Customer_2398,Burger King,Sandwich,Singapore,9,4148.44,3.8,2024-11-14
7593,Customer_86,KFC,Burger,India,8,3585.4,1.7,2024-04-01
7594,Customer_2892,Subway,Pizza,India,10,536.72,2.4,2025-04-15
7595,Customer_743,Burger King,Burger,Sri Lanka,8,3978.29,2.6,2024-08-07
7596,Customer_2971,Dominos,Burger,Singapore,8,4074.58,2.3,2026-04-16
7597,Customer_2343,Burger King,Pizza,Sri Lanka,5,2406.67,4.1,2024-08-06
7598,Customer_2688,Burger King,Burger,India,5,2541.1,3.3,2024-06-19
7599,Customer_270,Pizza Hut,Sandwich,Sri Lanka,9,1694.14,4.2,2025-11-27
7600,Customer_2789,Pizza Hut,Pizza,India,3,1460.67,3.9,2025-07-11
7601,Customer_1111,Subway,Burger,Australia,8,4050.64,3.7,2025-11-26
7602,Customer_2195,Burger King,Burger,Singapore,10,4059.78,3.9,2024-11-05
7603,Customer_1346,Pizza Hut,Burger,India,2,3331.95,2.9,2024-11-04
7604,Customer_2402,Pizza Hut,Burger,India,7,3730.55,2.9,2025-09-27
7605,Customer_832,Subway,Fast Food,Australia,4,4565.89,1.5,2024-08-12
7606,Customer_1154,Dominos,Fast Food,India,4,3800.12,2.4,2025-02-16
7607,Customer_1503,KFC,Burger,Sri Lanka,4,2486.71,4.4,2024-09-27
7608,Customer_1693,Dominos,Sandwich,India,1,4747.15,4.9,2024-01-11
7609,Customer_2301,Pizza Hut,Pizza,India,5,2301.5,2.6,2025-04-16
7610,Customer_2927,Dominos,Burger,India,10,1020.89,3.4,2024-02-22
7611,Customer_2701,Subway,Pizza,India,9,4706.82,3.3,2026-02-18
7612,Customer_2090,KFC,Burger,Sri Lanka,8,1563.04,3.0,2024-03-26
7613,Customer_2616,Burger King,Burger,Sri Lanka,6,665.63,3.0,2025-06-28
7614,Customer_385,Pizza Hut,Burger,Singapore,3,2572.73,3.0,2024-12-20
7615,Customer_2600,Dominos,Pizza,Sri Lanka,8,4706.35,3.8,2025-02-08
7616,Customer_664,Dominos,Pizza,Australia,4,4181.1,4.3,2025-02-06
7617,Customer_1103,Burger King,Sandwich,Australia,2,3692.58,4.4,2024-11-08
7618,Customer_2468,Dominos,Burger,India,1,813.6,2.0,2025-08-29
7619,Customer_871,KFC,Burger,Australia,6,1777.63,4.2,2026-02-06
7620,Customer_513,KFC,Pizza,Sri Lanka,10,4883.5,4.2,2024-04-01
7621,Customer_2060,Burger King,Fast Food,India,2,1076.64,1.2,2025-10-24
7622,Customer_2485,KFC,Fast Food,India,1,4987.39,3.8,2025-01-01
7623,Customer_760,KFC,Fast Food,India,5,4446.37,4.2,2025-10-31
7624,Customer_1670,Subway,Sandwich,Sri Lanka,7,4418.57,1.8,2025-03-12
7625,Customer_651,Subway,Pizza,Singapore,7,2517.65,1.2,2025-07-14
7626,Customer_2729,Pizza Hut,Sandwich,Singapore,4,1974.84,4.4,2024-01-19
7627,Customer_2698,Dominos,Pizza,Australia,10,2075.17,1.1,2025-08-17
7628,Customer_579,Pizza Hut,Pizza,Australia,6,4624.79,1.2,2024-04-28
7629,Customer_1385,KFC,Burger,India,7,3779.87,2.6,2024-06-14
7630,Customer_912,Dominos,Fast Food,Singapore,8,3356.07,4.7,2025-08-18
7631,Customer_1190,Pizza Hut,Pizza,Sri Lanka,5,2817.59,1.7,2024-11-01
7632,Customer_2538,Burger King,Burger,Singapore,3,584.64,4.4,2024-03-16
7633,Customer_1312,KFC,Pizza,Sri Lanka,7,4147.11,4.7,2025-01-18
7634,Customer_2658,Subway,Burger,Australia,6,503.59,2.6,2026-01-24
7635,Customer_1168,Burger King,Fast Food,Australia,9,4173.78,3.9,2025-09-02
7636,Customer_1895,KFC,Pizza,Australia,10,3094.72,4.8,2024-02-25
7637,Customer_614,Subway,Sandwich,Singapore,9,3103.23,1.1,2025-08-16
7638,Customer_1639,Burger King,Pizza,Australia,5,4797.73,3.9,2024-02-01
7639,Customer_1287,KFC,Pizza,Singapore,2,4768.52,4.5,2024-02-02
7640,Customer_392,Dominos,Pizza,Singapore,1,2572.26,1.6,2026-02-22
7641,Customer_2890,KFC,Fast Food,Sri Lanka,6,738.25,3.6,2024-09-23
7642,Customer_20,Dominos,Pizza,Singapore,8,3803.84,3.1,2024-10-27
7643,Customer_194,Burger King,Burger,Sri Lanka,6,3975.33,1.1,2024-03-26
7644,Customer_1087,KFC,Burger,Singapore,9,1771.62,1.2,2025-01-02
7645,Customer_1259,Dominos,Fast Food,Australia,1,3559.48,4.4,2024-04-17
7646,Customer_2123,Dominos,Sandwich,Australia,2,1954.71,4.8,2026-03-13
7647,Customer_2412,KFC,Pizza,Sri Lanka,4,2552.47,4.1,2025-09-16
7648,Customer_2575,Pizza Hut,Sandwich,Australia,1,1886.69,2.9,2024-02-04
7649,Customer_2825,KFC,Pizza,Sri Lanka,10,3612.13,4.7,2025-02-17
7650,Customer_1929,Subway,Fast Food,Australia,2,4567.01,3.6,2024-11-13
7651,Customer_2362,KFC,Burger,India,8,4457.36,5.0,2026-04-09
7652,Customer_1871,Burger King,Fast Food,Singapore,6,1589.05,2.8,2025-05-17
7653,Customer_1537,Dominos,Burger,Singapore,4,3577.41,1.4,2025-02-21
7654,Customer_969,Dominos,Fast Food,Sri Lanka,2,4808.18,4.2,2024-10-30
7655,Customer_2408,Burger King,Pizza,Australia,2,4574.99,1.5,2025-01-12
7656,Customer_2024,Burger King,Sandwich,India,6,2330.46,2.0,2025-06-18
7657,Customer_836,KFC,Burger,Sri Lanka,1,1051.52,1.3,2026-01-19
7658,Customer_2696,Subway,Pizza,Sri Lanka,5,3072.25,4.1,2024-06-18
7659,Customer_314,Pizza Hut,Fast Food,Sri Lanka,3,704.51,1.3,2024-10-03
7660,Customer_1252,Dominos,Burger,Sri Lanka,6,3589.45,3.3,2025-04-09
7661,Customer_2409,Burger King,Pizza,India,9,754.22,4.0,2024-04-08
7662,Customer_1055,Burger King,Pizza,Australia,8,3872.89,3.0,2024-06-25
7663,Customer_2041,Pizza Hut,Pizza,Singapore,9,3396.91,2.5,2024-01-26
7664,Customer_3000,KFC,Sandwich,Australia,3,1985.32,1.7,2024-10-02
7665,Customer_2781,Dominos,Fast Food,India,7,3310.35,1.4,2024-11-13
7666,Customer_2710,Burger King,Sandwich,Singapore,7,3229.5,1.5,2024-11-22
7667,Customer_7,Dominos,Pizza,Singapore,3,1091.94,4.0,2026-06-01
7668,Customer_2871,Pizza Hut,Sandwich,Sri Lanka,9,4457.32,4.8,2024-08-29
7669,Customer_853,Burger King,Burger,Australia,4,3119.76,4.8,2024-09-03
7670,Customer_192,Subway,Pizza,Sri Lanka,4,4794.84,3.9,2026-06-14
7671,Customer_1595,Subway,Fast Food,India,9,1864.21,1.0,2024-11-25
7672,Customer_1847,Subway,Pizza,Singapore,3,3465.6,3.2,2024-06-06
7673,Customer_1131,Subway,Burger,Sri Lanka,5,4134.33,2.8,2026-01-04
7674,Customer_1082,Burger King,Sandwich,Australia,2,2057.96,4.6,2024-02-26
7675,Customer_2481,KFC,Sandwich,Sri Lanka,7,594.79,3.2,2025-10-10
7676,Customer_530,KFC,Pizza,Sri Lanka,1,562.05,3.5,2026-03-29
7677,Customer_1936,Subway,Fast Food,Singapore,8,3788.37,3.2,2025-08-31
7678,Customer_1099,Dominos,Burger,Australia,4,521.45,1.6,2025-10-02
7679,Customer_697,Pizza Hut,Pizza,Sri Lanka,7,3305.44,1.8,2024-07-04
7680,Customer_2198,KFC,Pizza,India,4,1248.88,1.6,2024-11-23
7681,Customer_1062,KFC,Burger,Sri Lanka,7,4323.47,3.1,2024-11-08
7682,Customer_2151,Pizza Hut,Burger,Australia,9,4719.28,1.7,2025-07-23
7683,Customer_673,KFC,Pizza,India,3,2759.51,3.9,2025-11-17
7684,Customer_1619,Pizza Hut,Sandwich,Sri Lanka,1,2787.42,1.4,2025-03-11
7685,Customer_1639,KFC,Pizza,Sri Lanka,4,3394.27,2.8,2025-06-05
7686,Customer_2838,Burger King,Pizza,Sri Lanka,5,2051.33,2.4,2026-02-09
7687,Customer_1055,Dominos,Pizza,India,8,625.49,1.2,2024-11-05
7688,Customer_2114,Subway,Sandwich,Australia,5,1243.85,1.7,2024-09-27
7689,Customer_2513,Dominos,Pizza,Sri Lanka,4,2712.28,3.1,2024-12-17
7690,Customer_1494,Pizza Hut,Pizza,Singapore,5,4309.75,1.6,2026-04-05
7691,Customer_214,Dominos,Fast Food,India,1,3375.77,2.8,2024-02-21
7692,Customer_1781,Dominos,Sandwich,Australia,9,2100.78,3.1,2024-09-06
7693,Customer_384,Burger King,Sandwich,India,4,1546.76,5.0,2025-05-13
7694,Customer_868,Dominos,Fast Food,India,4,2903.75,4.7,2025-05-28
7695,Customer_2426,Burger King,Fast Food,Australia,7,3173.64,2.2,2026-02-05
7696,Customer_1879,Dominos,Fast Food,India,8,4726.0,4.5,2026-05-01
7697,Customer_629,Pizza Hut,Sandwich,Singapore,3,1759.39,1.1,2024-05-02
7698,Customer_2514,Burger King,Pizza,India,5,3456.59,4.0,2025-08-11
7699,Customer_1748,Pizza Hut,Sandwich,India,8,1180.53,1.3,2024-12-01
7700,Customer_2978,Pizza Hut,Fast Food,Sri Lanka,8,1945.31,2.3,2026-05-21
7701,Customer_1604,Dominos,Sandwich,Australia,8,1615.08,1.4,2025-12-11
7702,Customer_1857,Burger King,Burger,Australia,10,4052.79,4.2,2025-03-04
7703,Customer_174,Dominos,Fast Food,Singapore,8,3325.48,3.1,2025-07-31
7704,Customer_2916,Subway,Fast Food,India,1,4145.42,4.9,2026-05-13
7705,Customer_2358,KFC,Pizza,Sri Lanka,1,3020.27,1.9,2026-02-08
7706,Customer_2185,Dominos,Fast Food,Australia,6,4055.04,1.1,2024-05-03
7707,Customer_803,Subway,Pizza,Sri Lanka,4,2792.99,4.4,2026-04-08
7708,Customer_780,Burger King,Burger,India,2,4220.99,2.0,2024-01-11
7709,Customer_902,Pizza Hut,Pizza,Australia,1,4076.37,2.1,2026-01-23
7710,Customer_2568,Subway,Fast Food,Singapore,6,3043.18,5.0,2025-06-11
7711,Customer_936,KFC,Pizza,India,8,2863.32,3.5,2025-04-18
7712,Customer_2138,KFC,Sandwich,India,10,923.64,1.2,2024-05-26
7713,Customer_128,Burger King,Sandwich,Singapore,9,2366.34,1.8,2024-07-01
7714,Customer_912,Subway,Fast Food,Singapore,10,803.31,3.3,2024-02-11
7715,Customer_2234,Dominos,Sandwich,Sri Lanka,8,3420.65,3.8,2024-09-20
7716,Customer_1667,Burger King,Burger,Australia,10,789.16,3.2,2025-07-04
7717,Customer_174,Pizza Hut,Burger,Australia,3,2481.58,4.9,2024-03-24
7718,Customer_1370,Dominos,Pizza,Sri Lanka,2,4963.51,4.0,2024-11-26
7719,Customer_2025,KFC,Burger,Australia,3,4344.24,1.1,2025-06-22
7720,Customer_2625,Dominos,Pizza,Singapore,6,1212.04,3.7,2024-06-14
7721,Customer_689,Dominos,Pizza,India,2,4393.77,3.8,2026-05-12
7722,Customer_1177,Pizza Hut,Sandwich,Singapore,4,2939.63,2.7,2024-08-14
7723,Customer_1497,Subway,Sandwich,India,8,2483.38,1.4,2025-03-25
7724,Customer_2085,Burger King,Sandwich,Sri Lanka,6,1349.11,4.7,2025-08-08
7725,Customer_2994,Burger King,Sandwich,Australia,1,3261.9,4.2,2025-02-07
7726,Customer_1064,Subway,Sandwich,Singapore,2,2421.95,2.2,2024-08-25
7727,Customer_649,Subway,Pizza,Sri Lanka,8,2661.29,1.8,2025-02-14
7728,Customer_80,Burger King,Pizza,Sri Lanka,9,4594.79,1.3,2026-02-25
7729,Customer_96,Pizza Hut,Sandwich,Singapore,9,1564.05,4.5,2024-01-14
7730,Customer_2124,KFC,Sandwich,India,8,3377.16,1.3,2026-05-06
7731,Customer_1986,Pizza Hut,Pizza,India,3,1929.72,3.9,2025-07-06
7732,Customer_2558,KFC,Pizza,India,3,2636.33,4.5,2024-03-31
7733,Customer_1193,Burger King,Burger,Australia,5,3959.26,4.6,2025-10-26
7734,Customer_1818,Subway,Sandwich,India,5,1772.11,2.8,2024-06-13
7735,Customer_2986,Dominos,Fast Food,Singapore,5,606.78,4.7,2025-11-24
7736,Customer_1588,Dominos,Burger,India,1,3564.66,2.5,2025-07-25
7737,Customer_1935,Dominos,Pizza,India,8,2191.26,4.3,2024-08-11
7738,Customer_1300,Subway,Pizza,Sri Lanka,9,2715.53,4.4,2024-05-14
7739,Customer_2310,Pizza Hut,Fast Food,India,9,4922.43,1.7,2025-05-20
7740,Customer_661,Dominos,Pizza,Australia,9,1002.43,2.7,2024-03-25
7741,Customer_138,KFC,Sandwich,India,3,3692.22,4.0,2024-03-17
7742,Customer_419,Subway,Pizza,India,6,2386.81,4.2,2026-01-23
7743,Customer_2079,Burger King,Burger,India,8,3526.02,4.2,2026-03-02
7744,Customer_2049,Burger King,Fast Food,Sri Lanka,3,2096.76,3.8,2024-07-07
7745,Customer_177,Burger King,Pizza,India,1,3031.31,1.3,2024-02-29
7746,Customer_2050,Pizza Hut,Pizza,Australia,8,4614.19,2.6,2024-06-09
7747,Customer_1766,Dominos,Pizza,Sri Lanka,4,4871.85,3.0,2025-03-04
7748,Customer_1092,Pizza Hut,Pizza,Singapore,6,861.67,2.9,2025-09-03
7749,Customer_2192,Burger King,Fast Food,Australia,2,3708.44,3.9,2025-11-29
7750,Customer_2308,Subway,Fast Food,Australia,6,807.28,1.6,2025-05-21
7751,Customer_2957,Burger King,Sandwich,Australia,4,4052.08,2.3,2025-06-04
7752,Customer_1075,Pizza Hut,Burger,Singapore,9,1805.14,3.7,2025-08-06
7753,Customer_2384,KFC,Burger,Sri Lanka,2,711.54,2.8,2025-10-11
7754,Customer_716,Subway,Sandwich,Singapore,3,1126.36,4.9,2026-06-04
7755,Customer_1936,Burger King,Fast Food,India,3,2013.47,2.0,2024-12-13
7756,Customer_482,KFC,Pizza,Singapore,3,2177.68,4.5,2026-01-05
7757,Customer_2336,Burger King,Burger,Sri Lanka,4,3564.28,2.8,2025-11-24
7758,Customer_2236,KFC,Burger,Australia,7,2612.36,2.8,2024-11-20
7759,Customer_2535,Dominos,Sandwich,Singapore,9,1360.68,1.0,2024-08-31
7760,Customer_1309,Pizza Hut,Sandwich,India,9,520.14,2.7,2025-03-30
7761,Customer_1978,Subway,Burger,Sri Lanka,10,3625.4,4.3,2025-02-18
7762,Customer_1881,KFC,Sandwich,India,3,3277.74,3.9,2024-02-09
7763,Customer_1599,Burger King,Fast Food,India,7,810.13,3.5,2025-05-26
7764,Customer_1458,Burger King,Burger,Sri Lanka,3,3177.93,4.7,2026-02-27
7765,Customer_1484,Dominos,Burger,Sri Lanka,6,3863.56,2.1,2025-09-18
7766,Customer_291,Burger King,Pizza,India,9,1507.64,2.3,2024-11-03
7767,Customer_140,KFC,Pizza,India,6,4561.91,1.3,2025-02-15
7768,Customer_1230,Subway,Sandwich,India,7,3297.41,4.7,2025-05-14
7769,Customer_190,Burger King,Burger,Singapore,1,2635.58,3.6,2026-01-22
7770,Customer_1077,KFC,Burger,Sri Lanka,8,2185.61,1.8,2026-03-24
7771,Customer_658,Dominos,Fast Food,Sri Lanka,9,3530.03,2.1,2025-03-24
7772,Customer_824,Pizza Hut,Burger,Singapore,10,4880.58,1.4,2025-02-10
7773,Customer_1728,Burger King,Fast Food,Singapore,6,4986.47,3.0,2024-07-02
7774,Customer_797,Dominos,Sandwich,Sri Lanka,7,3700.98,3.1,2024-11-23
7775,Customer_2556,Dominos,Burger,Sri Lanka,2,3084.66,4.8,2024-02-14
7776,Customer_2268,Dominos,Burger,Australia,8,1373.63,1.7,2025-06-03
7777,Customer_2624,Dominos,Burger,Australia,6,2576.2,4.6,2025-05-01
7778,Customer_1893,Pizza Hut,Sandwich,Sri Lanka,9,3964.54,4.2,2025-11-29
7779,Customer_1390,Subway,Pizza,Australia,9,4061.06,4.4,2026-01-25
7780,Customer_2946,KFC,Pizza,Singapore,6,1886.8,4.9,2024-10-17
7781,Customer_2974,Burger King,Sandwich,Australia,3,2627.52,1.2,2024-03-13
7782,Customer_2632,Burger King,Sandwich,India,7,2304.29,4.0,2024-03-27
7783,Customer_2203,Pizza Hut,Fast Food,Australia,3,2527.67,4.2,2025-08-01
7784,Customer_109,Pizza Hut,Burger,Australia,7,1571.72,1.4,2024-06-02
7785,Customer_1137,Dominos,Fast Food,Singapore,7,3355.65,3.3,2026-01-06
7786,Customer_659,KFC,Sandwich,Australia,6,3625.36,3.2,2024-07-24
7787,Customer_2133,KFC,Pizza,India,2,1685.39,2.0,2025-06-11
7788,Customer_1465,Burger King,Burger,India,9,4105.22,4.8,2024-06-07
7789,Customer_33,Dominos,Sandwich,Singapore,6,1434.39,3.0,2024-06-27
7790,Customer_2859,Pizza Hut,Fast Food,Sri Lanka,1,1182.45,3.1,2025-04-04
7791,Customer_1,Pizza Hut,Fast Food,India,3,3863.78,2.6,2024-03-25
7792,Customer_369,Dominos,Fast Food,Singapore,5,1887.98,3.5,2026-05-19
7793,Customer_2378,Pizza Hut,Sandwich,India,8,3626.52,4.1,2025-12-22
7794,Customer_15,KFC,Burger,India,6,780.93,1.3,2024-12-19
7795,Customer_2351,Pizza Hut,Burger,India,6,1412.43,2.3,2024-05-16
7796,Customer_641,Dominos,Fast Food,Singapore,7,3853.9,4.6,2025-08-22
7797,Customer_685,Burger King,Pizza,India,4,2887.34,1.4,2025-01-19
7798,Customer_199,Dominos,Fast Food,Sri Lanka,8,2574.35,4.7,2025-11-16
7799,Customer_1264,Dominos,Fast Food,India,5,4957.71,4.6,2024-10-27
7800,Customer_2354,Pizza Hut,Sandwich,Australia,1,2550.96,4.0,2024-09-28
7801,Customer_390,KFC,Pizza,India,2,4355.57,4.4,2024-07-26
7802,Customer_1118,Subway,Sandwich,Singapore,3,963.75,3.0,2024-08-19
7803,Customer_2615,Pizza Hut,Pizza,Singapore,6,970.64,1.4,2024-03-14
7804,Customer_2299,Dominos,Sandwich,India,4,3242.94,2.8,2024-10-13
7805,Customer_790,KFC,Sandwich,Singapore,1,1217.13,3.1,2026-06-12
7806,Customer_2558,Dominos,Pizza,Australia,6,4646.64,3.6,2025-12-13
7807,Customer_279,KFC,Fast Food,Sri Lanka,5,4659.84,3.4,2024-01-18
7808,Customer_1426,KFC,Burger,India,6,3095.11,1.9,2025-08-26
7809,Customer_344,Subway,Sandwich,Australia,5,3061.73,3.0,2024-01-08
7810,Customer_2555,Burger King,Burger,Australia,10,3054.19,2.0,2024-12-10
7811,Customer_289,Pizza Hut,Pizza,Sri Lanka,4,2769.73,3.7,2024-05-31
7812,Customer_2587,Dominos,Fast Food,India,7,599.78,2.2,2024-01-02
7813,Customer_274,KFC,Fast Food,Sri Lanka,1,1788.36,3.2,2024-05-14
7814,Customer_1932,Burger King,Pizza,Sri Lanka,1,4540.52,3.1,2025-09-15
7815,Customer_1768,Burger King,Burger,India,6,3549.7,2.3,2025-07-18
7816,Customer_2886,Subway,Sandwich,India,3,1244.28,1.2,2025-03-19
7817,Customer_2636,Burger King,Burger,Australia,2,2569.95,1.1,2026-02-03
7818,Customer_1568,Dominos,Pizza,India,10,1474.27,4.5,2026-06-01
7819,Customer_1686,Subway,Fast Food,Singapore,1,4249.43,2.0,2025-10-22
7820,Customer_2647,Dominos,Pizza,India,6,3914.33,4.9,2025-06-12
7821,Customer_2985,KFC,Burger,Sri Lanka,8,4444.31,3.5,2026-03-07
7822,Customer_1246,Dominos,Sandwich,Sri Lanka,1,1877.76,1.8,2024-02-25
7823,Customer_2815,Dominos,Sandwich,India,8,4438.83,4.5,2024-01-08
7824,Customer_1405,KFC,Pizza,Singapore,5,1471.97,1.9,2025-01-05
7825,Customer_1617,KFC,Pizza,Australia,1,2415.32,4.1,2025-12-14
7826,Customer_2169,KFC,Sandwich,India,3,4529.21,1.9,2024-11-07
7827,Customer_293,Burger King,Sandwich,Australia,7,2672.36,4.7,2024-01-03
7828,Customer_1020,Subway,Fast Food,Australia,5,4546.3,1.3,2024-01-31
7829,Customer_2848,KFC,Fast Food,India,10,2727.47,4.4,2024-11-18
7830,Customer_496,Pizza Hut,Burger,Australia,4,1480.17,2.5,2026-04-13
7831,Customer_2392,Subway,Fast Food,India,5,684.61,3.3,2024-02-14
7832,Customer_2855,Pizza Hut,Fast Food,Singapore,7,2767.21,3.7,2025-02-22
7833,Customer_1531,Burger King,Burger,India,3,2081.95,4.4,2025-02-05
7834,Customer_1599,Subway,Burger,Singapore,6,2147.96,2.7,2025-03-26
7835,Customer_1202,Burger King,Pizza,India,8,2721.64,1.1,2026-02-25
7836,Customer_861,KFC,Burger,India,7,4211.27,2.2,2025-09-09
7837,Customer_564,KFC,Pizza,Sri Lanka,7,2234.2,3.5,2024-10-13
7838,Customer_716,KFC,Fast Food,Australia,10,2963.79,1.3,2024-12-29
7839,Customer_744,Pizza Hut,Pizza,Australia,8,4465.33,2.8,2024-10-21
7840,Customer_493,KFC,Burger,Sri Lanka,5,3153.15,3.1,2024-08-13
7841,Customer_874,Dominos,Pizza,India,2,4639.44,2.4,2025-12-29
7842,Customer_836,KFC,Sandwich,India,5,4607.95,4.9,2024-12-25
7843,Customer_1769,KFC,Fast Food,Singapore,6,4894.17,2.4,2025-10-27
7844,Customer_1860,Dominos,Burger,Australia,7,4353.98,4.6,2024-05-26
7845,Customer_278,Burger King,Sandwich,India,1,3381.13,3.8,2025-08-23
7846,Customer_2090,Burger King,Fast Food,Australia,5,3368.96,1.5,2026-02-10
7847,Customer_2147,KFC,Sandwich,Singapore,7,1015.07,1.1,2025-08-03
7848,Customer_97,Burger King,Sandwich,Sri Lanka,2,4683.65,2.4,2024-11-16
7849,Customer_1447,Burger King,Fast Food,Sri Lanka,8,4688.77,4.2,2026-03-01
7850,Customer_2233,Pizza Hut,Sandwich,Singapore,2,888.77,3.2,2025-10-02
7851,Customer_113,Pizza Hut,Sandwich,Sri Lanka,9,2472.71,1.5,2025-09-14
7852,Customer_33,Pizza Hut,Pizza,Singapore,9,1462.11,1.5,2025-04-12
7853,Customer_1663,KFC,Burger,India,1,2256.56,2.5,2026-02-15
7854,Customer_284,Pizza Hut,Sandwich,Singapore,7,3245.46,2.4,2026-06-16
7855,Customer_1367,KFC,Sandwich,India,2,3220.87,4.5,2024-09-09
7856,Customer_1833,Pizza Hut,Fast Food,India,4,1279.01,3.8,2025-12-28
7857,Customer_2856,Dominos,Pizza,India,6,4775.49,2.5,2024-02-02
7858,Customer_574,Pizza Hut,Pizza,India,1,4131.1,1.8,2026-05-01
7859,Customer_2084,Subway,Fast Food,Australia,7,3707.72,4.8,2024-11-02
7860,Customer_335,Dominos,Pizza,Sri Lanka,1,3407.14,2.1,2024-07-28
7861,Customer_859,Pizza Hut,Fast Food,Singapore,8,4421.96,3.6,2025-02-08
7862,Customer_2202,Dominos,Pizza,Australia,1,3571.61,2.2,2025-08-02
7863,Customer_1482,Subway,Pizza,Sri Lanka,9,979.71,4.9,2024-10-29
7864,Customer_1471,Burger King,Sandwich,Sri Lanka,10,3110.77,1.8,2024-06-01
7865,Customer_424,KFC,Burger,Sri Lanka,6,1752.35,1.0,2026-04-22
7866,Customer_1687,Burger King,Sandwich,Sri Lanka,9,4262.51,2.5,2026-05-24
7867,Customer_2581,Subway,Burger,India,7,2967.47,1.4,2024-05-13
7868,Customer_1211,Burger King,Pizza,Australia,9,3425.27,4.1,2024-03-31
7869,Customer_548,Pizza Hut,Sandwich,Australia,6,3498.97,3.1,2026-04-30
7870,Customer_2195,Burger King,Fast Food,India,3,1227.27,3.9,2024-12-03
7871,Customer_2810,Pizza Hut,Pizza,Sri Lanka,9,4925.87,2.7,2025-01-22
7872,Customer_1987,KFC,Burger,India,8,3157.83,4.0,2025-03-20
7873,Customer_1163,Burger King,Burger,Australia,2,3704.73,3.4,2026-01-17
7874,Customer_1803,Dominos,Burger,India,2,3796.55,1.0,2025-02-19
7875,Customer_2281,KFC,Fast Food,Singapore,4,3757.06,2.2,2026-02-15
7876,Customer_2975,Dominos,Fast Food,Sri Lanka,9,1652.88,2.3,2026-05-04
7877,Customer_2978,Burger King,Burger,India,4,2570.89,2.0,2026-06-15
7878,Customer_2820,Burger King,Sandwich,India,5,4935.74,2.7,2024-08-03
7879,Customer_2088,KFC,Pizza,India,6,4319.18,4.5,2025-09-25
7880,Customer_1379,Pizza Hut,Pizza,India,8,4703.49,2.0,2024-08-14
7881,Customer_2621,Subway,Fast Food,India,4,2830.2,3.0,2025-02-09
7882,Customer_900,Dominos,Fast Food,Australia,9,4467.81,4.5,2024-04-23
7883,Customer_2012,Burger King,Pizza,India,3,4048.68,4.4,2025-12-30
7884,Customer_2736,KFC,Fast Food,Sri Lanka,5,554.95,1.6,2025-10-03
7885,Customer_1152,KFC,Fast Food,India,4,3550.53,3.2,2025-11-08
7886,Customer_864,Subway,Burger,Australia,4,2115.1,1.1,2025-10-17
7887,Customer_514,Pizza Hut,Burger,Singapore,4,2943.68,2.6,2024-02-25
7888,Customer_2318,Burger King,Pizza,Singapore,6,2784.89,3.9,2025-03-01
7889,Customer_2525,Pizza Hut,Sandwich,Australia,2,4278.29,3.8,2024-11-07
7890,Customer_1204,Burger King,Burger,India,3,3184.13,3.0,2024-11-13
7891,Customer_2014,Burger King,Burger,India,9,1440.46,3.0,2024-07-13
7892,Customer_2152,Dominos,Fast Food,Singapore,7,2300.24,2.0,2025-07-10
7893,Customer_757,Subway,Fast Food,Sri Lanka,2,2026.26,3.9,2024-11-02
7894,Customer_2092,KFC,Burger,Singapore,8,525.61,2.4,2025-01-23
7895,Customer_2732,Subway,Fast Food,Sri Lanka,5,4477.3,4.8,2024-09-22
7896,Customer_1521,Burger King,Sandwich,Singapore,6,930.36,1.7,2025-03-14
7897,Customer_1977,Burger King,Fast Food,Singapore,6,4115.33,2.4,2025-03-10
7898,Customer_2104,KFC,Burger,Australia,7,1239.2,3.3,2024-07-24
7899,Customer_1237,Subway,Burger,Singapore,6,988.67,3.8,2024-08-14
7900,Customer_635,KFC,Fast Food,Australia,8,2305.01,2.4,2024-06-06
7901,Customer_1833,Dominos,Burger,Singapore,2,1254.98,3.3,2025-03-13
7902,Customer_2800,KFC,Pizza,Australia,5,939.3,2.5,2025-07-15
7903,Customer_2376,Dominos,Pizza,India,6,3525.1,4.4,2026-03-28
7904,Customer_1173,Subway,Pizza,Singapore,4,3890.93,3.6,2024-04-13
7905,Customer_654,Subway,Fast Food,India,2,3922.45,1.3,2025-11-04
7906,Customer_2820,Subway,Sandwich,Singapore,5,4485.96,2.1,2025-02-04
7907,Customer_1836,Subway,Sandwich,Singapore,4,1090.2,2.8,2026-04-19
7908,Customer_355,Pizza Hut,Sandwich,Australia,5,4267.08,3.7,2025-06-28
7909,Customer_1614,Subway,Sandwich,Sri Lanka,9,3717.26,2.9,2024-05-26
7910,Customer_2923,Pizza Hut,Burger,India,10,3002.46,2.8,2024-02-28
7911,Customer_86,Burger King,Burger,Sri Lanka,10,790.64,4.2,2026-04-18
7912,Customer_2400,Subway,Burger,Australia,2,4309.32,4.7,2026-02-19
7913,Customer_691,Dominos,Fast Food,Australia,3,1138.37,2.8,2024-10-22
7914,Customer_1216,Burger King,Fast Food,India,3,2857.34,2.3,2024-01-30
7915,Customer_2054,Subway,Pizza,Singapore,1,3018.15,1.2,2026-05-12
7916,Customer_1416,Dominos,Burger,India,2,3004.54,4.9,2024-08-29
7917,Customer_122,Burger King,Pizza,Australia,7,664.26,4.0,2024-02-07
7918,Customer_618,Subway,Burger,Australia,10,3087.14,4.2,2026-06-01
7919,Customer_1875,KFC,Sandwich,India,2,3435.52,1.2,2025-10-17
7920,Customer_33,Subway,Sandwich,Singapore,8,4283.34,2.1,2024-03-14
7921,Customer_530,Subway,Burger,Singapore,10,583.04,1.9,2025-11-23
7922,Customer_2748,Pizza Hut,Sandwich,Australia,3,3855.23,3.1,2024-10-12
7923,Customer_1475,Subway,Burger,Singapore,7,4765.99,3.7,2024-08-15
7924,Customer_2942,Dominos,Burger,Australia,2,4958.13,1.3,2025-07-04
7925,Customer_1154,Subway,Sandwich,Sri Lanka,6,3210.15,3.6,2024-08-31
7926,Customer_2047,Pizza Hut,Sandwich,India,8,1144.39,2.3,2026-02-14
7927,Customer_1108,KFC,Sandwich,Sri Lanka,2,1606.02,4.8,2025-02-04
7928,Customer_2187,Dominos,Fast Food,Australia,8,961.87,4.4,2025-06-14
7929,Customer_2542,Subway,Burger,Singapore,6,4623.19,3.0,2024-06-14
7930,Customer_216,Subway,Sandwich,Australia,7,1030.37,2.5,2024-02-15
7931,Customer_1146,Subway,Pizza,Australia,7,3751.06,1.5,2025-09-16
7932,Customer_1732,Subway,Burger,Singapore,8,4908.12,2.8,2026-04-05
7933,Customer_1364,KFC,Pizza,Australia,10,2527.33,2.3,2025-09-09
7934,Customer_2512,KFC,Fast Food,India,7,4694.68,4.5,2024-08-08
7935,Customer_2307,KFC,Pizza,Singapore,1,1615.54,3.2,2025-08-07
7936,Customer_1627,Pizza Hut,Burger,Singapore,5,4929.2,4.5,2025-12-05
7937,Customer_776,Dominos,Pizza,Singapore,9,538.48,1.9,2026-05-09
7938,Customer_1915,Pizza Hut,Sandwich,Australia,9,4461.4,1.1,2024-03-22
7939,Customer_1652,Pizza Hut,Pizza,Sri Lanka,5,4265.32,2.4,2024-10-18
7940,Customer_1548,Burger King,Sandwich,Singapore,4,3606.64,4.0,2024-11-30
7941,Customer_1601,KFC,Fast Food,India,10,1143.32,3.6,2024-08-02
7942,Customer_721,KFC,Fast Food,Australia,3,935.78,1.9,2024-05-23
7943,Customer_2338,Subway,Pizza,Sri Lanka,5,3392.04,2.8,2025-08-31
7944,Customer_881,Dominos,Fast Food,Sri Lanka,3,1542.87,2.3,2026-01-03
7945,Customer_2874,Subway,Pizza,Singapore,8,3687.44,2.4,2025-04-03
7946,Customer_331,KFC,Pizza,India,10,1196.46,1.1,2024-01-08
7947,Customer_857,Dominos,Fast Food,Australia,6,4475.28,4.5,2024-08-27
7948,Customer_29,Subway,Burger,Sri Lanka,8,3676.56,3.4,2025-12-31
7949,Customer_332,KFC,Pizza,India,4,4428.79,2.6,2024-03-21
7950,Customer_1279,Subway,Pizza,India,7,3024.35,1.4,2025-03-08
7951,Customer_57,Pizza Hut,Pizza,India,9,1389.67,1.9,2025-07-15
7952,Customer_1868,KFC,Sandwich,Sri Lanka,5,3737.37,1.2,2025-03-20
7953,Customer_2758,Dominos,Fast Food,Australia,6,4499.38,2.7,2025-05-25
7954,Customer_2950,Burger King,Fast Food,Sri Lanka,2,552.59,3.8,2025-11-16
7955,Customer_2468,Burger King,Pizza,India,3,4688.38,1.3,2025-09-16
7956,Customer_2009,Subway,Burger,India,3,688.57,4.6,2025-09-27
7957,Customer_2785,Subway,Fast Food,Sri Lanka,8,1212.39,1.6,2024-02-09
7958,Customer_581,Dominos,Burger,Singapore,9,1566.54,1.1,2026-03-27
7959,Customer_1266,Burger King,Fast Food,Sri Lanka,9,4759.32,1.8,2025-10-01
7960,Customer_1104,Burger King,Pizza,Australia,4,2685.91,1.6,2026-02-18
7961,Customer_1230,Pizza Hut,Sandwich,Australia,9,1683.16,4.0,2025-09-04
7962,Customer_637,KFC,Pizza,India,2,748.79,1.3,2024-02-14
7963,Customer_281,Subway,Fast Food,Sri Lanka,5,3385.56,4.0,2025-03-25
7964,Customer_2368,KFC,Pizza,Australia,2,626.67,4.0,2025-03-31
7965,Customer_1233,KFC,Burger,Sri Lanka,6,3231.15,2.6,2024-06-05
7966,Customer_230,Dominos,Pizza,Singapore,9,1820.44,4.6,2024-04-18
7967,Customer_1920,Dominos,Sandwich,Singapore,2,3604.02,4.7,2025-07-15
7968,Customer_2185,Dominos,Pizza,Singapore,3,3757.45,1.1,2025-10-10
7969,Customer_2404,Dominos,Burger,Sri Lanka,1,4771.45,3.8,2024-06-23
7970,Customer_260,Pizza Hut,Fast Food,India,6,4643.96,3.5,2024-11-12
7971,Customer_194,Dominos,Burger,Sri Lanka,2,2654.38,3.2,2024-08-04
7972,Customer_1332,Pizza Hut,Burger,India,9,2812.12,4.9,2026-05-15
7973,Customer_2494,Dominos,Fast Food,Australia,5,2385.09,1.1,2024-11-13
7974,Customer_177,Subway,Burger,Australia,2,2636.26,4.7,2026-05-13
7975,Customer_516,Pizza Hut,Burger,Singapore,4,4278.64,4.6,2024-09-22
7976,Customer_1803,Subway,Sandwich,Australia,3,2239.42,1.6,2026-04-28
7977,Customer_2139,Burger King,Burger,Sri Lanka,4,1538.27,1.8,2026-06-11
7978,Customer_2672,Pizza Hut,Pizza,Sri Lanka,1,1471.12,4.0,2025-07-19
7979,Customer_116,KFC,Pizza,India,6,2942.2,1.8,2024-01-16
7980,Customer_97,Dominos,Pizza,Singapore,5,3511.54,4.0,2026-04-03
7981,Customer_1516,Dominos,Fast Food,India,3,2783.8,2.6,2026-05-02
7982,Customer_1081,Pizza Hut,Sandwich,Sri Lanka,5,1511.38,4.4,2024-02-06
7983,Customer_2922,Burger King,Fast Food,India,5,4211.05,3.7,2024-08-13
7984,Customer_2987,Burger King,Sandwich,Australia,4,1381.35,1.9,2025-04-08
7985,Customer_66,KFC,Fast Food,Australia,9,3998.46,3.0,2024-10-05
7986,Customer_2715,Subway,Burger,India,6,514.45,4.5,2025-01-03
7987,Customer_2468,KFC,Burger,Sri Lanka,10,4117.18,2.1,2024-05-08
7988,Customer_2333,Burger King,Pizza,Singapore,4,1571.94,1.3,2024-03-05
7989,Customer_2519,KFC,Sandwich,Australia,6,2313.4,3.2,2026-04-13
7990,Customer_2694,Pizza Hut,Pizza,India,1,3373.2,1.1,2026-06-07
7991,Customer_2229,Burger King,Sandwich,India,8,3173.24,1.3,2024-07-13
7992,Customer_755,Burger King,Sandwich,Australia,2,2957.67,3.7,2026-05-29
7993,Customer_2434,Pizza Hut,Burger,Singapore,2,3332.41,1.2,2026-06-18
7994,Customer_1087,Pizza Hut,Sandwich,India,5,582.01,2.8,2026-01-17
7995,Customer_310,Dominos,Fast Food,Sri Lanka,1,3027.25,4.2,2025-03-31
7996,Customer_450,Dominos,Pizza,Australia,10,3768.05,2.7,2024-08-13
7997,Customer_391,Burger King,Burger,India,4,4324.04,4.1,2024-06-28
7998,Customer_1313,KFC,Fast Food,Singapore,6,1090.73,4.9,2026-06-03
7999,Customer_2238,Dominos,Fast Food,India,3,1649.18,1.1,2026-04-24
8000,Customer_2748,Pizza Hut,Fast Food,India,6,3082.42,3.0,2025-10-18
8001,Customer_1369,Subway,Fast Food,India,6,672.37,1.2,2025-12-26
8002,Customer_2297,Dominos,Burger,Sri Lanka,9,3160.84,2.5,2024-05-28
8003,Customer_2000,Subway,Burger,India,4,2058.85,3.5,2025-10-22
8004,Customer_156,KFC,Sandwich,Australia,3,997.47,2.2,2025-11-20
8005,Customer_2182,Subway,Burger,Sri Lanka,7,3748.77,4.8,2024-05-22
8006,Customer_1141,Burger King,Sandwich,Singapore,10,4684.86,2.9,2025-12-27
8007,Customer_1705,Subway,Pizza,India,1,2056.73,4.3,2025-09-28
8008,Customer_1503,Dominos,Fast Food,Australia,6,4403.59,1.8,2026-05-05
8009,Customer_947,Pizza Hut,Burger,India,5,3305.76,3.2,2026-01-27
8010,Customer_2323,Subway,Pizza,Singapore,9,2617.01,2.2,2025-01-05
8011,Customer_2757,Dominos,Pizza,Sri Lanka,5,3338.0,1.0,2024-09-01
8012,Customer_87,KFC,Fast Food,Sri Lanka,9,978.21,3.7,2025-09-15
8013,Customer_910,Subway,Fast Food,Sri Lanka,2,3393.02,1.0,2024-01-08
8014,Customer_1531,Subway,Sandwich,Singapore,3,823.35,2.7,2024-12-18
8015,Customer_1034,Subway,Burger,Australia,4,4725.83,2.3,2024-08-08
8016,Customer_1069,Dominos,Burger,Australia,1,4067.49,1.6,2024-11-04
8017,Customer_2272,KFC,Fast Food,Singapore,2,1548.46,2.8,2024-08-22
8018,Customer_2381,Burger King,Fast Food,Singapore,4,4060.62,4.3,2024-03-28
8019,Customer_500,Burger King,Sandwich,India,6,2044.52,1.6,2025-05-11
8020,Customer_1781,Subway,Sandwich,India,9,2497.57,1.2,2024-11-08
8021,Customer_684,KFC,Pizza,India,3,2666.55,2.2,2026-06-06
8022,Customer_980,KFC,Sandwich,Australia,1,1219.9,2.4,2024-09-24
8023,Customer_1326,Subway,Pizza,Australia,6,3018.69,1.2,2025-07-16
8024,Customer_2954,KFC,Fast Food,Sri Lanka,9,947.41,2.4,2024-08-29
8025,Customer_2953,Subway,Fast Food,Australia,2,1639.21,3.6,2024-10-13
8026,Customer_2910,KFC,Sandwich,India,8,3360.96,4.3,2025-06-18
8027,Customer_189,Subway,Burger,Australia,8,4965.81,3.1,2025-08-15
8028,Customer_271,KFC,Pizza,Australia,1,2328.97,4.5,2025-10-18
8029,Customer_1168,Dominos,Fast Food,India,4,2079.94,2.8,2026-01-09
8030,Customer_2965,KFC,Sandwich,Sri Lanka,3,4380.99,2.3,2026-03-26
8031,Customer_2825,Dominos,Pizza,Australia,9,1038.49,2.1,2024-12-21
8032,Customer_2649,Burger King,Sandwich,Singapore,2,4975.49,1.2,2026-05-25
8033,Customer_1032,Subway,Pizza,India,4,3285.62,2.7,2025-04-05
8034,Customer_560,Subway,Burger,Sri Lanka,5,978.51,1.0,2025-01-04
8035,Customer_740,Dominos,Burger,Australia,8,1738.19,2.6,2026-02-14
8036,Customer_2382,Subway,Pizza,Australia,1,2695.29,4.5,2026-05-27
8037,Customer_1946,KFC,Sandwich,Australia,4,2181.96,4.8,2024-08-20
8038,Customer_460,KFC,Fast Food,Australia,7,1597.85,3.0,2025-05-22
8039,Customer_238,Subway,Burger,India,1,1657.95,4.1,2025-10-26
8040,Customer_1608,KFC,Pizza,India,2,723.64,2.6,2025-07-06
8041,Customer_1310,Dominos,Burger,Singapore,5,3573.43,3.4,2025-12-05
8042,Customer_1612,Dominos,Pizza,Australia,3,947.17,1.1,2025-02-09
8043,Customer_1221,Pizza Hut,Pizza,Singapore,5,4012.3,3.5,2024-09-10
8044,Customer_2811,Subway,Pizza,Australia,10,3610.1,3.8,2026-02-22
8045,Customer_1948,Subway,Pizza,Australia,4,3294.03,4.2,2024-10-13
8046,Customer_1596,KFC,Fast Food,Australia,5,1172.99,4.2,2024-12-10
8047,Customer_1695,Dominos,Fast Food,India,7,3805.76,1.2,2024-05-16
8048,Customer_1766,Pizza Hut,Fast Food,Singapore,7,2476.73,1.7,2024-08-01
8049,Customer_493,Dominos,Sandwich,Australia,10,1746.32,1.3,2024-05-25
8050,Customer_1993,Dominos,Pizza,Sri Lanka,5,2037.34,4.6,2024-09-28
8051,Customer_2996,Dominos,Sandwich,Sri Lanka,7,1119.37,2.6,2025-03-29
8052,Customer_1120,KFC,Sandwich,Sri Lanka,7,1493.53,1.2,2026-03-22
8053,Customer_2415,Subway,Pizza,India,4,3377.96,4.3,2025-04-21
8054,Customer_2384,Pizza Hut,Sandwich,Singapore,4,3489.44,2.5,2025-07-22
8055,Customer_906,Subway,Pizza,Sri Lanka,2,2766.25,2.8,2025-03-04
8056,Customer_424,Dominos,Pizza,Singapore,10,2866.77,2.8,2026-02-10
8057,Customer_2754,Pizza Hut,Fast Food,Australia,10,2580.18,2.2,2024-12-02
8058,Customer_1688,Subway,Burger,Sri Lanka,1,3290.98,2.8,2026-03-10
8059,Customer_1070,Dominos,Pizza,India,7,3990.43,4.7,2025-11-23
8060,Customer_407,Dominos,Sandwich,India,10,4752.83,3.2,2025-10-28
8061,Customer_544,Subway,Sandwich,Singapore,4,3413.31,4.5,2025-08-10
8062,Customer_2007,Dominos,Sandwich,India,10,2188.24,1.9,2026-01-19
8063,Customer_525,Dominos,Pizza,Singapore,1,583.11,4.2,2025-01-16
8064,Customer_1507,Pizza Hut,Burger,Sri Lanka,9,1740.66,3.8,2025-01-04
8065,Customer_948,Subway,Fast Food,Sri Lanka,2,2567.49,4.7,2025-06-06
8066,Customer_2229,KFC,Fast Food,Singapore,10,554.1,3.0,2026-03-23
8067,Customer_2627,Subway,Sandwich,Sri Lanka,9,1283.79,2.7,2026-05-22
8068,Customer_1697,Dominos,Burger,Sri Lanka,3,2985.21,1.0,2024-03-11
8069,Customer_108,KFC,Pizza,India,5,1823.82,2.6,2025-07-28
8070,Customer_2854,Dominos,Burger,Sri Lanka,8,3645.13,2.4,2024-03-26
8071,Customer_1631,Dominos,Pizza,Singapore,6,4880.82,4.3,2025-03-19
8072,Customer_895,Subway,Pizza,India,10,1290.05,4.9,2024-11-01
8073,Customer_2991,Subway,Burger,Sri Lanka,10,3100.61,1.5,2025-11-20
8074,Customer_1620,Subway,Fast Food,Singapore,7,3947.96,3.3,2026-03-03
8075,Customer_1835,Dominos,Burger,India,8,1443.58,2.3,2025-01-09
8076,Customer_1073,Pizza Hut,Sandwich,Sri Lanka,6,1849.85,1.6,2025-07-20
8077,Customer_2541,KFC,Sandwich,Australia,7,3595.32,4.2,2026-02-09
8078,Customer_1692,Dominos,Burger,Singapore,2,2754.59,4.4,2025-08-24
8079,Customer_2874,Dominos,Sandwich,Sri Lanka,8,1545.36,3.9,2024-03-20
8080,Customer_189,Pizza Hut,Fast Food,Singapore,10,2619.55,2.6,2026-01-13
8081,Customer_191,Pizza Hut,Pizza,India,1,612.01,4.7,2025-11-15
8082,Customer_2869,Dominos,Burger,India,4,2802.32,1.5,2025-12-06
8083,Customer_1309,KFC,Pizza,Sri Lanka,10,1898.58,1.7,2024-12-17
8084,Customer_1378,Dominos,Pizza,Sri Lanka,3,3833.64,4.6,2024-09-23
8085,Customer_1479,Burger King,Fast Food,Australia,2,858.74,1.8,2024-06-22
8086,Customer_1650,Burger King,Burger,Australia,3,1982.04,2.3,2026-03-16
8087,Customer_1596,Burger King,Sandwich,India,7,1864.35,3.4,2025-03-31
8088,Customer_107,Subway,Pizza,Singapore,3,2800.56,3.5,2024-11-27
8089,Customer_1519,Dominos,Pizza,Sri Lanka,4,3702.42,1.4,2025-05-08
8090,Customer_805,Pizza Hut,Sandwich,Sri Lanka,5,1563.49,1.7,2025-12-10
8091,Customer_1500,Subway,Burger,Singapore,1,3198.71,3.3,2025-05-27
8092,Customer_1698,Subway,Fast Food,India,4,4046.75,2.9,2024-01-22
8093,Customer_1057,Burger King,Fast Food,Singapore,2,3455.89,1.9,2024-03-02
8094,Customer_1040,Dominos,Fast Food,Singapore,9,4547.23,2.9,2025-03-08
8095,Customer_2208,Pizza Hut,Pizza,Sri Lanka,3,3400.04,2.8,2024-11-17
8096,Customer_1983,Subway,Fast Food,Australia,4,4827.36,3.2,2026-05-17
8097,Customer_1364,Pizza Hut,Burger,India,5,4823.7,5.0,2025-05-26
8098,Customer_1850,Pizza Hut,Pizza,Singapore,8,1413.79,4.8,2025-08-14
8099,Customer_126,Burger King,Fast Food,Australia,4,1242.44,4.6,2024-01-04
8100,Customer_2841,Dominos,Burger,Australia,2,4033.14,4.3,2026-03-04
8101,Customer_547,KFC,Pizza,Sri Lanka,1,4521.48,3.8,2026-02-23
8102,Customer_2260,Dominos,Burger,Singapore,3,3633.4,3.8,2025-11-30
8103,Customer_1064,Subway,Sandwich,Sri Lanka,10,1530.63,4.4,2024-08-16
8104,Customer_261,Burger King,Sandwich,Australia,7,2609.2,4.4,2024-04-05
8105,Customer_899,KFC,Burger,Sri Lanka,5,990.51,4.5,2025-05-13
8106,Customer_1870,KFC,Fast Food,India,5,1517.58,1.5,2024-03-12
8107,Customer_1877,Subway,Pizza,Australia,8,4146.37,3.8,2025-08-18
8108,Customer_1895,Burger King,Fast Food,India,6,3364.94,1.8,2024-04-26
8109,Customer_161,Burger King,Sandwich,Australia,2,4351.29,1.6,2024-02-08
8110,Customer_1111,Pizza Hut,Sandwich,Singapore,6,1682.2,1.9,2024-08-03
8111,Customer_746,Dominos,Pizza,Sri Lanka,2,4117.83,4.3,2026-03-03
8112,Customer_2259,Subway,Pizza,India,10,2769.74,1.2,2024-02-26
8113,Customer_593,Pizza Hut,Pizza,India,8,637.4,3.7,2024-06-04
8114,Customer_2868,Pizza Hut,Pizza,Singapore,1,2733.05,3.5,2026-03-17
8115,Customer_143,Dominos,Pizza,Singapore,4,3971.94,2.3,2024-07-17
8116,Customer_2349,Burger King,Fast Food,Singapore,3,2916.36,2.3,2024-05-21
8117,Customer_1572,Dominos,Pizza,Sri Lanka,7,4568.73,1.2,2025-07-09
8118,Customer_1937,Subway,Sandwich,India,5,2906.57,2.8,2024-06-07
8119,Customer_1482,Dominos,Fast Food,India,9,4281.24,5.0,2025-03-05
8120,Customer_2483,Burger King,Burger,India,2,974.34,3.8,2025-02-22
8121,Customer_1357,KFC,Fast Food,Singapore,2,2003.84,4.2,2025-09-03
8122,Customer_2938,Subway,Burger,Singapore,2,1449.28,1.3,2025-04-28
8123,Customer_535,Subway,Pizza,Sri Lanka,1,1715.12,4.4,2026-04-29
8124,Customer_2580,Burger King,Pizza,Australia,8,3290.01,2.3,2025-07-18
8125,Customer_1466,Burger King,Burger,Sri Lanka,9,1955.91,2.0,2026-05-04
8126,Customer_1376,Subway,Fast Food,Singapore,10,726.35,2.0,2025-06-14
8127,Customer_2248,Dominos,Burger,Australia,5,4301.87,2.6,2026-03-14
8128,Customer_1590,Subway,Fast Food,Australia,10,1883.63,2.4,2024-05-29
8129,Customer_544,Pizza Hut,Fast Food,India,1,4078.24,3.0,2025-10-21
8130,Customer_795,Pizza Hut,Fast Food,Australia,4,589.95,4.9,2025-05-25
8131,Customer_847,KFC,Sandwich,Singapore,8,772.75,1.6,2024-08-13
8132,Customer_2369,KFC,Burger,India,9,1884.11,3.8,2025-05-20
8133,Customer_2852,Dominos,Fast Food,India,3,2181.93,4.7,2024-05-27
8134,Customer_2879,Burger King,Burger,Sri Lanka,5,3910.6,2.7,2024-05-23
8135,Customer_1128,KFC,Pizza,Sri Lanka,3,3522.79,1.4,2025-05-12
8136,Customer_1336,Burger King,Burger,Australia,9,3886.68,1.1,2026-02-01
8137,Customer_1224,Dominos,Fast Food,Sri Lanka,2,2249.93,3.1,2025-11-24
8138,Customer_2027,Pizza Hut,Pizza,Singapore,8,3552.55,4.4,2024-01-04
8139,Customer_949,Pizza Hut,Burger,Sri Lanka,5,3354.29,4.2,2025-05-16
8140,Customer_1831,KFC,Sandwich,India,1,1884.45,2.0,2024-01-11
8141,Customer_2765,Burger King,Fast Food,Australia,5,4659.49,1.4,2024-07-01
8142,Customer_1823,Subway,Burger,Singapore,4,4550.11,4.0,2024-03-18
8143,Customer_1639,Pizza Hut,Burger,Australia,6,4208.78,1.3,2024-07-23
8144,Customer_65,Burger King,Pizza,Sri Lanka,3,2880.02,2.7,2025-09-06
8145,Customer_1741,Dominos,Sandwich,Singapore,6,2225.33,2.6,2026-06-11
8146,Customer_2055,KFC,Sandwich,India,4,3936.35,1.6,2025-09-16
8147,Customer_1157,Subway,Fast Food,Singapore,9,4275.96,1.8,2025-08-05
8148,Customer_2371,Subway,Fast Food,Singapore,1,802.59,2.2,2025-08-19
8149,Customer_2111,Dominos,Fast Food,India,8,3638.52,1.9,2024-04-25
8150,Customer_531,Burger King,Sandwich,Singapore,9,4011.9,1.4,2025-09-28
8151,Customer_1590,Burger King,Pizza,Australia,1,2786.76,3.1,2025-12-07
8152,Customer_974,KFC,Burger,India,10,2349.09,3.3,2024-06-28
8153,Customer_2568,Burger King,Sandwich,Singapore,4,4771.2,2.0,2026-05-22
8154,Customer_1048,Subway,Pizza,India,2,1611.3,1.6,2024-06-09
8155,Customer_1612,Pizza Hut,Sandwich,Australia,7,590.41,2.6,2024-01-06
8156,Customer_613,Dominos,Burger,Australia,1,4657.87,3.9,2026-04-12
8157,Customer_2530,Burger King,Pizza,Singapore,2,4579.03,4.5,2025-02-20
8158,Customer_2388,Pizza Hut,Pizza,Australia,4,3328.85,3.1,2026-01-24
8159,Customer_290,KFC,Burger,Sri Lanka,3,1940.2,2.6,2026-02-09
8160,Customer_2456,Dominos,Burger,Singapore,7,713.87,3.9,2024-03-26
8161,Customer_1218,KFC,Burger,Sri Lanka,5,1159.09,3.7,2024-02-29
8162,Customer_1537,KFC,Sandwich,Sri Lanka,7,746.62,2.6,2024-11-18
8163,Customer_110,Pizza Hut,Sandwich,India,5,2583.66,2.6,2024-09-09
8164,Customer_2825,Pizza Hut,Burger,India,2,4281.72,3.5,2025-01-31
8165,Customer_2167,KFC,Sandwich,Australia,8,2193.11,4.2,2025-05-07
8166,Customer_919,Dominos,Sandwich,Singapore,3,1873.08,4.0,2025-09-09
8167,Customer_692,Dominos,Burger,Sri Lanka,3,4309.51,3.7,2024-09-20
8168,Customer_1689,Pizza Hut,Pizza,India,7,4888.37,1.6,2025-10-17
8169,Customer_2925,Subway,Sandwich,Singapore,10,3052.58,4.4,2026-05-04
8170,Customer_2069,Pizza Hut,Burger,Sri Lanka,7,3680.71,1.5,2025-11-05
8171,Customer_1877,Burger King,Sandwich,Sri Lanka,1,1824.34,1.1,2026-05-17
8172,Customer_1935,KFC,Pizza,Australia,9,4715.49,3.0,2025-03-11
8173,Customer_2133,Pizza Hut,Fast Food,Singapore,3,1741.56,1.3,2024-09-29
8174,Customer_1424,Dominos,Pizza,Singapore,6,813.03,1.7,2025-01-31
8175,Customer_1077,Pizza Hut,Burger,India,9,618.51,2.9,2024-12-10
8176,Customer_1227,Dominos,Sandwich,Sri Lanka,2,2391.48,3.3,2025-03-07
8177,Customer_68,KFC,Pizza,India,7,1064.77,5.0,2024-05-21
8178,Customer_1521,KFC,Fast Food,India,8,2930.24,2.3,2025-02-13
8179,Customer_2825,KFC,Pizza,Australia,5,4382.04,2.5,2025-01-31
8180,Customer_667,Subway,Fast Food,Australia,6,2952.27,3.3,2024-03-10
8181,Customer_898,Subway,Burger,Australia,3,1805.55,4.4,2025-03-01
8182,Customer_161,Pizza Hut,Burger,Australia,2,3859.8,4.8,2024-12-13
8183,Customer_1635,Dominos,Sandwich,Sri Lanka,6,3002.69,1.2,2026-01-20
8184,Customer_2330,KFC,Burger,India,10,3378.63,3.6,2024-11-19
8185,Customer_1380,Subway,Pizza,India,3,4761.05,4.3,2024-03-28
8186,Customer_691,Pizza Hut,Fast Food,Singapore,9,3870.42,2.6,2024-02-27
8187,Customer_178,KFC,Pizza,Sri Lanka,5,3265.5,3.4,2025-11-11
8188,Customer_1780,Subway,Fast Food,Singapore,9,996.75,4.1,2024-12-24
8189,Customer_1058,Subway,Pizza,Singapore,2,3831.68,1.3,2025-01-09
8190,Customer_2285,KFC,Pizza,Singapore,7,3928.26,4.4,2024-09-04
8191,Customer_1167,Subway,Pizza,Australia,8,3654.17,1.9,2024-11-08
8192,Customer_1207,KFC,Sandwich,Singapore,9,3862.27,2.1,2024-08-26
8193,Customer_1621,Dominos,Fast Food,Sri Lanka,6,4700.6,2.6,2024-12-15
8194,Customer_316,Dominos,Fast Food,Singapore,5,3522.92,2.5,2025-10-22
8195,Customer_2021,Dominos,Sandwich,Sri Lanka,2,2619.54,3.2,2025-06-07
8196,Customer_2551,Dominos,Fast Food,Australia,8,1523.84,2.8,2025-11-23
8197,Customer_2947,Pizza Hut,Pizza,Singapore,10,2741.09,3.9,2025-07-08
8198,Customer_2033,KFC,Fast Food,Sri Lanka,10,4539.53,2.7,2024-05-17
8199,Customer_2395,Burger King,Sandwich,Australia,3,975.63,2.2,2026-03-19
8200,Customer_2673,Dominos,Burger,Australia,4,4113.69,2.7,2025-01-15
8201,Customer_1243,KFC,Fast Food,Singapore,9,1731.33,4.3,2024-10-29
8202,Customer_1910,Subway,Burger,Australia,8,1386.52,4.5,2025-01-17
8203,Customer_2594,Dominos,Sandwich,Singapore,3,2882.37,2.4,2024-12-16
8204,Customer_344,KFC,Fast Food,India,4,4355.06,4.1,2025-03-10
8205,Customer_1650,KFC,Fast Food,Singapore,10,1778.28,3.4,2026-06-12
8206,Customer_2367,Dominos,Sandwich,Singapore,7,2149.15,4.6,2024-07-30
8207,Customer_2047,Pizza Hut,Fast Food,Singapore,6,4867.81,2.1,2024-10-29
8208,Customer_1771,Pizza Hut,Sandwich,Australia,2,891.68,2.9,2025-08-17
8209,Customer_894,Burger King,Burger,Sri Lanka,7,724.38,1.5,2025-03-05
8210,Customer_415,Dominos,Pizza,Singapore,10,2368.92,4.8,2025-08-25
8211,Customer_666,Dominos,Pizza,India,3,4143.37,1.7,2025-05-06
8212,Customer_2016,KFC,Fast Food,Singapore,9,1284.44,1.8,2024-07-31
8213,Customer_2049,Pizza Hut,Pizza,Sri Lanka,1,2437.39,3.2,2025-08-18
8214,Customer_1839,KFC,Sandwich,Singapore,2,4960.32,4.9,2025-09-21
8215,Customer_354,Burger King,Sandwich,Sri Lanka,2,1209.56,4.3,2025-08-21
8216,Customer_866,Subway,Burger,Australia,5,853.64,4.1,2025-07-10
8217,Customer_1584,Pizza Hut,Sandwich,Sri Lanka,6,689.78,2.7,2024-10-09
8218,Customer_2777,Dominos,Burger,India,9,1992.33,1.8,2025-12-12
8219,Customer_1067,Burger King,Burger,Singapore,9,4478.33,3.1,2024-02-02
8220,Customer_1375,Subway,Pizza,India,3,4380.37,4.5,2026-03-30
8221,Customer_76,Dominos,Burger,Singapore,8,1876.06,1.5,2024-02-23
8222,Customer_556,Pizza Hut,Fast Food,Sri Lanka,4,4639.29,4.8,2024-10-05
8223,Customer_2939,Dominos,Sandwich,India,2,4659.82,1.1,2024-01-02
8224,Customer_2968,Dominos,Sandwich,Singapore,1,4816.18,4.2,2026-05-04
8225,Customer_2286,Pizza Hut,Sandwich,Singapore,3,1059.7,4.8,2025-11-17
8226,Customer_446,KFC,Pizza,Sri Lanka,5,2253.09,2.4,2025-05-10
8227,Customer_1628,Burger King,Fast Food,Sri Lanka,7,3515.6,2.4,2024-08-19
8228,Customer_2801,Pizza Hut,Pizza,Singapore,7,3661.25,1.7,2026-04-15
8229,Customer_158,Subway,Sandwich,Sri Lanka,1,1127.18,2.0,2024-06-05
8230,Customer_2905,Burger King,Fast Food,Singapore,4,3210.27,2.0,2024-01-22
8231,Customer_796,Burger King,Fast Food,Australia,7,528.37,3.7,2025-07-17
8232,Customer_2288,KFC,Burger,Singapore,5,569.76,4.0,2026-02-10
8233,Customer_2829,Burger King,Pizza,Australia,5,1783.04,1.5,2025-08-03
8234,Customer_1512,Dominos,Sandwich,Singapore,2,4240.09,3.4,2025-04-23
8235,Customer_359,KFC,Pizza,India,10,4711.94,3.5,2024-07-09
8236,Customer_470,Subway,Sandwich,Singapore,2,679.36,1.8,2024-01-11
8237,Customer_420,Dominos,Burger,Sri Lanka,9,2567.93,2.5,2026-04-02
8238,Customer_2780,Pizza Hut,Burger,Sri Lanka,2,3289.98,4.4,2025-05-02
8239,Customer_877,Pizza Hut,Fast Food,Australia,6,3320.1,1.4,2025-07-02
8240,Customer_1926,KFC,Fast Food,India,1,1719.81,4.1,2025-11-12
8241,Customer_359,Subway,Burger,Sri Lanka,6,1220.35,1.9,2024-02-03
8242,Customer_2253,Dominos,Sandwich,Australia,7,2710.76,1.7,2024-03-21
8243,Customer_441,KFC,Sandwich,Australia,1,3647.63,4.8,2024-10-08
8244,Customer_1279,Pizza Hut,Fast Food,Sri Lanka,10,2092.72,4.5,2025-06-12
8245,Customer_2574,KFC,Pizza,India,5,3133.96,3.8,2025-09-10
8246,Customer_1044,Burger King,Fast Food,Singapore,7,4668.51,4.6,2024-10-04
8247,Customer_1416,Subway,Pizza,India,3,737.06,3.4,2026-05-22
8248,Customer_1577,Burger King,Sandwich,Sri Lanka,9,1346.55,4.8,2026-04-26
8249,Customer_1428,Burger King,Fast Food,Australia,4,1294.37,1.3,2024-06-21
8250,Customer_2902,Dominos,Pizza,Australia,6,2198.49,1.2,2024-04-27
8251,Customer_316,Subway,Pizza,Sri Lanka,9,3373.11,3.2,2024-12-18
8252,Customer_1851,Subway,Fast Food,Singapore,2,1398.76,1.9,2024-04-26
8253,Customer_2943,Burger King,Sandwich,India,3,4922.03,1.6,2025-06-14
8254,Customer_2831,Burger King,Sandwich,Sri Lanka,4,2438.62,3.3,2024-03-01
8255,Customer_2378,KFC,Burger,Singapore,1,2716.23,1.7,2025-01-18
8256,Customer_2680,Subway,Pizza,Sri Lanka,5,3687.8,4.0,2025-05-05
8257,Customer_2521,Subway,Fast Food,Sri Lanka,8,1145.28,1.3,2026-02-01
8258,Customer_1967,Pizza Hut,Pizza,Singapore,2,2223.11,1.4,2024-08-21
8259,Customer_1946,KFC,Sandwich,Sri Lanka,3,1152.27,2.2,2025-12-07
8260,Customer_679,Dominos,Pizza,Sri Lanka,1,2905.25,1.1,2024-02-08
8261,Customer_765,Pizza Hut,Fast Food,Australia,4,3367.96,4.3,2024-07-30
8262,Customer_2196,Burger King,Fast Food,Australia,4,4951.74,3.7,2024-08-31
8263,Customer_2115,Subway,Pizza,India,1,2667.93,1.9,2025-12-24
8264,Customer_2409,Dominos,Pizza,Singapore,3,2881.09,4.7,2024-08-23
8265,Customer_862,Pizza Hut,Burger,India,4,2783.59,3.7,2024-03-15
8266,Customer_93,Subway,Fast Food,Sri Lanka,8,4160.27,4.0,2025-05-31
8267,Customer_1749,Burger King,Pizza,Singapore,8,3817.1,3.4,2025-09-23
8268,Customer_2171,Burger King,Pizza,Australia,4,4289.55,4.1,2025-04-18
8269,Customer_269,KFC,Burger,Australia,2,1516.03,4.4,2025-09-24
8270,Customer_2569,Burger King,Burger,Australia,2,4078.18,2.4,2025-04-16
8271,Customer_699,KFC,Pizza,Australia,5,686.52,2.5,2024-10-14
8272,Customer_2673,Subway,Burger,Australia,2,541.84,3.1,2025-07-23
8273,Customer_2595,Pizza Hut,Sandwich,Sri Lanka,1,4514.24,3.7,2024-06-04
8274,Customer_2194,Burger King,Pizza,Sri Lanka,6,3208.18,3.5,2024-10-07
8275,Customer_2439,Dominos,Burger,Singapore,1,3016.01,2.8,2026-03-16
8276,Customer_1388,Burger King,Sandwich,Singapore,8,1987.68,4.8,2024-05-17
8277,Customer_2241,Pizza Hut,Sandwich,Singapore,9,1511.17,1.8,2026-02-15
8278,Customer_1932,Subway,Fast Food,Sri Lanka,1,4312.14,3.7,2024-10-08
8279,Customer_1750,KFC,Fast Food,Singapore,5,4014.16,2.1,2024-05-01
8280,Customer_826,Pizza Hut,Sandwich,Sri Lanka,6,3550.45,1.3,2025-08-17
8281,Customer_2523,Pizza Hut,Fast Food,Singapore,1,3345.43,4.6,2024-10-21
8282,Customer_476,Subway,Sandwich,Australia,10,4425.68,2.0,2024-12-15
8283,Customer_1559,Dominos,Fast Food,Sri Lanka,2,2654.56,2.1,2024-01-26
8284,Customer_1202,KFC,Burger,India,5,4362.53,4.4,2025-06-14
8285,Customer_489,Subway,Pizza,Sri Lanka,7,3716.56,4.9,2025-04-20
8286,Customer_1215,Dominos,Pizza,Sri Lanka,9,2656.83,1.8,2026-03-31
8287,Customer_2679,Subway,Pizza,India,5,4836.6,2.3,2025-06-30
8288,Customer_2963,Burger King,Fast Food,India,4,1518.93,4.6,2025-09-08
8289,Customer_2448,Burger King,Burger,India,3,1601.15,2.1,2025-02-22
8290,Customer_899,Burger King,Burger,Sri Lanka,7,3277.09,3.2,2025-08-03
8291,Customer_800,Dominos,Sandwich,Singapore,3,3920.38,2.2,2026-03-22
8292,Customer_2039,Pizza Hut,Burger,India,8,4305.96,3.9,2025-07-30
8293,Customer_2559,Dominos,Burger,Singapore,5,4681.36,2.4,2026-01-11
8294,Customer_2454,KFC,Burger,Sri Lanka,4,4749.64,2.9,2024-08-11
8295,Customer_1645,Burger King,Burger,Australia,5,501.99,2.6,2025-09-04
8296,Customer_2424,Burger King,Pizza,Australia,4,1226.88,1.8,2025-08-31
8297,Customer_952,Pizza Hut,Fast Food,Sri Lanka,2,3414.4,4.3,2025-08-18
8298,Customer_717,Pizza Hut,Pizza,India,1,4641.03,1.1,2025-05-16
8299,Customer_1450,Dominos,Burger,Singapore,3,3495.19,3.1,2024-01-30
8300,Customer_505,Dominos,Fast Food,Sri Lanka,9,4196.6,1.3,2025-11-14
8301,Customer_1000,Dominos,Burger,Sri Lanka,7,3166.83,4.8,2024-04-20
8302,Customer_1480,Pizza Hut,Burger,Sri Lanka,5,3398.33,4.6,2024-02-02
8303,Customer_1451,Pizza Hut,Pizza,Sri Lanka,9,4033.03,2.2,2024-09-04
8304,Customer_1202,Pizza Hut,Sandwich,India,3,1242.54,3.1,2025-04-16
8305,Customer_1665,KFC,Pizza,Singapore,7,4214.96,4.6,2024-12-29
8306,Customer_753,KFC,Burger,India,2,2740.19,3.3,2024-01-06
8307,Customer_433,Pizza Hut,Pizza,Sri Lanka,4,623.09,3.8,2024-05-17
8308,Customer_84,KFC,Sandwich,Sri Lanka,10,579.39,4.6,2024-03-16
8309,Customer_359,Burger King,Sandwich,Singapore,1,3686.74,2.5,2025-06-17
8310,Customer_889,Pizza Hut,Burger,Singapore,10,3833.91,3.8,2024-09-06
8311,Customer_1655,Subway,Burger,Australia,4,1674.97,3.6,2025-04-06
8312,Customer_1122,Burger King,Pizza,Australia,5,2313.09,1.8,2026-03-28
8313,Customer_1954,KFC,Pizza,India,1,688.26,3.9,2026-06-05
8314,Customer_1870,Pizza Hut,Sandwich,Singapore,3,1560.06,5.0,2024-10-05
8315,Customer_1500,KFC,Fast Food,Sri Lanka,3,3350.38,4.2,2024-06-29
8316,Customer_366,Subway,Burger,Sri Lanka,1,988.75,1.5,2026-04-03
8317,Customer_550,Pizza Hut,Sandwich,Sri Lanka,9,2727.69,3.6,2024-12-18
8318,Customer_1243,Dominos,Burger,Singapore,7,3431.0,2.8,2024-04-10
8319,Customer_153,Burger King,Pizza,Singapore,4,3944.6,2.8,2025-05-20
8320,Customer_333,Burger King,Pizza,Australia,4,4370.2,2.4,2025-01-11
8321,Customer_1754,KFC,Pizza,India,9,4480.39,2.2,2024-09-26
8322,Customer_1658,Dominos,Fast Food,Sri Lanka,10,2691.32,4.1,2026-02-20
8323,Customer_2365,Pizza Hut,Fast Food,India,7,985.41,1.9,2026-03-05
8324,Customer_403,Burger King,Fast Food,Australia,2,2948.31,4.5,2025-07-22
8325,Customer_1218,Pizza Hut,Fast Food,Australia,9,4987.94,4.2,2025-09-29
8326,Customer_1781,Pizza Hut,Burger,Singapore,10,2160.27,3.7,2024-12-09
8327,Customer_1286,Dominos,Sandwich,Singapore,6,2158.53,4.7,2025-09-03
8328,Customer_273,KFC,Pizza,Australia,1,704.3,1.3,2026-02-20
8329,Customer_1343,KFC,Pizza,Sri Lanka,5,614.1,1.4,2025-12-15
8330,Customer_1978,Dominos,Pizza,Australia,3,604.6,1.6,2024-01-27
8331,Customer_1881,KFC,Pizza,Sri Lanka,10,1852.52,2.0,2024-04-21
8332,Customer_101,Subway,Pizza,Australia,2,3529.47,3.2,2024-07-10
8333,Customer_1898,Dominos,Sandwich,India,5,996.73,3.9,2025-01-03
8334,Customer_611,KFC,Fast Food,Singapore,4,1919.22,1.4,2025-04-01
8335,Customer_1599,Pizza Hut,Sandwich,Singapore,5,3100.45,3.1,2024-08-05
8336,Customer_2427,Burger King,Pizza,Australia,3,1944.22,2.3,2026-05-16
8337,Customer_1305,Burger King,Burger,Sri Lanka,6,1716.14,4.9,2024-09-09
8338,Customer_1725,Pizza Hut,Burger,India,9,2718.84,4.6,2024-09-11
8339,Customer_10,Subway,Burger,Singapore,1,2417.84,2.1,2024-08-28
8340,Customer_1223,Burger King,Pizza,Australia,1,3055.0,3.7,2024-05-01
8341,Customer_787,KFC,Sandwich,Australia,8,3082.88,1.2,2025-08-15
8342,Customer_1457,Pizza Hut,Fast Food,Singapore,4,3077.65,3.1,2024-11-30
8343,Customer_1113,Burger King,Fast Food,Australia,3,4860.44,3.4,2024-12-06
8344,Customer_979,Dominos,Fast Food,Australia,8,2349.1,3.0,2024-12-18
8345,Customer_2492,Subway,Burger,Singapore,9,1559.36,2.3,2024-03-04
8346,Customer_401,Subway,Pizza,Australia,5,4995.64,1.7,2024-12-29
8347,Customer_1486,Burger King,Sandwich,Sri Lanka,2,4603.0,1.7,2025-01-06
8348,Customer_1391,Pizza Hut,Pizza,India,7,3091.24,2.5,2025-08-26
8349,Customer_1226,Pizza Hut,Pizza,Sri Lanka,2,629.72,2.4,2024-08-18
8350,Customer_2338,Subway,Fast Food,Australia,7,618.38,2.4,2026-02-09
8351,Customer_2600,Subway,Pizza,Sri Lanka,10,2403.44,4.5,2024-11-09
8352,Customer_1270,Subway,Fast Food,Singapore,7,4396.93,2.5,2024-07-21
8353,Customer_2020,Dominos,Pizza,Sri Lanka,5,2114.56,3.6,2024-11-26
8354,Customer_1706,KFC,Pizza,India,2,3202.45,3.5,2024-07-15
8355,Customer_867,Pizza Hut,Pizza,Sri Lanka,1,2998.91,1.5,2026-03-13
8356,Customer_889,Subway,Sandwich,Singapore,4,4678.9,4.9,2024-02-11
8357,Customer_107,Pizza Hut,Sandwich,Singapore,9,3206.27,4.3,2025-07-15
8358,Customer_2341,Dominos,Sandwich,Sri Lanka,7,4379.94,4.8,2024-04-06
8359,Customer_2707,Subway,Burger,India,4,4721.61,2.7,2025-06-05
8360,Customer_2447,Subway,Pizza,India,9,797.12,1.7,2024-02-03
8361,Customer_1202,Subway,Fast Food,Sri Lanka,5,745.09,2.2,2024-05-23
8362,Customer_943,Burger King,Sandwich,Australia,8,3453.87,3.1,2025-09-02
8363,Customer_1017,Subway,Burger,India,8,1300.71,2.5,2024-10-15
8364,Customer_52,Pizza Hut,Burger,India,6,2845.43,3.3,2025-06-13
8365,Customer_73,Pizza Hut,Pizza,India,4,658.82,1.0,2024-06-05
8366,Customer_2492,KFC,Sandwich,Singapore,1,4303.21,3.0,2026-01-07
8367,Customer_1454,Burger King,Burger,Australia,6,721.94,1.4,2025-06-03
8368,Customer_377,Dominos,Sandwich,Sri Lanka,5,1216.48,4.2,2025-07-10
8369,Customer_1212,Burger King,Pizza,Singapore,8,2648.64,3.8,2024-05-21
8370,Customer_1054,Pizza Hut,Fast Food,Sri Lanka,9,681.21,3.5,2026-04-27
8371,Customer_2639,Dominos,Burger,Sri Lanka,4,4671.74,3.6,2024-07-01
8372,Customer_1060,Subway,Burger,Singapore,5,1128.45,1.6,2025-05-03
8373,Customer_880,Pizza Hut,Sandwich,Singapore,10,4706.9,1.0,2024-12-12
8374,Customer_946,Dominos,Pizza,Australia,7,2048.29,1.9,2026-03-05
8375,Customer_2035,KFC,Burger,India,5,2960.04,3.4,2024-08-01
8376,Customer_248,Pizza Hut,Fast Food,Sri Lanka,3,1628.39,1.1,2025-09-24
8377,Customer_296,KFC,Sandwich,Singapore,7,4063.66,2.6,2026-03-20
8378,Customer_545,Burger King,Burger,Singapore,9,2625.55,2.2,2025-02-11
8379,Customer_530,Subway,Burger,Australia,3,920.59,4.9,2024-04-09
8380,Customer_1992,Burger King,Pizza,Sri Lanka,10,1652.93,3.6,2024-06-28
8381,Customer_1937,Subway,Fast Food,India,7,2659.46,2.7,2024-10-21
8382,Customer_1711,Subway,Burger,Sri Lanka,3,2227.25,1.9,2025-10-07
8383,Customer_2818,KFC,Sandwich,Australia,2,1879.14,3.6,2025-06-27
8384,Customer_1410,Pizza Hut,Sandwich,India,4,1380.69,1.2,2026-03-19
8385,Customer_1953,Pizza Hut,Pizza,India,5,4285.22,4.6,2025-06-17
8386,Customer_1476,KFC,Sandwich,Sri Lanka,5,3267.64,3.5,2025-07-13
8387,Customer_1138,Burger King,Burger,Singapore,4,4126.75,2.2,2024-08-24
8388,Customer_1970,Burger King,Sandwich,Australia,10,1045.55,1.4,2024-09-24
8389,Customer_289,Burger King,Pizza,India,2,4903.99,3.5,2024-01-15
8390,Customer_1439,Subway,Burger,Sri Lanka,3,1379.34,4.2,2024-04-05
8391,Customer_2298,Subway,Sandwich,Singapore,1,2786.97,3.2,2026-01-15
8392,Customer_952,KFC,Pizza,Australia,2,821.76,3.6,2024-06-26
8393,Customer_2910,KFC,Pizza,Australia,5,3089.19,4.2,2024-12-02
8394,Customer_1842,Pizza Hut,Pizza,Sri Lanka,8,2309.58,3.6,2025-01-05
8395,Customer_355,KFC,Pizza,Australia,8,742.33,2.9,2024-02-27
8396,Customer_2094,Pizza Hut,Burger,Sri Lanka,5,1312.24,1.9,2024-02-28
8397,Customer_1795,Burger King,Burger,Australia,6,4384.79,1.5,2025-01-01
8398,Customer_950,KFC,Fast Food,Sri Lanka,7,2024.12,4.9,2025-03-28
8399,Customer_2080,Dominos,Sandwich,Australia,8,2888.09,4.8,2026-05-11
8400,Customer_2308,Pizza Hut,Sandwich,Singapore,6,2010.93,3.7,2025-01-15
8401,Customer_1797,KFC,Sandwich,Australia,3,844.43,1.9,2024-04-05
8402,Customer_466,Dominos,Fast Food,Australia,8,4600.29,1.6,2024-02-24
8403,Customer_2766,KFC,Burger,Australia,4,4758.19,3.3,2024-06-26
8404,Customer_1300,Pizza Hut,Sandwich,Australia,5,4454.51,1.4,2025-12-24
8405,Customer_64,Burger King,Burger,Sri Lanka,1,2835.6,3.9,2025-11-08
8406,Customer_56,Subway,Burger,India,1,4015.38,4.5,2025-06-14
8407,Customer_2523,Dominos,Fast Food,Sri Lanka,10,2583.69,3.2,2026-02-18
8408,Customer_1745,Burger King,Fast Food,India,2,973.84,4.5,2025-08-28
8409,Customer_2718,Subway,Sandwich,Sri Lanka,6,2514.47,2.0,2024-01-23
8410,Customer_2791,Pizza Hut,Sandwich,Singapore,2,2406.23,2.3,2025-08-21
8411,Customer_202,Subway,Sandwich,Singapore,8,4154.32,3.2,2025-04-28
8412,Customer_485,Dominos,Pizza,Sri Lanka,4,4843.98,5.0,2024-12-03
8413,Customer_1506,KFC,Burger,Singapore,10,1845.11,1.2,2026-04-29
8414,Customer_1382,Burger King,Fast Food,Australia,1,2295.35,4.1,2026-06-09
8415,Customer_1393,Pizza Hut,Fast Food,Sri Lanka,2,2212.34,4.1,2025-07-24
8416,Customer_2008,Subway,Sandwich,India,5,2800.95,1.2,2026-05-17
8417,Customer_1313,Pizza Hut,Burger,Singapore,7,2537.65,2.8,2026-03-04
8418,Customer_2851,Dominos,Burger,Australia,1,1132.68,1.4,2024-04-12
8419,Customer_823,Burger King,Pizza,Singapore,9,1383.68,3.6,2026-03-11
8420,Customer_1568,Subway,Burger,Singapore,2,4845.36,4.3,2025-11-18
8421,Customer_2598,Subway,Burger,Singapore,1,704.46,2.7,2025-10-12
8422,Customer_1424,Pizza Hut,Pizza,India,5,4480.38,4.8,2024-10-26
8423,Customer_906,Subway,Sandwich,India,1,1413.52,1.5,2024-06-27
8424,Customer_2993,Dominos,Sandwich,Sri Lanka,5,511.77,2.6,2024-10-29
8425,Customer_754,Dominos,Pizza,India,3,2072.94,4.8,2025-12-16
8426,Customer_2913,Burger King,Pizza,Singapore,7,1256.68,4.4,2026-03-13
8427,Customer_2316,Subway,Burger,India,3,3720.77,1.5,2026-01-11
8428,Customer_557,Pizza Hut,Sandwich,Singapore,8,2158.71,2.1,2026-04-01
8429,Customer_2653,Pizza Hut,Burger,Singapore,4,4834.61,2.0,2025-08-18
8430,Customer_2729,KFC,Sandwich,Australia,6,4922.35,4.3,2024-11-27
8431,Customer_2076,Subway,Pizza,Sri Lanka,7,3023.26,1.6,2024-03-03
8432,Customer_2115,Pizza Hut,Sandwich,Sri Lanka,5,4744.17,3.8,2024-09-23
8433,Customer_611,Subway,Burger,India,8,3740.57,4.1,2025-05-14
8434,Customer_288,Dominos,Pizza,Singapore,10,2853.63,4.8,2025-08-21
8435,Customer_1104,Dominos,Pizza,Sri Lanka,3,3617.64,3.1,2024-02-06
8436,Customer_2281,KFC,Pizza,Singapore,10,4635.37,4.2,2025-07-04
8437,Customer_2300,Dominos,Sandwich,Sri Lanka,2,1922.02,1.7,2024-01-03
8438,Customer_1230,KFC,Burger,Australia,4,892.71,4.7,2026-02-01
8439,Customer_2543,Subway,Pizza,India,2,597.4,1.9,2024-05-09
8440,Customer_1933,Burger King,Fast Food,Sri Lanka,10,1329.73,3.9,2025-02-17
8441,Customer_2731,Burger King,Pizza,Singapore,1,4070.38,3.1,2026-04-22
8442,Customer_2834,Subway,Fast Food,Sri Lanka,4,3993.71,1.8,2024-04-20
8443,Customer_429,Burger King,Pizza,Sri Lanka,6,3860.28,2.2,2025-04-12
8444,Customer_2251,KFC,Sandwich,Australia,10,2950.76,3.8,2024-01-26
8445,Customer_1511,Subway,Fast Food,Singapore,5,2778.17,3.7,2025-06-14
8446,Customer_1225,Dominos,Sandwich,Australia,9,4460.28,1.7,2026-03-19
8447,Customer_2201,Dominos,Burger,India,6,537.44,2.6,2024-06-24
8448,Customer_384,Dominos,Burger,India,7,2128.19,4.3,2025-04-17
8449,Customer_1223,Pizza Hut,Sandwich,Singapore,2,4605.36,2.1,2025-07-11
8450,Customer_342,Pizza Hut,Sandwich,Sri Lanka,2,1206.36,3.5,2024-01-27
8451,Customer_470,Subway,Fast Food,Sri Lanka,7,737.51,2.6,2025-12-21
8452,Customer_415,Pizza Hut,Sandwich,India,7,3802.13,1.4,2026-01-27
8453,Customer_1112,Dominos,Pizza,Sri Lanka,3,712.21,1.8,2025-07-28
8454,Customer_1278,Pizza Hut,Fast Food,India,5,1655.89,1.7,2026-03-13
8455,Customer_1217,Pizza Hut,Burger,Singapore,9,3658.87,2.1,2024-12-31
8456,Customer_1614,Pizza Hut,Sandwich,India,5,4060.98,4.0,2025-08-09
8457,Customer_564,Dominos,Pizza,Sri Lanka,9,4376.53,3.3,2026-03-11
8458,Customer_1779,Pizza Hut,Burger,Australia,7,1139.53,1.8,2024-02-07
8459,Customer_1180,Burger King,Sandwich,Sri Lanka,10,3310.81,3.7,2024-10-15
8460,Customer_1954,KFC,Burger,India,2,1644.12,4.8,2025-11-27
8461,Customer_1141,Pizza Hut,Sandwich,Sri Lanka,4,4845.34,3.7,2024-04-11
8462,Customer_1280,Subway,Pizza,Sri Lanka,8,757.87,3.1,2026-04-21
8463,Customer_2309,Burger King,Pizza,Singapore,2,4327.45,1.9,2024-08-15
8464,Customer_586,Burger King,Sandwich,Sri Lanka,7,3503.49,2.2,2024-09-28
8465,Customer_2331,KFC,Pizza,India,6,3628.5,4.2,2025-11-15
8466,Customer_399,Dominos,Burger,Sri Lanka,1,1760.77,3.0,2026-02-16
8467,Customer_2341,Burger King,Pizza,Australia,2,1697.42,3.5,2025-12-23
8468,Customer_2881,Burger King,Sandwich,Australia,7,4624.29,1.9,2026-03-16
8469,Customer_326,Subway,Fast Food,Sri Lanka,3,3794.46,1.2,2025-05-07
8470,Customer_988,Burger King,Sandwich,Australia,10,3255.96,2.9,2024-07-31
8471,Customer_2448,Dominos,Burger,Singapore,8,2101.95,2.1,2024-10-06
8472,Customer_1729,Dominos,Sandwich,Singapore,8,4119.84,4.9,2025-11-06
8473,Customer_381,KFC,Burger,Sri Lanka,7,4626.01,4.1,2026-01-01
8474,Customer_2976,Burger King,Fast Food,India,3,1857.9,1.6,2026-03-14
8475,Customer_1734,Burger King,Burger,India,3,4425.1,2.1,2024-04-23
8476,Customer_2832,KFC,Fast Food,Australia,7,927.88,1.1,2024-10-20
8477,Customer_2105,KFC,Burger,Sri Lanka,1,2004.58,3.0,2025-08-08
8478,Customer_2532,Subway,Pizza,Singapore,6,839.97,2.2,2026-02-21
8479,Customer_235,Burger King,Fast Food,India,8,2357.32,1.8,2025-08-18
8480,Customer_2362,Pizza Hut,Fast Food,Australia,8,4957.24,1.9,2025-04-13
8481,Customer_374,Pizza Hut,Fast Food,Singapore,6,661.47,4.6,2024-09-18
8482,Customer_242,KFC,Burger,Australia,6,1005.17,4.6,2024-12-05
8483,Customer_154,KFC,Burger,India,3,3597.92,1.2,2024-10-08
8484,Customer_2298,Burger King,Burger,Sri Lanka,4,4957.5,1.4,2025-11-24
8485,Customer_2860,Pizza Hut,Burger,Australia,10,2105.54,3.5,2026-03-22
8486,Customer_1509,Subway,Pizza,Australia,2,3234.14,2.8,2026-01-28
8487,Customer_1604,Burger King,Burger,India,7,4145.54,1.5,2025-03-19
8488,Customer_448,Dominos,Fast Food,India,3,2965.71,3.7,2024-03-29
8489,Customer_2843,Burger King,Pizza,India,7,818.61,2.1,2024-06-03
8490,Customer_2849,Subway,Fast Food,Singapore,10,1202.27,1.3,2026-04-26
8491,Customer_1385,Pizza Hut,Burger,Sri Lanka,2,947.76,4.8,2025-03-04
8492,Customer_1673,Subway,Sandwich,India,7,1019.78,3.0,2024-10-28
8493,Customer_60,KFC,Fast Food,Australia,4,2952.77,4.1,2025-05-04
8494,Customer_1434,Pizza Hut,Pizza,Australia,6,3321.8,3.4,2024-09-20
8495,Customer_917,Pizza Hut,Pizza,Sri Lanka,3,1027.52,4.2,2025-04-17
8496,Customer_306,KFC,Burger,India,5,3687.9,2.5,2026-04-07
8497,Customer_1591,KFC,Fast Food,India,7,4878.06,1.3,2025-12-14
8498,Customer_2427,Burger King,Burger,Sri Lanka,7,509.95,4.4,2024-08-20
8499,Customer_1717,Pizza Hut,Pizza,Sri Lanka,6,3733.92,3.2,2024-10-25
8500,Customer_2286,Burger King,Burger,Singapore,6,1489.39,1.8,2025-09-02
8501,Customer_115,Dominos,Burger,Sri Lanka,4,4326.44,1.8,2024-03-04
8502,Customer_865,KFC,Sandwich,Australia,2,4419.62,2.4,2024-08-29
8503,Customer_121,Pizza Hut,Sandwich,Australia,7,2153.84,1.6,2025-05-28
8504,Customer_1069,Subway,Pizza,Singapore,9,3857.18,4.6,2024-12-01
8505,Customer_1539,Pizza Hut,Pizza,India,6,3952.77,2.9,2026-05-29
8506,Customer_1385,Pizza Hut,Sandwich,India,1,3660.99,3.4,2024-01-03
8507,Customer_522,Subway,Burger,Australia,7,4902.28,2.0,2025-05-07
8508,Customer_1655,Dominos,Pizza,Sri Lanka,4,3903.71,4.0,2025-03-12
8509,Customer_732,Subway,Sandwich,India,4,2951.69,2.8,2026-02-05
8510,Customer_2005,Pizza Hut,Fast Food,Sri Lanka,3,875.78,1.8,2024-11-11
8511,Customer_1469,Subway,Pizza,India,10,1668.07,4.6,2025-12-28
8512,Customer_2097,KFC,Fast Food,Australia,7,2155.78,3.5,2024-06-23
8513,Customer_1565,Pizza Hut,Burger,Sri Lanka,3,2998.68,2.9,2026-04-07
8514,Customer_1886,Dominos,Fast Food,Singapore,5,2943.34,1.8,2024-11-08
8515,Customer_2047,Subway,Pizza,India,5,4392.72,2.1,2024-12-11
8516,Customer_950,Burger King,Fast Food,Singapore,9,2826.68,1.9,2024-05-13
8517,Customer_1015,Subway,Pizza,Singapore,1,2264.1,1.6,2025-08-29
8518,Customer_805,Subway,Pizza,India,10,993.42,1.5,2025-03-08
8519,Customer_1927,Subway,Sandwich,Australia,6,4056.43,4.2,2024-10-29
8520,Customer_2936,Pizza Hut,Pizza,Sri Lanka,9,2351.25,4.6,2025-03-05
8521,Customer_1477,Subway,Pizza,Singapore,10,4218.31,4.5,2025-01-29
8522,Customer_467,KFC,Sandwich,Australia,6,4869.72,2.1,2025-06-12
8523,Customer_533,Dominos,Sandwich,Sri Lanka,10,3799.19,2.4,2026-05-04
8524,Customer_2598,Pizza Hut,Burger,Sri Lanka,4,2296.69,2.2,2024-03-23
8525,Customer_1929,KFC,Fast Food,Sri Lanka,9,2761.13,2.1,2025-04-01
8526,Customer_178,Pizza Hut,Burger,Singapore,1,3004.66,4.9,2024-11-13
8527,Customer_2802,Subway,Sandwich,Sri Lanka,8,3421.42,2.4,2024-03-31
8528,Customer_2237,KFC,Burger,Australia,3,4787.49,4.9,2026-05-26
8529,Customer_2077,Pizza Hut,Burger,Australia,6,3253.19,1.4,2025-10-16
8530,Customer_2223,Subway,Burger,Sri Lanka,3,991.37,4.3,2024-06-28
8531,Customer_1253,Burger King,Sandwich,Australia,7,3877.15,4.0,2025-05-03
8532,Customer_1401,Pizza Hut,Pizza,Singapore,1,1863.78,1.2,2025-02-04
8533,Customer_790,Dominos,Fast Food,India,6,601.8,4.1,2024-06-16
8534,Customer_455,KFC,Fast Food,India,6,2814.72,4.1,2024-07-08
8535,Customer_2528,Dominos,Burger,Sri Lanka,10,4071.14,5.0,2026-02-28
8536,Customer_1772,KFC,Burger,Australia,3,1690.86,2.5,2025-11-29
8537,Customer_2320,Dominos,Pizza,India,6,3179.08,4.2,2025-06-02
8538,Customer_2731,Subway,Burger,Australia,3,4320.69,3.4,2025-08-04
8539,Customer_1798,Dominos,Fast Food,India,6,3338.14,4.2,2025-09-18
8540,Customer_1455,Subway,Burger,Australia,5,1112.24,4.4,2024-10-17
8541,Customer_1206,Subway,Sandwich,India,10,997.86,3.4,2024-11-25
8542,Customer_2822,Subway,Sandwich,Singapore,4,1618.11,2.5,2025-11-03
8543,Customer_2814,KFC,Sandwich,Sri Lanka,7,3858.68,1.6,2026-06-04
8544,Customer_15,Pizza Hut,Sandwich,Sri Lanka,10,4887.85,3.9,2024-02-22
8545,Customer_1954,Dominos,Pizza,India,10,4477.46,3.6,2024-12-30
8546,Customer_1610,Dominos,Pizza,Sri Lanka,6,3608.26,3.5,2024-05-02
8547,Customer_1937,Burger King,Sandwich,India,8,1771.99,3.0,2026-05-07
8548,Customer_2634,Pizza Hut,Pizza,Singapore,7,1595.04,4.4,2024-08-30
8549,Customer_2736,Pizza Hut,Pizza,Singapore,9,2547.47,1.5,2025-03-13
8550,Customer_1367,Subway,Burger,Sri Lanka,6,1518.71,4.1,2025-04-12
8551,Customer_2568,Subway,Sandwich,Australia,9,1965.95,1.7,2025-06-28
8552,Customer_2617,Dominos,Sandwich,Sri Lanka,8,1206.0,2.1,2025-06-10
8553,Customer_238,Pizza Hut,Pizza,Australia,2,500.24,2.5,2025-03-03
8554,Customer_2282,KFC,Sandwich,Sri Lanka,4,2178.58,2.9,2025-07-28
8555,Customer_2410,Burger King,Sandwich,Australia,6,567.93,4.9,2025-08-26
8556,Customer_2474,Dominos,Fast Food,Singapore,5,4768.67,5.0,2024-01-21
8557,Customer_2836,Dominos,Fast Food,India,6,1529.35,2.2,2024-02-21
8558,Customer_436,Pizza Hut,Burger,Australia,6,1320.72,4.5,2025-03-04
8559,Customer_124,KFC,Sandwich,India,1,1010.96,3.2,2025-10-06
8560,Customer_939,Pizza Hut,Pizza,Australia,4,1000.61,4.1,2024-04-27
8561,Customer_2542,Burger King,Fast Food,Australia,3,1160.98,4.0,2025-10-14
8562,Customer_841,Burger King,Burger,Sri Lanka,9,3041.37,1.1,2026-06-06
8563,Customer_1968,Pizza Hut,Pizza,Singapore,7,2224.12,2.9,2026-03-27
8564,Customer_2297,Pizza Hut,Sandwich,Sri Lanka,7,738.5,2.4,2025-11-04
8565,Customer_246,Dominos,Burger,Sri Lanka,6,929.71,3.2,2026-06-16
8566,Customer_2260,Burger King,Fast Food,Sri Lanka,5,3763.15,1.2,2024-07-01
8567,Customer_84,Burger King,Pizza,India,6,1513.05,2.8,2025-09-27
8568,Customer_600,Burger King,Sandwich,Sri Lanka,6,4560.08,2.4,2026-01-26
8569,Customer_1190,Pizza Hut,Fast Food,India,5,855.15,4.5,2024-06-07
8570,Customer_426,KFC,Sandwich,India,7,2164.63,3.8,2026-04-23
8571,Customer_2606,KFC,Sandwich,India,9,1420.93,4.9,2024-12-01
8572,Customer_2525,Dominos,Burger,Singapore,1,3721.41,2.6,2025-10-27
8573,Customer_1100,Burger King,Sandwich,Australia,8,732.37,3.4,2025-09-17
8574,Customer_331,Subway,Burger,Singapore,10,3496.49,2.7,2024-08-08
8575,Customer_425,KFC,Pizza,Australia,5,4184.22,4.9,2025-08-01
8576,Customer_2490,Burger King,Pizza,Sri Lanka,8,3434.79,3.2,2026-03-03
8577,Customer_1862,Subway,Burger,Australia,10,3429.59,1.2,2024-12-02
8578,Customer_691,KFC,Fast Food,Singapore,8,1015.33,5.0,2026-04-04
8579,Customer_2686,Dominos,Burger,Sri Lanka,3,3002.72,1.1,2024-11-13
8580,Customer_313,Subway,Pizza,Singapore,7,4257.85,5.0,2024-03-17
8581,Customer_2092,Pizza Hut,Fast Food,India,8,2876.16,1.5,2024-02-02
8582,Customer_1167,Dominos,Fast Food,Australia,5,3640.89,2.0,2024-02-15
8583,Customer_944,KFC,Burger,Singapore,8,1102.43,4.9,2024-11-19
8584,Customer_264,Subway,Burger,Sri Lanka,2,534.08,2.1,2025-12-12
8585,Customer_2811,KFC,Sandwich,Australia,9,3378.84,1.5,2026-01-13
8586,Customer_1399,Burger King,Fast Food,Australia,7,1276.8,4.5,2025-02-20
8587,Customer_1,Pizza Hut,Sandwich,Singapore,5,3851.35,1.4,2024-01-12
8588,Customer_1876,Dominos,Pizza,India,3,2781.83,2.3,2024-09-02
8589,Customer_2374,KFC,Fast Food,Australia,10,1542.4,2.1,2025-03-15
8590,Customer_295,Pizza Hut,Sandwich,India,3,2585.48,4.4,2025-07-25
8591,Customer_296,Subway,Fast Food,India,8,4808.43,2.8,2025-12-29
8592,Customer_399,Pizza Hut,Pizza,Australia,4,4021.47,4.9,2024-03-31
8593,Customer_2378,KFC,Pizza,Australia,9,1911.58,3.8,2024-11-22
8594,Customer_2733,Pizza Hut,Burger,Australia,1,3489.42,3.0,2024-12-21
8595,Customer_1768,Dominos,Pizza,India,10,2561.47,3.5,2026-04-19
8596,Customer_2138,Subway,Fast Food,Sri Lanka,9,4857.79,1.6,2026-05-03
8597,Customer_193,Dominos,Sandwich,Sri Lanka,6,3497.53,4.1,2026-02-13
8598,Customer_1304,Subway,Sandwich,Sri Lanka,5,1148.44,1.9,2025-01-07
8599,Customer_1919,Dominos,Sandwich,Singapore,4,1089.41,2.5,2025-03-24
8600,Customer_2407,Dominos,Sandwich,Sri Lanka,8,4031.58,1.7,2024-10-04
8601,Customer_1924,KFC,Sandwich,India,4,2974.27,2.4,2025-10-11
8602,Customer_639,Pizza Hut,Sandwich,Singapore,3,3213.51,3.7,2024-04-29
8603,Customer_2140,KFC,Sandwich,India,5,1260.99,3.3,2025-01-30
8604,Customer_2678,Burger King,Pizza,Singapore,9,1960.68,3.7,2024-03-01
8605,Customer_1615,Pizza Hut,Sandwich,Australia,9,4872.45,3.4,2024-10-24
8606,Customer_980,KFC,Fast Food,Sri Lanka,4,1348.77,1.1,2026-06-13
8607,Customer_1218,KFC,Fast Food,Singapore,10,1964.02,1.8,2024-10-11
8608,Customer_2180,Burger King,Sandwich,Australia,6,3866.32,2.1,2025-12-08
8609,Customer_690,Burger King,Fast Food,Australia,5,4986.24,1.4,2025-02-28
8610,Customer_376,Dominos,Sandwich,Australia,2,2691.1,1.2,2024-08-08
8611,Customer_897,Dominos,Fast Food,Australia,8,1695.93,1.5,2024-08-14
8612,Customer_161,Dominos,Sandwich,Sri Lanka,6,4424.58,4.0,2024-05-15
8613,Customer_2842,Subway,Burger,Singapore,10,4662.03,4.0,2024-01-27
8614,Customer_2291,Subway,Fast Food,Singapore,1,2753.6,3.0,2026-01-11
8615,Customer_1798,KFC,Burger,India,1,2648.17,1.9,2024-01-12
8616,Customer_2300,Dominos,Sandwich,India,3,2206.54,3.4,2026-02-12
8617,Customer_1604,Dominos,Pizza,Australia,10,1917.97,4.4,2026-03-04
8618,Customer_1788,Pizza Hut,Fast Food,Australia,1,701.63,2.5,2025-12-14
8619,Customer_1322,Burger King,Fast Food,Australia,7,2075.67,2.7,2025-07-22
8620,Customer_2395,KFC,Fast Food,India,8,793.23,3.4,2025-05-23
8621,Customer_1312,KFC,Sandwich,Sri Lanka,8,1051.65,2.7,2026-05-22
8622,Customer_2728,Subway,Sandwich,India,8,1131.43,1.1,2024-03-02
8623,Customer_1791,Burger King,Burger,Australia,8,852.03,1.9,2024-03-10
8624,Customer_1336,Subway,Fast Food,Singapore,4,1641.45,4.5,2025-11-12
8625,Customer_75,Pizza Hut,Burger,India,7,4453.57,4.9,2024-08-21
8626,Customer_1602,Subway,Fast Food,Australia,4,4787.0,3.6,2025-10-19
8627,Customer_2769,KFC,Fast Food,Australia,9,4046.35,1.3,2025-09-08
8628,Customer_2047,Dominos,Pizza,Australia,1,1763.38,2.7,2025-07-05
8629,Customer_114,Pizza Hut,Fast Food,Singapore,2,3077.09,4.0,2024-04-04
8630,Customer_279,Dominos,Fast Food,India,3,3082.67,3.2,2026-05-27
8631,Customer_791,Dominos,Sandwich,Sri Lanka,5,2104.82,3.7,2024-11-28
8632,Customer_294,Subway,Sandwich,Australia,1,4823.16,4.3,2025-07-20
8633,Customer_2922,KFC,Sandwich,Sri Lanka,3,2027.12,2.1,2024-11-04
8634,Customer_2706,Dominos,Fast Food,Sri Lanka,3,1901.95,2.3,2026-02-15
8635,Customer_656,Pizza Hut,Pizza,Sri Lanka,10,1580.6,4.2,2026-01-01
8636,Customer_1863,KFC,Fast Food,Sri Lanka,7,675.13,1.9,2025-07-13
8637,Customer_2072,Subway,Sandwich,Australia,8,1522.32,4.0,2024-06-12
8638,Customer_1506,Dominos,Burger,Sri Lanka,1,2975.42,4.4,2025-04-17
8639,Customer_565,Pizza Hut,Sandwich,India,6,3240.61,2.1,2025-01-13
8640,Customer_791,Dominos,Sandwich,Australia,10,1845.09,1.3,2024-01-07
8641,Customer_96,Subway,Burger,Australia,6,1201.03,4.7,2024-08-30
8642,Customer_1534,Burger King,Burger,Australia,3,1260.81,2.4,2026-04-22
8643,Customer_292,Burger King,Fast Food,India,7,3813.86,1.6,2026-06-06
8644,Customer_2163,Dominos,Fast Food,India,4,3805.36,4.7,2024-11-18
8645,Customer_45,Burger King,Sandwich,Sri Lanka,4,985.51,1.5,2024-08-06
8646,Customer_2866,KFC,Sandwich,India,4,3634.32,4.5,2025-11-02
8647,Customer_1923,Subway,Fast Food,India,2,4753.64,4.0,2025-03-06
8648,Customer_2975,KFC,Pizza,Sri Lanka,2,844.69,3.1,2025-01-14
8649,Customer_2345,Subway,Pizza,Sri Lanka,9,2669.31,3.3,2024-01-31
8650,Customer_847,Pizza Hut,Fast Food,India,9,4124.42,3.4,2024-08-12
8651,Customer_2642,Subway,Sandwich,Sri Lanka,3,580.46,4.0,2025-10-07
8652,Customer_628,Subway,Sandwich,Sri Lanka,9,1036.42,1.9,2025-06-06
8653,Customer_1302,Subway,Sandwich,India,9,1616.65,4.8,2026-02-21
8654,Customer_2941,Subway,Fast Food,Australia,9,2860.96,4.1,2025-06-01
8655,Customer_2700,Subway,Sandwich,Sri Lanka,8,2335.35,3.0,2025-05-12
8656,Customer_731,Burger King,Burger,Singapore,5,1730.2,4.7,2024-02-22
8657,Customer_1411,Subway,Sandwich,Australia,9,1730.05,3.8,2025-11-02
8658,Customer_2392,KFC,Sandwich,Sri Lanka,3,3095.66,4.2,2026-03-10
8659,Customer_1048,KFC,Pizza,Australia,9,3122.8,1.1,2025-01-16
8660,Customer_1900,Dominos,Pizza,Singapore,4,3413.51,3.4,2024-11-04
8661,Customer_1376,Subway,Sandwich,Australia,9,2188.35,3.7,2024-04-20
8662,Customer_437,Burger King,Fast Food,India,5,2924.49,2.0,2026-01-07
8663,Customer_1136,Burger King,Pizza,Singapore,8,3050.09,4.5,2024-12-14
8664,Customer_2671,KFC,Sandwich,India,4,1672.6,3.7,2024-07-11
8665,Customer_2076,Pizza Hut,Fast Food,Singapore,6,4912.06,4.5,2024-02-29
8666,Customer_1672,Pizza Hut,Burger,Australia,7,2250.44,3.1,2025-01-21
8667,Customer_2398,Pizza Hut,Burger,Singapore,2,721.11,1.2,2024-10-01
8668,Customer_393,Burger King,Fast Food,India,3,3464.17,4.3,2024-04-29
8669,Customer_2414,Dominos,Fast Food,Singapore,6,2844.59,4.4,2024-12-13
8670,Customer_729,Subway,Burger,Sri Lanka,10,3522.65,2.2,2024-06-26
8671,Customer_77,Burger King,Burger,Singapore,2,2899.07,3.0,2025-03-21
8672,Customer_1801,Burger King,Sandwich,Singapore,9,4786.15,2.7,2024-11-26
8673,Customer_1777,Subway,Fast Food,Sri Lanka,9,3114.25,2.9,2024-08-06
8674,Customer_2656,Pizza Hut,Pizza,Singapore,6,4847.7,3.8,2024-08-27
8675,Customer_144,Dominos,Sandwich,Australia,7,2469.14,4.8,2026-02-20
8676,Customer_800,Burger King,Fast Food,Singapore,1,1942.13,2.3,2024-08-08
8677,Customer_452,KFC,Pizza,India,5,4389.1,5.0,2024-01-31
8678,Customer_366,Dominos,Pizza,Singapore,5,3300.78,2.7,2026-02-03
8679,Customer_396,Subway,Burger,India,5,591.12,1.6,2024-08-17
8680,Customer_2780,Pizza Hut,Fast Food,Australia,9,4300.48,4.9,2024-05-07
8681,Customer_1562,KFC,Pizza,India,2,706.93,3.8,2024-06-04
8682,Customer_2131,Burger King,Sandwich,Singapore,9,3594.14,2.1,2026-03-20
8683,Customer_132,Burger King,Burger,India,1,3873.65,1.4,2024-05-24
8684,Customer_1719,Dominos,Pizza,Singapore,3,2296.8,4.0,2025-06-14
8685,Customer_326,Subway,Fast Food,Australia,10,2472.84,3.9,2024-02-17
8686,Customer_1050,Pizza Hut,Fast Food,India,8,858.09,2.4,2026-01-10
8687,Customer_423,KFC,Fast Food,Australia,9,1262.9,3.2,2026-03-21
8688,Customer_575,Dominos,Sandwich,India,5,1444.66,3.4,2026-02-21
8689,Customer_955,Burger King,Sandwich,Sri Lanka,9,4090.35,4.2,2025-03-18
8690,Customer_2609,Subway,Pizza,Australia,5,2626.32,1.9,2025-02-15
8691,Customer_1170,Burger King,Sandwich,Sri Lanka,5,4253.02,4.9,2025-04-22
8692,Customer_758,Dominos,Burger,Singapore,10,4655.21,1.5,2025-04-02
8693,Customer_2665,Subway,Fast Food,Singapore,2,1076.22,1.8,2025-12-05
8694,Customer_2101,Pizza Hut,Pizza,Sri Lanka,6,2095.66,4.7,2025-03-29
8695,Customer_655,KFC,Sandwich,India,10,3575.35,2.8,2026-02-20
8696,Customer_2874,Pizza Hut,Burger,Sri Lanka,5,4244.45,2.3,2025-11-10
8697,Customer_2185,Dominos,Fast Food,India,7,1715.09,1.6,2025-07-07
8698,Customer_2309,Pizza Hut,Sandwich,India,3,4504.05,2.8,2025-01-11
8699,Customer_1390,Burger King,Burger,Sri Lanka,1,1772.34,1.3,2024-11-24
8700,Customer_2807,Subway,Sandwich,Australia,8,2333.32,1.0,2024-01-04
8701,Customer_2341,Dominos,Sandwich,Singapore,8,3075.37,4.3,2025-11-26
8702,Customer_768,Dominos,Pizza,Singapore,1,4405.95,3.8,2025-08-02
8703,Customer_2383,Subway,Fast Food,Singapore,9,4762.43,3.5,2025-05-20
8704,Customer_68,Dominos,Pizza,India,9,816.49,1.1,2026-04-12
8705,Customer_776,Dominos,Pizza,Australia,1,2781.95,1.8,2026-02-14
8706,Customer_1370,KFC,Sandwich,Australia,7,2668.1,4.5,2025-09-16
8707,Customer_1685,KFC,Pizza,India,6,601.09,2.2,2024-11-25
8708,Customer_1909,Subway,Burger,Sri Lanka,6,3101.55,2.0,2025-01-26
8709,Customer_742,Pizza Hut,Fast Food,India,9,4976.23,3.9,2024-10-20
8710,Customer_1245,KFC,Sandwich,Sri Lanka,5,4390.32,4.4,2024-08-17
8711,Customer_789,Subway,Fast Food,Sri Lanka,4,4596.54,2.8,2024-10-18
8712,Customer_2704,Burger King,Pizza,Australia,1,4021.04,4.2,2024-07-01
8713,Customer_2486,Dominos,Burger,Singapore,4,2880.07,4.6,2025-02-16
8714,Customer_2570,Dominos,Burger,Sri Lanka,3,4709.02,1.0,2024-08-27
8715,Customer_352,Burger King,Fast Food,Australia,7,524.75,4.7,2024-05-20
8716,Customer_1103,Dominos,Fast Food,India,3,3384.0,5.0,2024-06-02
8717,Customer_970,KFC,Sandwich,Sri Lanka,1,2247.54,2.2,2024-03-27
8718,Customer_2816,Dominos,Burger,India,10,4194.35,3.2,2025-09-22
8719,Customer_1484,Burger King,Burger,Sri Lanka,8,3322.86,1.8,2026-05-21
8720,Customer_31,Pizza Hut,Pizza,India,5,1703.14,4.1,2026-03-09
8721,Customer_497,KFC,Fast Food,Singapore,2,500.66,2.5,2025-08-29
8722,Customer_1991,Pizza Hut,Burger,Sri Lanka,10,1347.78,2.0,2025-11-03
8723,Customer_1566,Burger King,Fast Food,Australia,2,4857.46,1.5,2026-04-09
8724,Customer_745,KFC,Burger,Sri Lanka,4,3518.1,4.5,2024-05-19
8725,Customer_2364,Burger King,Fast Food,Sri Lanka,1,1072.16,1.7,2026-02-01
8726,Customer_648,Pizza Hut,Pizza,India,9,1916.13,4.5,2026-06-18
8727,Customer_494,Burger King,Pizza,Singapore,4,1926.25,1.7,2025-06-03
8728,Customer_2922,Burger King,Fast Food,Singapore,2,735.83,4.0,2024-04-12
8729,Customer_2379,Burger King,Pizza,India,2,500.29,3.4,2025-09-06
8730,Customer_2628,Burger King,Pizza,Sri Lanka,5,4695.01,4.5,2025-05-29
8731,Customer_1326,Pizza Hut,Burger,Sri Lanka,10,4362.24,2.9,2025-10-13
8732,Customer_2201,Pizza Hut,Sandwich,Singapore,4,596.98,1.4,2025-09-12
8733,Customer_2685,Pizza Hut,Fast Food,Australia,5,4108.34,1.8,2026-04-14
8734,Customer_1782,Dominos,Fast Food,Sri Lanka,5,993.59,4.7,2024-04-26
8735,Customer_2762,Subway,Pizza,Sri Lanka,7,1680.65,2.4,2024-11-04
8736,Customer_2653,Pizza Hut,Fast Food,India,3,3674.92,1.8,2024-05-29
8737,Customer_1508,KFC,Pizza,Singapore,3,2179.63,3.6,2026-02-24
8738,Customer_518,Pizza Hut,Burger,Singapore,6,2354.08,3.9,2025-12-20
8739,Customer_2936,Pizza Hut,Sandwich,Singapore,2,4520.97,1.6,2025-09-25
8740,Customer_2525,Burger King,Burger,Sri Lanka,2,1527.26,2.4,2026-04-17
8741,Customer_1846,KFC,Burger,India,4,3418.79,1.7,2025-08-13
8742,Customer_2581,Subway,Sandwich,Sri Lanka,8,3504.41,1.1,2026-03-01
8743,Customer_1743,Subway,Sandwich,Singapore,2,3084.63,4.8,2025-07-23
8744,Customer_249,KFC,Pizza,Australia,5,702.95,1.1,2026-04-25
8745,Customer_379,Dominos,Sandwich,Australia,6,3587.02,1.4,2025-02-17
8746,Customer_1769,KFC,Pizza,Australia,9,1678.54,1.5,2026-03-26
8747,Customer_74,Dominos,Fast Food,Australia,6,4228.9,4.0,2026-02-13
8748,Customer_762,Dominos,Fast Food,Australia,8,4891.86,2.4,2025-07-10
8749,Customer_1780,Burger King,Sandwich,Sri Lanka,8,1155.12,1.5,2026-01-30
8750,Customer_2308,Subway,Fast Food,Australia,4,1502.67,4.8,2025-02-13
8751,Customer_923,KFC,Burger,India,1,3251.56,1.6,2025-01-02
8752,Customer_1859,Subway,Pizza,India,2,726.75,3.8,2025-09-07
8753,Customer_205,Subway,Burger,India,1,3391.99,2.6,2026-02-26
8754,Customer_2517,Subway,Fast Food,India,5,1649.54,2.4,2024-12-12
8755,Customer_1468,Dominos,Burger,Australia,2,3127.68,2.9,2026-04-07
8756,Customer_2863,KFC,Burger,Sri Lanka,5,4948.05,2.2,2024-09-20
8757,Customer_2739,Burger King,Pizza,Sri Lanka,10,2174.14,2.3,2025-12-25
8758,Customer_2469,Pizza Hut,Pizza,India,2,4256.2,4.2,2024-10-03
8759,Customer_2337,Burger King,Burger,Australia,3,1326.85,3.1,2025-12-14
8760,Customer_2557,Subway,Burger,Singapore,5,1198.78,4.8,2024-05-24
8761,Customer_1681,KFC,Fast Food,Australia,10,4361.03,4.3,2025-09-06
8762,Customer_96,Subway,Burger,Singapore,9,3435.16,2.5,2024-12-15
8763,Customer_276,Dominos,Pizza,India,9,3516.47,1.3,2024-10-18
8764,Customer_1378,Subway,Pizza,Australia,2,1238.69,1.5,2026-01-08
8765,Customer_2422,Burger King,Sandwich,India,4,4925.13,4.8,2025-05-31
8766,Customer_1541,Burger King,Burger,Singapore,4,4509.35,2.7,2025-03-20
8767,Customer_2,Pizza Hut,Burger,India,4,1938.86,4.4,2024-08-15
8768,Customer_323,Burger King,Sandwich,Australia,1,2563.03,4.6,2024-02-11
8769,Customer_1350,Dominos,Burger,Sri Lanka,5,4692.71,4.9,2025-01-08
8770,Customer_863,Burger King,Pizza,India,10,2223.93,1.6,2025-03-29
8771,Customer_1944,Dominos,Burger,Sri Lanka,7,1051.48,4.3,2026-02-11
8772,Customer_1491,Dominos,Sandwich,Australia,8,2308.98,1.1,2025-03-09
8773,Customer_998,Dominos,Burger,Australia,9,2264.14,2.8,2024-08-05
8774,Customer_229,Dominos,Sandwich,Singapore,10,2255.65,1.9,2024-03-27
8775,Customer_1150,Subway,Sandwich,India,4,1900.39,1.8,2024-07-07
8776,Customer_706,Subway,Burger,Sri Lanka,6,2370.03,3.9,2025-09-07
8777,Customer_2035,Subway,Burger,Singapore,8,3338.8,1.3,2024-07-30
8778,Customer_884,KFC,Pizza,Singapore,1,1020.98,4.8,2026-01-24
8779,Customer_1741,Dominos,Sandwich,Sri Lanka,6,1466.24,4.0,2025-07-04
8780,Customer_150,KFC,Burger,Sri Lanka,7,3526.11,4.2,2024-12-08
8781,Customer_1485,Burger King,Fast Food,Singapore,2,2800.63,2.2,2025-11-10
8782,Customer_2271,Dominos,Sandwich,Sri Lanka,9,3508.23,2.5,2024-11-04
8783,Customer_1603,Burger King,Sandwich,Sri Lanka,4,4333.79,4.5,2025-04-07
8784,Customer_2709,KFC,Burger,India,9,4010.35,2.6,2024-07-26
8785,Customer_2046,Pizza Hut,Pizza,Sri Lanka,8,1506.69,2.5,2024-05-27
8786,Customer_1783,Dominos,Sandwich,India,10,751.43,4.7,2024-12-10
8787,Customer_182,Dominos,Pizza,Singapore,8,3909.94,4.7,2026-03-05
8788,Customer_800,Dominos,Burger,Singapore,7,838.31,2.0,2025-11-13
8789,Customer_1772,Dominos,Burger,Singapore,2,2375.03,1.1,2025-12-16
8790,Customer_647,Dominos,Fast Food,India,4,1649.29,4.7,2024-06-09
8791,Customer_1046,Burger King,Sandwich,India,5,3601.08,3.4,2025-12-23
8792,Customer_1866,Dominos,Burger,India,7,933.64,4.2,2024-03-30
8793,Customer_300,Pizza Hut,Burger,Singapore,9,4130.07,4.9,2025-10-13
8794,Customer_835,Subway,Fast Food,Singapore,1,1494.91,2.0,2024-09-07
8795,Customer_1437,Dominos,Sandwich,Singapore,1,2030.82,4.3,2024-04-28
8796,Customer_2743,Pizza Hut,Burger,Sri Lanka,10,2910.03,3.2,2025-10-24
8797,Customer_236,Dominos,Sandwich,India,5,4974.5,3.2,2025-01-29
8798,Customer_1492,Dominos,Fast Food,Sri Lanka,1,4290.99,1.1,2025-09-11
8799,Customer_2410,Dominos,Burger,Singapore,4,2998.86,3.6,2025-07-09
8800,Customer_1060,Pizza Hut,Burger,Australia,2,4692.89,1.3,2024-01-29
8801,Customer_2605,Pizza Hut,Pizza,Sri Lanka,7,1404.32,2.1,2025-02-19
8802,Customer_794,Subway,Sandwich,Sri Lanka,1,1808.35,3.1,2024-12-23
8803,Customer_2110,Subway,Fast Food,Australia,8,4526.52,5.0,2024-01-21
8804,Customer_2387,Subway,Sandwich,Australia,9,3687.87,2.0,2025-11-27
8805,Customer_220,KFC,Burger,India,9,2569.1,4.3,2026-01-08
8806,Customer_2458,Subway,Pizza,Singapore,10,3598.02,2.4,2025-07-05
8807,Customer_1078,Burger King,Burger,Sri Lanka,6,4367.95,2.8,2024-10-15
8808,Customer_829,Pizza Hut,Fast Food,Australia,3,2281.16,4.1,2026-04-11
8809,Customer_1445,Dominos,Pizza,Australia,6,3800.29,2.6,2025-12-17
8810,Customer_1780,KFC,Fast Food,Australia,2,1122.23,4.7,2024-08-21
8811,Customer_801,Dominos,Sandwich,India,2,4880.43,2.0,2025-02-25
8812,Customer_814,Subway,Burger,Singapore,9,3331.74,2.6,2026-02-11
8813,Customer_2599,Burger King,Sandwich,Sri Lanka,1,4069.98,2.3,2026-02-21
8814,Customer_2890,KFC,Burger,India,2,4978.17,2.7,2024-02-04
8815,Customer_726,KFC,Burger,Singapore,3,1056.95,2.0,2025-09-16
8816,Customer_797,KFC,Burger,Singapore,2,3984.86,1.7,2026-04-14
8817,Customer_1997,Burger King,Pizza,Sri Lanka,4,3379.7,2.7,2024-11-26
8818,Customer_2066,KFC,Sandwich,India,9,2520.71,1.6,2025-01-24
8819,Customer_1516,Dominos,Burger,Australia,4,4507.94,3.7,2024-09-15
8820,Customer_1927,Dominos,Fast Food,Singapore,1,567.56,4.8,2024-02-21
8821,Customer_1580,Pizza Hut,Sandwich,Singapore,5,1687.5,3.6,2025-08-14
8822,Customer_2401,KFC,Burger,Australia,8,4640.29,2.6,2024-11-26
8823,Customer_463,Burger King,Sandwich,India,4,2251.94,2.6,2025-11-20
8824,Customer_71,Pizza Hut,Pizza,India,4,812.92,1.8,2024-03-24
8825,Customer_1635,Dominos,Pizza,Singapore,9,1774.09,1.9,2024-08-21
8826,Customer_2223,Pizza Hut,Sandwich,Sri Lanka,4,2041.9,1.8,2024-02-10
8827,Customer_1114,KFC,Fast Food,Singapore,3,2784.29,3.4,2026-02-03
8828,Customer_2160,Pizza Hut,Burger,India,5,4517.07,3.2,2026-01-17
8829,Customer_409,Pizza Hut,Sandwich,India,10,1219.99,4.3,2026-04-13
8830,Customer_1280,KFC,Sandwich,Singapore,9,2057.76,2.8,2026-06-17
8831,Customer_2791,Burger King,Sandwich,Singapore,8,2428.2,3.9,2024-07-17
8832,Customer_528,Subway,Pizza,Sri Lanka,1,3829.27,1.8,2025-06-27
8833,Customer_984,Subway,Sandwich,Singapore,5,4312.41,4.4,2024-01-15
8834,Customer_952,Subway,Burger,Sri Lanka,9,2831.96,1.7,2024-10-02
8835,Customer_1848,Pizza Hut,Burger,Australia,6,4013.43,2.0,2025-11-19
8836,Customer_1007,Burger King,Sandwich,Australia,3,938.65,3.3,2025-07-25
8837,Customer_2228,Pizza Hut,Burger,Australia,8,4288.79,3.4,2024-08-27
8838,Customer_1082,Subway,Pizza,Sri Lanka,2,2844.67,4.3,2026-01-15
8839,Customer_203,Subway,Fast Food,Singapore,6,4057.91,4.8,2026-04-22
8840,Customer_940,Subway,Burger,Singapore,8,3931.81,4.8,2025-08-10
8841,Customer_37,Pizza Hut,Burger,India,8,679.21,3.1,2026-03-13
8842,Customer_1685,Burger King,Burger,Australia,4,3568.52,1.9,2025-09-08
8843,Customer_2105,Pizza Hut,Burger,India,7,1540.89,2.8,2026-02-21
8844,Customer_326,Dominos,Sandwich,Sri Lanka,5,4013.13,4.1,2025-10-07
8845,Customer_2671,Subway,Fast Food,Australia,5,1626.68,4.1,2025-03-30
8846,Customer_703,Burger King,Pizza,Australia,10,983.98,3.2,2025-08-22
8847,Customer_1836,Burger King,Burger,India,2,3428.7,3.3,2025-07-25
8848,Customer_2918,Pizza Hut,Burger,Singapore,7,3947.63,2.6,2024-04-10
8849,Customer_2988,Burger King,Sandwich,Sri Lanka,9,4700.31,4.4,2025-09-07
8850,Customer_1321,Dominos,Fast Food,Australia,2,3478.59,4.6,2025-01-28
8851,Customer_1854,Burger King,Fast Food,Sri Lanka,6,2305.21,1.8,2025-11-22
8852,Customer_1686,KFC,Burger,Singapore,4,4693.52,1.1,2024-05-12
8853,Customer_1394,Dominos,Sandwich,Australia,4,2008.47,3.2,2026-02-25
8854,Customer_1602,Dominos,Pizza,Singapore,1,1485.14,1.6,2025-03-05
8855,Customer_456,KFC,Burger,Australia,9,2432.74,2.4,2024-04-08
8856,Customer_1977,Subway,Burger,Australia,2,2951.67,2.4,2024-10-08
8857,Customer_2435,Dominos,Pizza,India,8,3838.76,4.8,2025-09-04
8858,Customer_2184,Subway,Fast Food,India,4,2682.37,1.1,2026-03-19
8859,Customer_1716,Pizza Hut,Pizza,India,4,3605.91,3.0,2025-08-29
8860,Customer_1826,KFC,Pizza,Singapore,3,1080.03,1.8,2024-10-10
8861,Customer_2005,Burger King,Fast Food,Sri Lanka,7,1102.89,3.3,2026-02-12
8862,Customer_2517,Dominos,Fast Food,Australia,2,1035.55,3.7,2026-02-01
8863,Customer_1809,Dominos,Fast Food,Singapore,4,1023.36,2.3,2025-03-28
8864,Customer_2145,Pizza Hut,Sandwich,India,8,2801.5,2.6,2024-07-22
8865,Customer_456,Pizza Hut,Fast Food,India,9,1537.3,3.9,2026-03-10
8866,Customer_2917,Burger King,Fast Food,India,7,3385.05,4.3,2026-03-02
8867,Customer_2101,KFC,Burger,Singapore,5,3353.76,1.8,2025-11-15
8868,Customer_1251,Pizza Hut,Burger,Australia,3,4312.47,2.2,2025-10-23
8869,Customer_1485,Burger King,Pizza,Singapore,7,4667.25,3.7,2026-02-18
8870,Customer_1849,Burger King,Pizza,Singapore,7,3022.46,1.3,2025-03-19
8871,Customer_2644,KFC,Pizza,Australia,2,4932.63,5.0,2024-12-16
8872,Customer_831,Dominos,Pizza,India,3,4836.55,3.6,2024-07-23
8873,Customer_213,Subway,Fast Food,Australia,5,1789.47,3.3,2026-05-09
8874,Customer_598,Pizza Hut,Burger,India,8,1551.36,3.4,2024-03-02
8875,Customer_2342,KFC,Fast Food,Australia,8,4952.13,3.0,2024-04-21
8876,Customer_1054,Burger King,Pizza,Singapore,2,4125.49,1.1,2026-04-16
8877,Customer_608,Subway,Sandwich,Sri Lanka,1,1040.92,1.2,2024-11-16
8878,Customer_1172,Dominos,Burger,India,2,3327.42,4.1,2024-06-10
8879,Customer_621,Burger King,Sandwich,India,5,1806.93,2.8,2026-06-11
8880,Customer_628,Subway,Pizza,Sri Lanka,7,2383.95,2.4,2026-03-30
8881,Customer_1699,Dominos,Sandwich,Sri Lanka,4,2481.72,1.2,2025-01-10
8882,Customer_275,Pizza Hut,Burger,Australia,8,3996.06,2.4,2024-02-18
8883,Customer_2165,KFC,Burger,Singapore,9,1647.08,1.8,2025-06-03
8884,Customer_422,Dominos,Fast Food,Australia,7,3279.9,3.8,2024-04-05
8885,Customer_2947,Dominos,Fast Food,Singapore,6,4622.16,3.0,2026-01-05
8886,Customer_1473,Subway,Fast Food,Singapore,3,1561.32,1.8,2024-03-31
8887,Customer_1095,Pizza Hut,Sandwich,Sri Lanka,10,2138.23,1.3,2025-06-14
8888,Customer_1648,KFC,Fast Food,Sri Lanka,1,4228.2,2.0,2026-05-28
8889,Customer_2896,Pizza Hut,Burger,Sri Lanka,7,3450.47,4.6,2025-05-13
8890,Customer_1390,Subway,Fast Food,Sri Lanka,4,4555.4,4.7,2025-06-12
8891,Customer_1708,Pizza Hut,Burger,Singapore,4,3150.82,1.2,2025-07-08
8892,Customer_1884,Burger King,Pizza,India,8,4082.61,3.0,2026-03-20
8893,Customer_2658,Dominos,Pizza,India,2,3756.61,4.6,2025-04-01
8894,Customer_17,Pizza Hut,Pizza,Singapore,1,3864.14,4.5,2025-04-28
8895,Customer_2875,KFC,Pizza,Singapore,7,3145.97,4.6,2025-12-23
8896,Customer_549,Pizza Hut,Fast Food,India,5,1136.6,1.4,2025-02-01
8897,Customer_2087,Dominos,Sandwich,India,1,1162.55,3.4,2026-01-02
8898,Customer_537,Subway,Fast Food,Sri Lanka,9,580.25,1.5,2025-02-07
8899,Customer_2817,Subway,Burger,India,6,3154.47,1.8,2025-02-04
8900,Customer_2067,KFC,Sandwich,India,8,4588.2,3.9,2024-12-23
8901,Customer_2151,Subway,Pizza,Australia,6,3584.93,4.6,2025-04-02
8902,Customer_2133,Dominos,Fast Food,India,4,3056.28,4.2,2025-09-14
8903,Customer_810,KFC,Pizza,India,10,1323.9,3.8,2024-06-01
8904,Customer_1310,Burger King,Fast Food,India,9,2625.23,2.5,2025-04-13
8905,Customer_1170,Burger King,Fast Food,Australia,5,2688.31,2.4,2024-11-22
8906,Customer_1209,Pizza Hut,Pizza,Singapore,10,682.54,2.9,2024-07-06
8907,Customer_648,Burger King,Fast Food,Australia,2,556.69,2.9,2026-03-26
8908,Customer_1934,Subway,Sandwich,Singapore,8,3878.86,4.0,2024-04-10
8909,Customer_1568,Pizza Hut,Fast Food,Australia,6,3878.88,2.2,2025-12-05
8910,Customer_2485,Burger King,Pizza,Singapore,6,1536.08,1.9,2025-05-25
8911,Customer_681,Dominos,Burger,India,8,1162.54,2.2,2024-07-31
8912,Customer_1951,Pizza Hut,Pizza,India,7,4585.3,2.3,2025-08-06
8913,Customer_1189,KFC,Sandwich,India,1,770.59,1.4,2024-03-15
8914,Customer_1417,Subway,Burger,India,5,3850.1,1.2,2024-05-27
8915,Customer_1985,Pizza Hut,Burger,India,9,4979.31,3.8,2025-09-07
8916,Customer_91,Dominos,Burger,Sri Lanka,2,1423.95,4.4,2025-04-28
8917,Customer_2271,Subway,Sandwich,Singapore,9,4146.56,2.7,2024-10-02
8918,Customer_2009,Dominos,Pizza,Australia,7,811.6,2.3,2024-08-15
8919,Customer_2581,Subway,Pizza,Sri Lanka,9,4585.39,2.2,2025-08-08
8920,Customer_1985,Subway,Burger,Sri Lanka,6,671.34,4.0,2024-11-03
8921,Customer_1344,Pizza Hut,Burger,Australia,10,557.43,4.0,2025-12-06
8922,Customer_1353,Dominos,Pizza,Singapore,1,4509.54,1.3,2024-09-05
8923,Customer_1483,Pizza Hut,Fast Food,Sri Lanka,8,4127.58,4.9,2025-11-03
8924,Customer_2576,Burger King,Pizza,Singapore,3,3002.32,1.4,2025-09-26
8925,Customer_1074,Pizza Hut,Burger,Singapore,10,2486.37,3.6,2025-05-09
8926,Customer_2788,Pizza Hut,Burger,Australia,6,4750.13,4.0,2024-03-17
8927,Customer_1225,KFC,Pizza,India,9,2905.49,2.5,2025-03-07
8928,Customer_1892,Pizza Hut,Fast Food,Singapore,5,4318.04,4.4,2026-03-19
8929,Customer_2246,Dominos,Pizza,Singapore,6,2702.94,1.4,2025-07-19
8930,Customer_2220,Subway,Sandwich,India,4,733.92,2.8,2025-11-21
8931,Customer_1422,Dominos,Sandwich,Sri Lanka,7,1924.9,3.2,2025-12-11
8932,Customer_806,Pizza Hut,Fast Food,India,3,1238.44,2.6,2024-04-12
8933,Customer_729,Pizza Hut,Sandwich,Singapore,8,1273.93,4.9,2025-02-15
8934,Customer_1707,Pizza Hut,Burger,Sri Lanka,1,1317.07,3.0,2024-09-03
8935,Customer_2860,KFC,Sandwich,India,9,3592.21,1.7,2025-11-14
8936,Customer_2443,KFC,Fast Food,India,2,2059.19,3.5,2024-11-15
8937,Customer_696,Dominos,Burger,Sri Lanka,8,2582.33,3.3,2024-06-14
8938,Customer_2646,KFC,Burger,Singapore,9,1387.38,1.9,2025-10-22
8939,Customer_2176,Pizza Hut,Pizza,India,1,1964.24,1.9,2025-03-01
8940,Customer_1341,KFC,Sandwich,Sri Lanka,1,808.14,1.4,2026-05-12
8941,Customer_439,KFC,Pizza,Sri Lanka,8,1456.04,3.1,2025-10-16
8942,Customer_2300,Pizza Hut,Fast Food,India,3,892.88,2.1,2026-04-24
8943,Customer_2795,Dominos,Burger,India,2,770.82,1.1,2024-07-22
8944,Customer_2617,Burger King,Burger,India,1,3764.36,3.8,2026-04-01
8945,Customer_2413,Subway,Fast Food,Sri Lanka,10,3328.86,2.8,2024-02-05
8946,Customer_2067,Pizza Hut,Burger,Sri Lanka,2,4872.48,1.3,2024-11-25
8947,Customer_1323,Pizza Hut,Burger,Sri Lanka,3,4218.26,3.9,2026-06-17
8948,Customer_245,Pizza Hut,Fast Food,India,9,2550.28,4.1,2024-12-17
8949,Customer_246,Subway,Pizza,Singapore,8,4109.38,1.8,2024-12-05
8950,Customer_2413,Dominos,Pizza,Sri Lanka,8,3274.13,1.4,2024-02-26
8951,Customer_986,Dominos,Fast Food,Sri Lanka,1,1741.36,1.4,2025-09-11
8952,Customer_1048,Dominos,Fast Food,Singapore,6,3883.33,1.3,2024-05-05
8953,Customer_1431,Subway,Pizza,Australia,9,3752.56,2.4,2025-08-02
8954,Customer_268,KFC,Sandwich,Australia,4,4822.41,4.0,2025-09-02
8955,Customer_1938,Subway,Fast Food,Australia,3,3942.64,3.7,2024-11-04
8956,Customer_2706,Burger King,Sandwich,Australia,1,4122.86,4.0,2026-01-19
8957,Customer_287,Dominos,Pizza,Australia,7,1361.51,3.6,2025-08-14
8958,Customer_1107,Pizza Hut,Burger,Australia,9,2986.84,1.4,2026-05-11
8959,Customer_1435,Dominos,Sandwich,Sri Lanka,8,4917.85,2.8,2025-01-15
8960,Customer_1479,Dominos,Sandwich,Singapore,3,4938.91,2.8,2025-04-07
8961,Customer_2907,Dominos,Fast Food,Sri Lanka,5,1276.45,4.0,2024-02-29
8962,Customer_86,Dominos,Pizza,Australia,4,3028.28,3.1,2024-09-12
8963,Customer_2051,Pizza Hut,Burger,Singapore,9,595.21,3.9,2026-05-29
8964,Customer_2670,Subway,Sandwich,Sri Lanka,7,3222.22,1.2,2026-06-02
8965,Customer_1301,KFC,Burger,Singapore,6,1916.04,4.0,2025-06-17
8966,Customer_2150,Pizza Hut,Burger,Australia,5,1566.4,3.4,2024-10-31
8967,Customer_1683,Subway,Pizza,Singapore,7,1285.48,4.1,2024-10-14
8968,Customer_1409,Pizza Hut,Fast Food,India,9,4460.8,1.9,2025-09-03
8969,Customer_2870,Subway,Burger,Sri Lanka,6,4621.96,4.6,2024-10-13
8970,Customer_2529,KFC,Sandwich,Singapore,8,4971.26,2.8,2025-08-10
8971,Customer_1514,Subway,Sandwich,Sri Lanka,7,604.97,1.3,2024-07-13
8972,Customer_478,KFC,Sandwich,Singapore,2,4103.68,3.2,2024-04-16
8973,Customer_2481,Dominos,Pizza,India,1,3084.16,4.7,2025-11-05
8974,Customer_1934,KFC,Burger,Australia,1,4170.46,1.2,2025-04-06
8975,Customer_22,Dominos,Pizza,Australia,1,3135.37,4.1,2025-10-18
8976,Customer_2887,Dominos,Sandwich,Sri Lanka,6,4476.65,4.5,2025-02-22
8977,Customer_2118,Subway,Fast Food,India,6,3834.33,3.9,2025-03-02
8978,Customer_2071,Subway,Sandwich,India,8,3371.93,2.1,2026-06-01
8979,Customer_2700,Pizza Hut,Burger,Sri Lanka,10,620.69,5.0,2025-03-28
8980,Customer_495,Dominos,Fast Food,Singapore,8,4994.4,1.8,2026-04-21
8981,Customer_2336,Dominos,Pizza,Sri Lanka,10,4306.39,2.3,2025-05-25
8982,Customer_798,Pizza Hut,Fast Food,India,6,1059.42,4.4,2024-08-17
8983,Customer_1156,Dominos,Fast Food,Australia,9,2177.21,4.1,2025-03-13
8984,Customer_699,KFC,Fast Food,India,8,4866.08,4.0,2024-02-16
8985,Customer_1204,Burger King,Sandwich,Sri Lanka,6,4608.12,2.4,2026-01-17
8986,Customer_1940,Pizza Hut,Burger,Sri Lanka,1,2678.95,3.2,2024-08-11
8987,Customer_2092,KFC,Sandwich,India,1,868.48,1.1,2024-08-14
8988,Customer_441,Burger King,Pizza,Singapore,3,716.04,3.6,2026-01-04
8989,Customer_1744,Dominos,Burger,Singapore,6,3556.82,1.4,2025-11-26
8990,Customer_2071,Dominos,Sandwich,India,6,570.71,1.1,2026-02-13
8991,Customer_2439,Dominos,Pizza,Singapore,6,4721.77,3.1,2026-05-19
8992,Customer_2939,Subway,Burger,India,4,1037.5,2.4,2026-04-01
8993,Customer_33,Subway,Fast Food,Singapore,9,1390.82,5.0,2024-04-22
8994,Customer_1879,Pizza Hut,Fast Food,India,7,2413.81,1.4,2024-12-03
8995,Customer_1477,Subway,Fast Food,India,8,4253.24,4.9,2025-02-23
8996,Customer_278,Dominos,Fast Food,India,6,2035.88,1.2,2025-03-07
8997,Customer_1410,Subway,Burger,India,10,1025.14,3.7,2025-04-06
8998,Customer_654,Dominos,Burger,Sri Lanka,9,4804.68,2.1,2025-07-02
8999,Customer_1120,Burger King,Pizza,Australia,1,1323.9,3.1,2025-11-08
9000,Customer_2818,Burger King,Fast Food,Sri Lanka,9,2555.19,1.4,2024-12-08
9001,Customer_1789,Dominos,Pizza,Australia,8,3118.24,4.4,2024-11-17
9002,Customer_2079,Pizza Hut,Sandwich,India,3,774.49,2.9,2026-04-28
9003,Customer_836,Subway,Sandwich,Australia,5,1550.01,1.0,2026-01-18
9004,Customer_542,Dominos,Pizza,Singapore,3,1100.38,3.3,2024-05-05
9005,Customer_1670,Pizza Hut,Pizza,Australia,9,2724.97,3.6,2025-03-31
9006,Customer_179,Pizza Hut,Pizza,Sri Lanka,1,3711.37,3.1,2025-01-25
9007,Customer_540,Burger King,Burger,India,2,4631.79,4.7,2025-03-14
9008,Customer_2018,Pizza Hut,Pizza,Singapore,6,1105.04,4.5,2026-02-11
9009,Customer_2834,Pizza Hut,Sandwich,Australia,7,2404.23,4.5,2024-04-29
9010,Customer_1464,Dominos,Burger,Australia,1,1775.58,3.5,2025-03-22
9011,Customer_2373,Pizza Hut,Fast Food,India,8,1701.63,4.8,2026-05-01
9012,Customer_1738,Burger King,Burger,Singapore,8,4892.22,1.6,2024-07-17
9013,Customer_2879,KFC,Burger,Singapore,7,3379.7,2.2,2024-03-21
9014,Customer_1441,Dominos,Pizza,Sri Lanka,4,4810.19,4.9,2024-11-25
9015,Customer_2545,Pizza Hut,Pizza,Singapore,9,4628.87,4.2,2025-12-13
9016,Customer_2873,Pizza Hut,Pizza,India,10,2530.38,2.9,2026-06-11
9017,Customer_732,Pizza Hut,Sandwich,Sri Lanka,2,1469.12,2.5,2024-06-29
9018,Customer_2629,KFC,Pizza,Singapore,7,2837.08,4.4,2026-04-13
9019,Customer_2492,Burger King,Pizza,Singapore,9,1425.08,2.9,2024-10-21
9020,Customer_1214,Dominos,Pizza,India,5,1992.87,1.5,2024-10-12
9021,Customer_1353,Burger King,Burger,Singapore,9,1638.7,1.6,2025-08-09
9022,Customer_2814,Dominos,Fast Food,Australia,2,4638.9,1.7,2025-04-12
9023,Customer_380,Dominos,Sandwich,Sri Lanka,8,905.68,4.9,2025-07-10
9024,Customer_1175,Burger King,Burger,India,9,1346.71,2.5,2025-08-27
9025,Customer_712,Burger King,Sandwich,Sri Lanka,1,1896.25,3.3,2026-05-01
9026,Customer_1522,Burger King,Burger,Singapore,2,1243.5,1.1,2025-11-04
9027,Customer_362,Dominos,Fast Food,Sri Lanka,7,4063.39,1.7,2024-08-25
9028,Customer_1005,Subway,Sandwich,Singapore,7,3620.67,4.9,2024-05-24
9029,Customer_521,Subway,Pizza,Sri Lanka,9,2661.89,4.9,2024-07-21
9030,Customer_2350,Pizza Hut,Burger,Australia,2,3126.98,3.6,2025-09-13
9031,Customer_1270,Subway,Pizza,Australia,7,4216.86,3.7,2026-01-02
9032,Customer_473,Pizza Hut,Fast Food,India,5,2306.08,1.2,2026-02-28
9033,Customer_1732,Pizza Hut,Sandwich,India,9,4070.75,3.0,2024-01-19
9034,Customer_299,Pizza Hut,Sandwich,India,8,4323.19,4.7,2025-06-07
9035,Customer_689,Pizza Hut,Burger,Sri Lanka,9,1074.72,2.6,2025-03-25
9036,Customer_1017,Burger King,Fast Food,Australia,5,2253.86,3.4,2025-02-13
9037,Customer_2519,Pizza Hut,Fast Food,Singapore,6,4884.1,4.3,2024-11-30
9038,Customer_2861,Pizza Hut,Fast Food,Singapore,6,2129.76,2.2,2024-03-03
9039,Customer_976,Burger King,Sandwich,Sri Lanka,5,921.29,4.8,2025-11-12
9040,Customer_98,Pizza Hut,Burger,India,4,4816.41,3.1,2025-05-12
9041,Customer_554,Subway,Pizza,India,10,1059.5,1.6,2025-09-03
9042,Customer_2058,Pizza Hut,Fast Food,Singapore,5,4509.01,4.2,2024-09-03
9043,Customer_2031,Burger King,Pizza,India,7,1240.4,4.6,2024-02-26
9044,Customer_1035,KFC,Pizza,India,8,2230.01,4.8,2025-10-07
9045,Customer_873,Burger King,Sandwich,Singapore,3,3167.72,2.1,2025-10-08
9046,Customer_1171,Dominos,Pizza,India,3,4562.63,2.1,2024-05-29
9047,Customer_612,Subway,Pizza,India,4,1871.1,1.9,2025-05-05
9048,Customer_1552,Pizza Hut,Pizza,India,3,1174.77,2.8,2025-10-09
9049,Customer_411,Dominos,Burger,India,5,3568.02,3.7,2025-01-19
9050,Customer_1870,KFC,Fast Food,Sri Lanka,9,3881.97,3.9,2024-03-14
9051,Customer_2907,KFC,Burger,India,5,992.46,4.4,2025-08-11
9052,Customer_1792,KFC,Burger,Singapore,6,1224.26,3.1,2025-09-05
9053,Customer_934,KFC,Fast Food,India,10,2705.34,2.0,2025-06-04
9054,Customer_148,Pizza Hut,Pizza,India,7,2492.17,3.1,2025-07-14
9055,Customer_340,Burger King,Burger,Australia,5,3965.39,3.4,2026-04-30
9056,Customer_1120,Burger King,Pizza,Singapore,4,2701.65,2.7,2024-10-17
9057,Customer_671,KFC,Pizza,Australia,9,1459.39,2.9,2024-07-11
9058,Customer_1524,Dominos,Pizza,Singapore,9,2031.24,1.9,2024-12-27
9059,Customer_803,Pizza Hut,Fast Food,Singapore,6,1470.13,1.6,2025-08-31
9060,Customer_1034,Burger King,Sandwich,Singapore,8,4596.77,4.4,2025-03-06
9061,Customer_1452,Dominos,Fast Food,Singapore,2,2127.62,3.6,2024-02-05
9062,Customer_2212,KFC,Pizza,India,4,2147.25,1.7,2025-10-29
9063,Customer_2677,Burger King,Burger,Sri Lanka,2,1426.16,4.0,2025-10-09
9064,Customer_464,Pizza Hut,Pizza,Australia,2,851.18,1.9,2024-11-08
9065,Customer_2712,KFC,Fast Food,India,3,644.32,4.9,2024-07-16
9066,Customer_936,Subway,Pizza,India,7,3985.97,1.2,2025-04-11
9067,Customer_1626,Subway,Sandwich,Singapore,7,1536.63,4.0,2026-03-29
9068,Customer_2559,Subway,Sandwich,Australia,9,4827.59,2.6,2024-01-17
9069,Customer_2437,Subway,Sandwich,Australia,7,3023.19,1.4,2024-08-21
9070,Customer_2560,Subway,Burger,Sri Lanka,2,4865.73,1.5,2024-06-22
9071,Customer_1251,Subway,Pizza,India,6,563.99,3.3,2025-06-22
9072,Customer_1816,Burger King,Pizza,India,10,3735.49,3.4,2024-05-29
9073,Customer_2051,Dominos,Pizza,India,1,3635.67,1.3,2026-05-18
9074,Customer_2973,Pizza Hut,Sandwich,Australia,4,1407.03,1.9,2024-09-05
9075,Customer_1606,Subway,Fast Food,Sri Lanka,9,2197.67,2.2,2025-12-08
9076,Customer_455,Pizza Hut,Burger,Sri Lanka,7,1820.43,3.8,2025-11-29
9077,Customer_1033,Dominos,Burger,India,4,3298.23,4.1,2025-11-15
9078,Customer_1935,Subway,Pizza,Singapore,10,584.58,3.1,2025-09-01
9079,Customer_1155,Dominos,Fast Food,India,3,1221.18,1.2,2024-01-04
9080,Customer_2164,Subway,Burger,India,10,863.9,3.8,2024-01-14
9081,Customer_2539,Dominos,Pizza,Sri Lanka,1,4851.31,1.9,2024-09-30
9082,Customer_2167,Subway,Pizza,Sri Lanka,3,3304.21,1.0,2025-06-14
9083,Customer_1116,KFC,Pizza,India,7,1060.47,1.1,2026-06-13
9084,Customer_86,Subway,Sandwich,India,9,3307.05,4.8,2024-03-28
9085,Customer_2178,KFC,Fast Food,India,2,676.47,4.9,2025-12-30
9086,Customer_408,Pizza Hut,Sandwich,Sri Lanka,10,2705.67,3.1,2026-02-14
9087,Customer_1975,Pizza Hut,Burger,India,1,3117.28,3.7,2025-07-30
9088,Customer_2757,Dominos,Sandwich,India,2,4872.68,1.2,2025-04-13
9089,Customer_1369,KFC,Fast Food,Australia,3,1105.08,1.9,2024-11-13
9090,Customer_977,KFC,Sandwich,Sri Lanka,5,4499.09,2.9,2024-11-30
9091,Customer_732,Burger King,Fast Food,Singapore,7,4150.36,1.8,2025-12-11
9092,Customer_522,Dominos,Burger,Sri Lanka,10,3479.57,4.6,2026-04-19
9093,Customer_1063,Subway,Pizza,Sri Lanka,8,4702.88,4.1,2026-04-17
9094,Customer_1174,Subway,Pizza,Singapore,1,4093.53,1.3,2025-11-12
9095,Customer_1787,Subway,Sandwich,Singapore,4,3811.65,4.7,2024-03-24
9096,Customer_1906,KFC,Pizza,Australia,8,2174.82,2.0,2024-07-23
9097,Customer_1651,KFC,Fast Food,Singapore,1,960.14,1.8,2024-09-03
9098,Customer_2518,Subway,Fast Food,Sri Lanka,3,3060.44,4.3,2025-06-09
9099,Customer_2129,KFC,Pizza,India,4,3549.09,4.4,2025-07-22
9100,Customer_1380,Subway,Sandwich,India,4,1731.05,4.5,2026-05-26
9101,Customer_538,KFC,Burger,India,3,2380.05,1.3,2025-11-03
9102,Customer_1059,Burger King,Pizza,India,1,2134.75,4.3,2024-05-04
9103,Customer_1383,Dominos,Sandwich,Singapore,1,3775.98,2.6,2026-03-13
9104,Customer_2613,KFC,Burger,Sri Lanka,8,1661.37,2.2,2025-10-09
9105,Customer_115,Subway,Burger,India,10,2914.42,3.0,2024-05-07
9106,Customer_819,Subway,Fast Food,India,2,2458.71,2.6,2025-07-30
9107,Customer_1770,Subway,Fast Food,India,7,3492.04,3.9,2025-02-03
9108,Customer_1196,Subway,Burger,Sri Lanka,2,2504.33,4.5,2025-05-01
9109,Customer_2923,Dominos,Fast Food,India,5,2712.31,4.2,2025-11-10
9110,Customer_1539,Subway,Burger,Singapore,7,2415.96,4.1,2025-12-01
9111,Customer_646,Dominos,Burger,Sri Lanka,3,2975.62,1.6,2025-07-31
9112,Customer_1864,Burger King,Sandwich,Australia,9,1324.75,3.9,2026-05-11
9113,Customer_1284,Dominos,Sandwich,India,5,1827.11,2.8,2026-04-02
9114,Customer_702,Pizza Hut,Fast Food,Sri Lanka,4,2706.64,2.5,2025-07-25
9115,Customer_1483,KFC,Fast Food,India,8,1080.84,2.1,2024-09-10
9116,Customer_190,Burger King,Sandwich,Australia,4,4796.56,2.3,2026-06-17
9117,Customer_2685,Dominos,Fast Food,Australia,8,1105.25,4.2,2024-03-09
9118,Customer_2345,Subway,Pizza,Sri Lanka,1,1152.6,4.0,2025-04-10
9119,Customer_158,Burger King,Pizza,India,1,4641.9,2.9,2024-07-15
9120,Customer_73,Pizza Hut,Fast Food,India,2,4280.65,4.5,2025-08-01
9121,Customer_1009,Subway,Burger,Sri Lanka,10,3253.62,2.5,2024-07-03
9122,Customer_1759,KFC,Sandwich,Sri Lanka,9,1055.45,2.5,2024-01-11
9123,Customer_2441,Subway,Burger,Australia,5,3856.23,1.2,2024-03-13
9124,Customer_1844,Dominos,Burger,Singapore,3,3363.7,4.2,2025-02-02
9125,Customer_2725,Dominos,Burger,Sri Lanka,7,2066.27,1.5,2024-02-03
9126,Customer_1308,Burger King,Sandwich,India,8,667.5,1.7,2025-02-14
9127,Customer_265,Burger King,Fast Food,Australia,3,1560.11,2.8,2025-10-27
9128,Customer_2166,Dominos,Fast Food,Sri Lanka,1,3053.71,2.4,2026-03-31
9129,Customer_230,Dominos,Pizza,Australia,8,2293.13,3.7,2024-12-20
9130,Customer_2683,Pizza Hut,Pizza,India,6,4241.04,4.8,2025-06-11
9131,Customer_2674,KFC,Sandwich,Sri Lanka,7,1195.58,1.8,2024-07-17
9132,Customer_230,KFC,Fast Food,Singapore,1,2505.55,2.9,2025-02-26
9133,Customer_1718,Subway,Fast Food,India,2,2454.66,3.4,2025-02-09
9134,Customer_1784,Pizza Hut,Sandwich,Sri Lanka,5,4534.33,3.6,2025-03-28
9135,Customer_182,Burger King,Burger,India,2,3127.64,2.1,2024-01-23
9136,Customer_1122,Burger King,Fast Food,Singapore,2,2137.96,1.2,2024-07-11
9137,Customer_2292,Dominos,Pizza,Singapore,3,1127.3,2.3,2026-03-20
9138,Customer_1825,Burger King,Fast Food,Australia,6,4987.5,4.8,2024-12-07
9139,Customer_2136,Subway,Fast Food,Singapore,7,612.66,2.7,2024-02-14
9140,Customer_55,Subway,Fast Food,Singapore,2,4598.39,3.3,2024-09-29
9141,Customer_1006,KFC,Pizza,Singapore,4,1811.67,4.2,2024-05-06
9142,Customer_2188,Pizza Hut,Burger,India,4,1300.6,4.0,2024-06-25
9143,Customer_1137,Burger King,Burger,Sri Lanka,7,1858.91,4.9,2024-09-20
9144,Customer_393,Burger King,Pizza,Singapore,9,1010.29,4.9,2025-03-01
9145,Customer_448,Burger King,Sandwich,Singapore,5,3432.02,1.1,2025-09-18
9146,Customer_2831,Subway,Burger,Sri Lanka,8,3442.21,4.5,2025-05-13
9147,Customer_120,Dominos,Fast Food,Sri Lanka,3,2047.96,4.4,2025-12-08
9148,Customer_126,KFC,Pizza,India,5,4608.13,3.3,2025-02-06
9149,Customer_1794,Pizza Hut,Burger,Singapore,1,4961.12,3.0,2025-12-17
9150,Customer_1608,Burger King,Fast Food,Sri Lanka,1,1321.54,1.5,2025-09-15
9151,Customer_1847,Subway,Sandwich,Singapore,5,4083.38,2.8,2025-08-05
9152,Customer_1271,Subway,Sandwich,Sri Lanka,2,2315.8,2.6,2025-10-29
9153,Customer_1272,Dominos,Sandwich,India,6,2355.0,3.3,2024-05-25
9154,Customer_577,Burger King,Fast Food,Singapore,3,2758.56,3.5,2024-03-06
9155,Customer_1565,Pizza Hut,Burger,India,3,4158.58,4.7,2024-06-28
9156,Customer_1198,Dominos,Burger,Singapore,10,2690.07,2.4,2025-11-09
9157,Customer_863,Dominos,Fast Food,Australia,9,598.44,2.1,2024-05-05
9158,Customer_1541,KFC,Burger,Sri Lanka,1,3853.18,3.6,2026-01-21
9159,Customer_1844,KFC,Fast Food,Singapore,2,1699.78,1.4,2026-03-17
9160,Customer_740,Subway,Fast Food,Australia,9,2759.68,3.9,2024-04-21
9161,Customer_277,Subway,Pizza,Singapore,3,2187.81,4.4,2024-10-25
9162,Customer_862,Pizza Hut,Pizza,Australia,10,1648.56,1.1,2025-12-14
9163,Customer_283,Subway,Pizza,Australia,3,988.14,3.4,2025-06-08
9164,Customer_2229,Burger King,Pizza,India,3,4658.71,1.9,2024-08-29
9165,Customer_1275,KFC,Pizza,Sri Lanka,2,2131.18,4.9,2024-03-08
9166,Customer_2384,Dominos,Fast Food,Australia,10,3794.87,3.7,2025-05-09
9167,Customer_2185,Subway,Pizza,Sri Lanka,3,577.86,3.6,2026-02-25
9168,Customer_943,Subway,Burger,Australia,4,3908.39,1.7,2024-11-17
9169,Customer_1135,Burger King,Fast Food,India,10,3490.58,3.3,2025-06-10
9170,Customer_1877,Subway,Burger,India,2,515.1,2.2,2025-07-02
9171,Customer_1077,Subway,Sandwich,Singapore,5,1303.66,1.9,2024-03-23
9172,Customer_26,Subway,Pizza,Sri Lanka,2,2899.18,4.5,2026-06-17
9173,Customer_1714,Subway,Pizza,India,10,1164.95,2.1,2024-03-03
9174,Customer_472,Dominos,Pizza,Sri Lanka,2,3992.89,3.2,2024-03-22
9175,Customer_1902,KFC,Pizza,Sri Lanka,10,2586.85,2.5,2024-02-05
9176,Customer_2627,Pizza Hut,Sandwich,Singapore,3,833.8,4.7,2025-10-23
9177,Customer_2544,Pizza Hut,Sandwich,Singapore,6,3393.57,3.7,2025-07-23
9178,Customer_1482,Burger King,Pizza,Australia,1,725.79,1.6,2025-03-11
9179,Customer_2020,Pizza Hut,Sandwich,Sri Lanka,8,1106.62,2.8,2025-11-30
9180,Customer_959,Subway,Burger,Australia,4,3555.95,3.8,2024-11-21
9181,Customer_2671,Dominos,Fast Food,Sri Lanka,9,2332.22,3.1,2025-10-06
9182,Customer_2927,KFC,Fast Food,Australia,10,1311.16,4.7,2024-10-12
9183,Customer_103,Burger King,Burger,India,3,4571.88,2.1,2024-02-22
9184,Customer_2259,Subway,Sandwich,Singapore,2,2334.51,2.6,2026-03-27
9185,Customer_478,Subway,Burger,Singapore,1,3857.39,1.4,2024-05-07
9186,Customer_2350,KFC,Fast Food,Singapore,4,2493.99,4.7,2024-01-21
9187,Customer_1646,Burger King,Burger,Singapore,2,3237.91,4.9,2025-03-23
9188,Customer_1977,KFC,Fast Food,India,5,811.36,1.9,2024-12-05
9189,Customer_1285,Pizza Hut,Sandwich,Singapore,8,4895.37,4.6,2025-03-04
9190,Customer_2631,KFC,Sandwich,India,8,1266.41,4.3,2025-11-05
9191,Customer_2926,Pizza Hut,Sandwich,India,6,3256.05,1.9,2026-03-28
9192,Customer_481,Burger King,Fast Food,Sri Lanka,1,3225.78,4.9,2024-06-09
9193,Customer_716,Subway,Pizza,Australia,9,4670.07,2.7,2024-04-20
9194,Customer_2803,Pizza Hut,Fast Food,Sri Lanka,4,4472.32,4.6,2024-08-11
9195,Customer_1863,Dominos,Fast Food,Sri Lanka,10,915.07,1.2,2024-01-27
9196,Customer_1040,Burger King,Pizza,Singapore,10,2119.9,4.6,2025-12-03
9197,Customer_925,Subway,Burger,Australia,4,1965.77,2.1,2025-01-20
9198,Customer_2240,Pizza Hut,Sandwich,Singapore,3,4222.15,4.6,2025-02-04
9199,Customer_2783,Pizza Hut,Fast Food,India,8,1548.84,1.8,2026-01-09
9200,Customer_2794,Burger King,Sandwich,Sri Lanka,9,813.93,1.3,2026-03-09
9201,Customer_2908,Pizza Hut,Sandwich,Singapore,9,1518.56,4.1,2025-07-05
9202,Customer_759,Dominos,Fast Food,Australia,5,2284.36,4.6,2025-06-23
9203,Customer_1456,Burger King,Sandwich,Australia,4,799.46,4.6,2026-05-04
9204,Customer_1681,Dominos,Sandwich,Australia,3,2634.79,2.8,2024-05-19
9205,Customer_1120,Subway,Fast Food,India,6,2073.65,3.5,2024-03-13
9206,Customer_1661,Burger King,Pizza,Singapore,10,1625.62,2.8,2025-11-26
9207,Customer_270,Burger King,Sandwich,Singapore,9,4378.48,2.1,2024-01-10
9208,Customer_704,Dominos,Pizza,Australia,5,1989.37,4.1,2025-08-14
9209,Customer_2170,KFC,Pizza,Australia,1,4159.5,1.6,2026-06-11
9210,Customer_2136,Subway,Fast Food,India,3,4465.57,4.0,2024-02-03
9211,Customer_797,Subway,Sandwich,Sri Lanka,6,4922.69,1.4,2024-10-15
9212,Customer_2752,KFC,Burger,Sri Lanka,5,3483.1,3.7,2024-06-01
9213,Customer_230,Pizza Hut,Burger,Sri Lanka,2,2488.29,2.9,2025-08-26
9214,Customer_1066,Subway,Fast Food,India,9,1411.81,2.2,2026-01-14
9215,Customer_397,Pizza Hut,Fast Food,Singapore,8,638.81,4.2,2025-01-13
9216,Customer_2552,Pizza Hut,Fast Food,Singapore,10,4382.91,1.9,2024-10-30
9217,Customer_2956,Dominos,Sandwich,Singapore,7,1143.66,4.8,2024-11-01
9218,Customer_1595,Dominos,Pizza,Sri Lanka,8,1161.05,4.7,2024-10-06
9219,Customer_1990,Subway,Pizza,Sri Lanka,10,3653.34,4.8,2026-01-22
9220,Customer_2473,Pizza Hut,Fast Food,Singapore,9,3427.46,4.8,2025-05-10
9221,Customer_1191,KFC,Sandwich,India,5,2145.88,2.8,2025-02-06
9222,Customer_782,Burger King,Sandwich,India,2,892.8,4.5,2025-01-31
9223,Customer_1182,Subway,Pizza,Australia,9,2221.81,2.1,2025-01-09
9224,Customer_1192,Burger King,Pizza,Sri Lanka,4,1237.94,3.1,2025-02-21
9225,Customer_1531,Dominos,Fast Food,India,7,2750.34,1.9,2026-06-13
9226,Customer_2710,KFC,Fast Food,Australia,7,517.21,3.1,2024-08-29
9227,Customer_1582,Dominos,Burger,Sri Lanka,8,1099.81,4.3,2024-10-26
9228,Customer_188,Pizza Hut,Sandwich,Singapore,2,4015.8,3.0,2025-06-25
9229,Customer_91,Subway,Burger,Sri Lanka,6,4699.13,5.0,2025-09-11
9230,Customer_1851,Pizza Hut,Fast Food,Australia,3,2720.31,3.8,2025-05-16
9231,Customer_2598,KFC,Sandwich,Sri Lanka,4,1343.04,2.2,2025-04-21
9232,Customer_1630,KFC,Pizza,India,4,2242.75,3.6,2026-03-30
9233,Customer_2631,Subway,Sandwich,Sri Lanka,2,4051.9,1.8,2024-04-07
9234,Customer_939,Dominos,Sandwich,Sri Lanka,10,3668.55,2.8,2025-05-01
9235,Customer_2370,Dominos,Sandwich,Singapore,9,802.58,1.7,2024-04-22
9236,Customer_2006,Pizza Hut,Burger,Sri Lanka,7,4077.54,1.7,2025-01-23
9237,Customer_2825,Burger King,Sandwich,Sri Lanka,1,2503.34,4.7,2025-11-10
9238,Customer_566,Dominos,Fast Food,India,2,4152.15,1.5,2024-04-23
9239,Customer_1820,Pizza Hut,Sandwich,India,8,1485.33,4.2,2025-09-27
9240,Customer_833,Burger King,Pizza,Australia,3,2440.97,3.1,2025-05-01
9241,Customer_378,Dominos,Burger,Sri Lanka,6,1851.06,2.4,2026-01-22
9242,Customer_463,KFC,Fast Food,Singapore,2,1069.93,2.5,2025-10-27
9243,Customer_1951,KFC,Sandwich,Sri Lanka,2,1717.28,3.5,2026-04-16
9244,Customer_2058,Dominos,Sandwich,Sri Lanka,6,2868.63,4.4,2026-05-21
9245,Customer_515,Dominos,Fast Food,India,6,3181.62,1.9,2025-09-14
9246,Customer_2308,Subway,Fast Food,Singapore,10,1462.67,3.0,2026-01-05
9247,Customer_1090,KFC,Fast Food,Australia,2,863.1,3.9,2026-04-18
9248,Customer_1601,Pizza Hut,Fast Food,Sri Lanka,3,2873.56,1.6,2025-12-25
9249,Customer_1292,Dominos,Burger,India,10,3050.63,3.2,2025-05-13
9250,Customer_2011,Dominos,Sandwich,India,3,2397.0,4.4,2024-08-05
9251,Customer_664,Dominos,Sandwich,Singapore,8,1452.72,1.3,2024-11-10
9252,Customer_828,Burger King,Pizza,Singapore,10,3532.63,2.0,2024-05-16
9253,Customer_1875,Pizza Hut,Sandwich,India,8,2303.89,2.0,2024-02-08
9254,Customer_2924,Burger King,Sandwich,Sri Lanka,6,2227.53,5.0,2025-06-25
9255,Customer_940,Pizza Hut,Fast Food,Singapore,7,2270.11,4.1,2024-04-30
9256,Customer_629,Subway,Sandwich,India,10,1866.63,1.5,2026-01-11
9257,Customer_1453,Dominos,Fast Food,Sri Lanka,2,3457.48,4.2,2026-01-14
9258,Customer_1648,Subway,Fast Food,Sri Lanka,7,3319.89,4.5,2024-01-15
9259,Customer_1493,Pizza Hut,Pizza,Singapore,4,3569.79,1.6,2026-05-02
9260,Customer_929,Dominos,Burger,Sri Lanka,6,4987.07,4.4,2024-06-24
9261,Customer_859,KFC,Pizza,Singapore,1,4878.97,2.9,2024-10-27
9262,Customer_1594,KFC,Burger,Sri Lanka,7,4554.35,3.1,2024-10-07
9263,Customer_1376,Subway,Burger,Australia,9,2674.94,3.8,2025-04-07
9264,Customer_591,KFC,Fast Food,Singapore,2,693.84,2.3,2026-03-27
9265,Customer_170,Pizza Hut,Sandwich,Singapore,5,976.88,3.1,2024-11-09
9266,Customer_2501,Burger King,Pizza,Australia,1,3348.96,3.0,2025-05-22
9267,Customer_408,Burger King,Burger,Sri Lanka,8,1993.94,4.9,2024-10-06
9268,Customer_1255,Subway,Sandwich,India,10,1322.01,2.2,2024-09-21
9269,Customer_492,Subway,Sandwich,Australia,3,4316.42,3.9,2026-03-27
9270,Customer_1158,KFC,Sandwich,Australia,5,3849.86,1.3,2024-03-04
9271,Customer_2918,Dominos,Fast Food,Sri Lanka,3,3687.95,1.6,2024-03-17
9272,Customer_1356,Dominos,Sandwich,India,7,2189.45,2.2,2025-11-28
9273,Customer_1139,Pizza Hut,Sandwich,Sri Lanka,5,2852.99,3.9,2026-05-26
9274,Customer_2500,Dominos,Burger,Singapore,2,1844.65,3.5,2025-07-04
9275,Customer_478,Pizza Hut,Pizza,Singapore,9,2589.49,2.4,2025-11-03
9276,Customer_370,KFC,Pizza,Singapore,7,2685.56,3.7,2024-10-08
9277,Customer_1263,Dominos,Fast Food,Singapore,10,1834.58,1.3,2024-09-30
9278,Customer_213,Burger King,Fast Food,Sri Lanka,9,4621.81,1.6,2025-09-09
9279,Customer_2133,KFC,Burger,Australia,8,954.49,1.7,2026-01-19
9280,Customer_2404,KFC,Fast Food,Sri Lanka,3,4683.56,1.3,2024-02-02
9281,Customer_2687,Subway,Burger,India,6,1464.94,1.5,2024-12-09
9282,Customer_489,KFC,Sandwich,Singapore,7,3635.85,4.8,2024-10-22
9283,Customer_1744,Subway,Burger,Singapore,7,4019.75,4.7,2024-02-16
9284,Customer_2513,Pizza Hut,Pizza,Australia,5,808.81,4.3,2024-02-14
9285,Customer_488,KFC,Fast Food,Sri Lanka,6,651.79,4.1,2026-01-02
9286,Customer_369,Burger King,Burger,Australia,3,2586.68,4.7,2026-06-17
9287,Customer_2747,Pizza Hut,Burger,Sri Lanka,1,1902.18,2.4,2025-04-01
9288,Customer_2136,Subway,Sandwich,Singapore,5,3790.03,3.0,2026-06-13
9289,Customer_88,Subway,Fast Food,Australia,10,3620.45,1.6,2025-06-07
9290,Customer_1374,Pizza Hut,Burger,Australia,7,1744.42,1.4,2024-01-29
9291,Customer_1992,KFC,Fast Food,Sri Lanka,3,1253.65,1.3,2024-07-25
9292,Customer_2288,Subway,Sandwich,India,7,2404.64,1.1,2024-09-25
9293,Customer_1301,Burger King,Burger,Australia,10,3667.33,4.0,2025-09-14
9294,Customer_2593,Subway,Sandwich,Australia,3,4354.63,2.4,2026-02-26
9295,Customer_2004,Pizza Hut,Fast Food,Australia,7,1127.81,3.8,2026-04-05
9296,Customer_790,KFC,Fast Food,Sri Lanka,2,2417.41,3.9,2024-10-17
9297,Customer_1684,KFC,Pizza,Australia,7,911.54,2.5,2025-09-01
9298,Customer_419,Pizza Hut,Fast Food,India,8,1660.56,3.5,2024-11-28
9299,Customer_2810,KFC,Fast Food,India,1,3287.98,4.7,2025-08-08
9300,Customer_1583,Pizza Hut,Fast Food,Singapore,8,4298.16,2.3,2025-06-08
9301,Customer_1483,Burger King,Burger,Singapore,3,4975.97,1.8,2024-04-05
9302,Customer_1164,Dominos,Sandwich,Australia,7,4313.6,3.8,2025-12-01
9303,Customer_1156,Burger King,Sandwich,Australia,10,4233.28,4.5,2024-03-05
9304,Customer_2997,Pizza Hut,Burger,Sri Lanka,10,3768.96,4.7,2025-11-10
9305,Customer_2403,Burger King,Fast Food,Australia,7,579.61,1.9,2024-01-30
9306,Customer_1597,Dominos,Pizza,Australia,2,746.36,1.4,2024-05-11
9307,Customer_1017,Pizza Hut,Sandwich,Sri Lanka,4,1521.07,4.4,2026-05-23
9308,Customer_1132,Dominos,Sandwich,Singapore,7,3490.33,4.0,2024-06-15
9309,Customer_2674,Subway,Sandwich,Sri Lanka,7,4727.26,1.4,2025-07-20
9310,Customer_219,Subway,Fast Food,Sri Lanka,8,3450.93,4.6,2025-06-04
9311,Customer_1778,Dominos,Pizza,India,5,3964.52,3.1,2025-09-20
9312,Customer_473,Burger King,Sandwich,Sri Lanka,4,1662.02,5.0,2024-12-25
9313,Customer_2349,Pizza Hut,Sandwich,Sri Lanka,1,737.84,3.6,2026-03-23
9314,Customer_2017,Pizza Hut,Burger,India,4,4837.48,3.6,2024-12-16
9315,Customer_2428,Burger King,Pizza,Singapore,5,2708.07,1.2,2024-11-11
9316,Customer_1648,Subway,Burger,India,10,3305.89,4.6,2024-08-01
9317,Customer_2078,Dominos,Pizza,Singapore,10,3435.15,4.7,2024-07-07
9318,Customer_1032,Pizza Hut,Fast Food,Australia,3,2102.28,2.1,2024-08-26
9319,Customer_2662,Dominos,Burger,Sri Lanka,7,4772.12,2.2,2024-04-13
9320,Customer_932,Pizza Hut,Burger,Australia,1,3880.38,2.6,2025-12-23
9321,Customer_1515,Pizza Hut,Burger,India,7,4347.17,3.2,2025-03-11
9322,Customer_579,Burger King,Sandwich,India,10,1614.72,1.2,2025-04-12
9323,Customer_2598,KFC,Pizza,Australia,2,911.1,2.9,2026-04-06
9324,Customer_1442,KFC,Sandwich,Singapore,4,1006.91,2.9,2025-01-11
9325,Customer_643,Pizza Hut,Fast Food,Australia,3,959.89,3.8,2024-10-24
9326,Customer_2377,KFC,Sandwich,India,7,532.17,3.4,2026-05-28
9327,Customer_1926,KFC,Burger,Australia,2,1546.74,1.1,2024-02-10
9328,Customer_2581,Subway,Sandwich,Singapore,4,1998.1,2.2,2024-09-03
9329,Customer_923,Pizza Hut,Sandwich,Australia,7,3913.57,2.2,2024-05-24
9330,Customer_1907,Dominos,Fast Food,Singapore,5,4980.04,1.5,2024-09-12
9331,Customer_854,Subway,Burger,Sri Lanka,7,628.48,1.8,2025-02-27
9332,Customer_261,Subway,Fast Food,Australia,5,1095.56,1.8,2024-06-07
9333,Customer_1277,Burger King,Burger,Sri Lanka,4,1121.03,3.9,2024-03-21
9334,Customer_1404,Burger King,Sandwich,Australia,3,1198.49,2.5,2024-04-15
9335,Customer_559,Dominos,Fast Food,India,1,2616.39,2.1,2024-05-22
9336,Customer_433,Burger King,Sandwich,India,10,4211.21,3.9,2025-11-17
9337,Customer_775,KFC,Burger,Australia,4,2843.48,4.0,2025-06-04
9338,Customer_2344,Pizza Hut,Sandwich,Singapore,1,4361.31,3.8,2026-02-21
9339,Customer_113,Subway,Pizza,Singapore,9,3803.63,1.2,2025-12-05
9340,Customer_594,Pizza Hut,Burger,Sri Lanka,9,4376.47,3.6,2025-04-26
9341,Customer_1160,Burger King,Fast Food,Sri Lanka,1,1929.82,3.7,2025-04-22
9342,Customer_2631,Pizza Hut,Pizza,India,3,3707.04,2.7,2024-09-12
9343,Customer_761,KFC,Pizza,Singapore,3,1836.81,2.2,2025-08-20
9344,Customer_2594,Burger King,Fast Food,India,9,3101.02,1.8,2025-12-03
9345,Customer_1739,Burger King,Burger,India,4,1180.64,2.3,2025-05-07
9346,Customer_1938,Dominos,Burger,India,3,3382.29,4.0,2026-01-15
9347,Customer_1558,Burger King,Burger,India,6,1048.23,2.4,2024-03-05
9348,Customer_2974,Dominos,Pizza,Singapore,1,1952.85,1.9,2024-10-20
9349,Customer_1455,Burger King,Burger,Sri Lanka,9,3047.86,4.7,2025-01-06
9350,Customer_1097,Dominos,Sandwich,Australia,5,3852.3,3.3,2024-08-13
9351,Customer_2273,Burger King,Pizza,Sri Lanka,2,3890.37,4.2,2026-03-15
9352,Customer_914,Pizza Hut,Pizza,India,2,4546.92,1.4,2024-03-12
9353,Customer_1749,Pizza Hut,Sandwich,Singapore,3,2104.08,1.4,2026-05-05
9354,Customer_2354,Dominos,Pizza,Sri Lanka,1,1166.02,3.6,2026-03-20
9355,Customer_2119,KFC,Pizza,Sri Lanka,3,2466.81,4.7,2025-09-07
9356,Customer_2675,Subway,Fast Food,Sri Lanka,1,4562.99,2.1,2024-05-24
9357,Customer_2502,Subway,Sandwich,Sri Lanka,1,2103.17,3.1,2026-05-23
9358,Customer_1123,KFC,Fast Food,Sri Lanka,9,4695.84,2.6,2024-02-07
9359,Customer_2127,Pizza Hut,Burger,India,10,1616.58,4.9,2024-12-04
9360,Customer_599,KFC,Pizza,India,7,1742.03,2.7,2024-06-08
9361,Customer_1096,Subway,Burger,Singapore,6,3629.22,4.6,2024-12-23
9362,Customer_588,Pizza Hut,Burger,Australia,9,3008.9,2.4,2026-05-28
9363,Customer_870,KFC,Burger,Singapore,10,894.14,1.7,2025-04-23
9364,Customer_2537,Pizza Hut,Sandwich,Singapore,3,2368.76,1.5,2025-10-20
9365,Customer_861,KFC,Fast Food,Singapore,7,1158.62,4.9,2024-07-09
9366,Customer_1393,Pizza Hut,Sandwich,Sri Lanka,2,1108.81,1.1,2024-05-16
9367,Customer_2253,Burger King,Fast Food,Singapore,6,4715.65,3.1,2026-05-23
9368,Customer_534,KFC,Sandwich,India,5,2806.7,3.4,2024-06-13
9369,Customer_260,Dominos,Burger,Singapore,9,4201.1,4.7,2024-08-17
9370,Customer_1119,Pizza Hut,Burger,India,9,2281.71,2.9,2024-07-29
9371,Customer_1656,Dominos,Sandwich,Sri Lanka,4,4437.46,4.6,2025-12-11
9372,Customer_778,Dominos,Sandwich,Singapore,3,2999.55,1.2,2026-04-17
9373,Customer_1816,Pizza Hut,Burger,Singapore,6,4216.75,1.4,2025-02-22
9374,Customer_1379,Dominos,Pizza,India,4,3379.3,2.1,2024-07-16
9375,Customer_1889,Pizza Hut,Pizza,Australia,1,2456.22,2.5,2025-09-18
9376,Customer_1510,KFC,Sandwich,Australia,5,829.58,3.2,2025-10-01
9377,Customer_2008,Dominos,Burger,Australia,10,3795.71,2.1,2025-04-30
9378,Customer_2197,KFC,Sandwich,Sri Lanka,9,3110.52,3.1,2025-05-28
9379,Customer_2883,Pizza Hut,Pizza,India,1,2474.84,2.6,2025-06-20
9380,Customer_2968,Subway,Fast Food,Singapore,6,4778.99,2.4,2024-10-26
9381,Customer_1375,KFC,Fast Food,India,6,1946.91,4.7,2024-05-12
9382,Customer_113,KFC,Fast Food,Singapore,4,4854.25,2.9,2024-01-29
9383,Customer_208,KFC,Sandwich,Singapore,1,4792.02,4.8,2025-02-23
9384,Customer_546,Pizza Hut,Burger,India,7,1436.99,1.8,2024-09-12
9385,Customer_2556,KFC,Burger,Singapore,8,4900.15,1.9,2026-06-06
9386,Customer_1576,Pizza Hut,Burger,India,4,2264.78,3.9,2025-10-06
9387,Customer_2658,Pizza Hut,Sandwich,Australia,1,2450.1,4.4,2025-12-03
9388,Customer_2419,Burger King,Sandwich,Sri Lanka,9,4114.67,3.1,2025-12-05
9389,Customer_2739,Dominos,Burger,Sri Lanka,4,879.18,1.5,2025-11-21
9390,Customer_1129,KFC,Sandwich,Singapore,4,4003.83,2.8,2026-02-26
9391,Customer_2246,Dominos,Pizza,Singapore,5,2249.73,1.3,2025-02-04
9392,Customer_1867,Subway,Fast Food,India,8,2556.03,3.4,2026-02-02
9393,Customer_502,Dominos,Sandwich,Australia,6,4795.91,4.6,2025-09-26
9394,Customer_2085,KFC,Pizza,Sri Lanka,7,3728.39,2.9,2025-07-19
9395,Customer_2560,Pizza Hut,Burger,Sri Lanka,9,4704.99,4.2,2024-10-27
9396,Customer_524,KFC,Pizza,India,9,4287.43,3.7,2025-03-02
9397,Customer_1645,Dominos,Pizza,Sri Lanka,1,1555.85,1.6,2024-04-22
9398,Customer_2786,Burger King,Sandwich,Sri Lanka,10,3483.41,1.5,2026-04-19
9399,Customer_1466,Pizza Hut,Pizza,Sri Lanka,8,1838.71,2.5,2025-09-18
9400,Customer_142,Pizza Hut,Pizza,Australia,10,4405.88,3.6,2025-09-05
9401,Customer_1959,Pizza Hut,Pizza,India,3,2370.15,4.2,2025-01-10
9402,Customer_843,Pizza Hut,Sandwich,India,8,798.25,3.6,2024-01-03
9403,Customer_1066,KFC,Burger,Singapore,2,1159.28,4.7,2026-03-16
9404,Customer_2001,Subway,Fast Food,India,4,1354.48,4.3,2025-10-23
9405,Customer_1728,Pizza Hut,Pizza,Sri Lanka,9,3708.47,3.4,2025-12-02
9406,Customer_2761,Burger King,Sandwich,India,2,4932.61,2.2,2025-11-26
9407,Customer_697,Pizza Hut,Burger,India,1,4969.95,4.2,2024-01-23
9408,Customer_1159,Pizza Hut,Pizza,Singapore,7,824.46,4.6,2026-04-07
9409,Customer_416,KFC,Pizza,India,3,1486.36,4.7,2025-07-12
9410,Customer_564,KFC,Pizza,Sri Lanka,8,3561.77,3.1,2024-09-19
9411,Customer_728,Pizza Hut,Burger,India,8,2368.19,3.6,2025-02-01
9412,Customer_1794,Pizza Hut,Sandwich,Singapore,3,804.01,2.0,2024-12-12
9413,Customer_1674,KFC,Burger,Sri Lanka,3,788.75,1.7,2024-05-03
9414,Customer_1546,Pizza Hut,Fast Food,Australia,2,4914.95,4.0,2024-01-24
9415,Customer_1160,Burger King,Burger,India,1,611.66,3.3,2025-02-03
9416,Customer_264,KFC,Burger,Australia,6,1059.94,1.4,2026-02-13
9417,Customer_1259,Dominos,Burger,India,8,510.99,1.6,2025-09-02
9418,Customer_2096,Dominos,Pizza,India,4,1262.8,3.9,2026-02-02
9419,Customer_2916,Dominos,Sandwich,Singapore,1,3188.97,3.3,2024-09-06
9420,Customer_835,Burger King,Pizza,Australia,2,2733.13,1.5,2025-01-14
9421,Customer_2900,Burger King,Fast Food,India,2,2180.29,4.7,2026-04-09
9422,Customer_552,Burger King,Pizza,Sri Lanka,9,2626.39,1.8,2024-12-24
9423,Customer_419,Dominos,Fast Food,Sri Lanka,5,3965.5,4.0,2026-02-16
9424,Customer_425,KFC,Fast Food,India,7,1051.7,3.4,2024-03-11
9425,Customer_2617,Pizza Hut,Sandwich,Sri Lanka,1,3682.76,1.5,2025-12-16
9426,Customer_1597,Dominos,Burger,Singapore,10,2613.43,3.0,2025-08-08
9427,Customer_1165,Subway,Pizza,Sri Lanka,7,4095.3,3.9,2024-07-17
9428,Customer_2849,Burger King,Pizza,Australia,6,2487.64,3.3,2024-08-08
9429,Customer_1400,Dominos,Burger,Singapore,2,2709.66,1.4,2025-07-08
9430,Customer_1680,Burger King,Sandwich,Australia,4,1186.63,3.9,2024-12-08
9431,Customer_1607,Subway,Sandwich,India,2,4144.94,4.8,2026-03-08
9432,Customer_1333,Subway,Sandwich,Sri Lanka,10,3274.42,3.8,2024-04-13
9433,Customer_2586,KFC,Sandwich,India,5,1383.28,3.4,2025-10-22
9434,Customer_646,Pizza Hut,Burger,India,5,589.86,4.2,2025-03-17
9435,Customer_596,Pizza Hut,Sandwich,India,9,996.4,1.3,2024-12-21
9436,Customer_2518,Dominos,Pizza,India,3,1781.24,2.9,2025-06-18
9437,Customer_2704,KFC,Burger,Singapore,8,4458.64,1.9,2024-12-16
9438,Customer_778,Pizza Hut,Sandwich,Singapore,3,4275.06,1.4,2024-03-02
9439,Customer_2090,Burger King,Burger,Sri Lanka,8,1588.1,4.4,2025-07-06
9440,Customer_340,Subway,Fast Food,Australia,8,3651.89,2.1,2024-08-22
9441,Customer_2113,Dominos,Sandwich,Australia,9,4171.39,2.9,2025-09-25
9442,Customer_1351,Burger King,Pizza,India,8,678.05,4.8,2024-04-05
9443,Customer_1507,Burger King,Sandwich,Singapore,3,656.55,4.4,2026-01-09
9444,Customer_2951,Burger King,Pizza,Singapore,9,4145.63,3.9,2024-02-18
9445,Customer_214,Subway,Sandwich,Australia,4,1910.64,3.9,2025-09-02
9446,Customer_2232,KFC,Fast Food,Sri Lanka,9,2610.25,2.7,2024-09-08
9447,Customer_325,KFC,Burger,Australia,2,4511.52,2.5,2025-12-13
9448,Customer_9,Subway,Fast Food,India,8,3762.76,4.2,2025-10-08
9449,Customer_1580,Dominos,Pizza,Sri Lanka,7,3405.1,4.1,2024-07-17
9450,Customer_2035,KFC,Burger,Australia,8,4690.56,4.3,2024-06-03
9451,Customer_1757,Dominos,Burger,Australia,1,2540.79,2.7,2025-08-18
9452,Customer_2421,KFC,Burger,India,7,3542.52,3.7,2024-08-26
9453,Customer_1363,Dominos,Burger,Singapore,7,4506.53,3.1,2025-01-08
9454,Customer_667,Pizza Hut,Fast Food,Australia,7,4278.91,3.7,2024-04-23
9455,Customer_999,Pizza Hut,Burger,Sri Lanka,8,4091.92,2.1,2024-12-20
9456,Customer_2440,KFC,Sandwich,India,8,4360.9,2.9,2025-10-04
9457,Customer_2483,KFC,Pizza,Australia,10,3440.46,1.7,2025-01-05
9458,Customer_799,Subway,Burger,Australia,9,4558.43,1.5,2024-06-20
9459,Customer_617,Subway,Fast Food,Sri Lanka,8,781.29,2.6,2025-12-05
9460,Customer_2151,Pizza Hut,Fast Food,Singapore,9,4144.52,4.2,2025-05-13
9461,Customer_865,Subway,Burger,Australia,4,1746.83,2.3,2025-07-10
9462,Customer_2045,Pizza Hut,Pizza,Australia,1,4140.4,4.0,2026-03-01
9463,Customer_255,Burger King,Sandwich,Sri Lanka,5,4409.28,3.9,2024-09-26
9464,Customer_380,Subway,Pizza,Sri Lanka,9,3433.35,1.9,2026-06-16
9465,Customer_787,Burger King,Fast Food,Australia,1,3269.25,4.9,2024-08-26
9466,Customer_1010,Burger King,Burger,Sri Lanka,6,4853.1,4.0,2024-07-12
9467,Customer_2950,KFC,Pizza,India,4,1445.18,3.7,2025-08-03
9468,Customer_838,KFC,Burger,Sri Lanka,6,4246.93,3.2,2025-05-13
9469,Customer_2577,Subway,Burger,Sri Lanka,5,4793.6,3.1,2025-09-19
9470,Customer_2520,Burger King,Fast Food,Australia,6,2347.41,2.1,2024-11-27
9471,Customer_547,KFC,Sandwich,India,1,667.39,2.0,2024-11-04
9472,Customer_1898,Pizza Hut,Burger,Singapore,1,1821.78,1.6,2024-10-27
9473,Customer_184,Burger King,Fast Food,India,10,1811.86,3.5,2025-10-03
9474,Customer_1729,KFC,Pizza,Singapore,8,3974.44,3.3,2025-03-29
9475,Customer_2091,Pizza Hut,Burger,Singapore,1,1010.62,4.4,2024-09-02
9476,Customer_1859,Dominos,Fast Food,Australia,10,988.1,4.6,2024-07-22
9477,Customer_2020,Subway,Sandwich,Sri Lanka,6,2548.43,4.6,2026-01-25
9478,Customer_1835,KFC,Fast Food,Sri Lanka,9,734.9,1.7,2025-11-21
9479,Customer_286,KFC,Sandwich,India,3,4579.48,2.5,2026-01-31
9480,Customer_1157,Pizza Hut,Fast Food,India,3,1077.66,1.3,2025-06-16
9481,Customer_2858,Subway,Sandwich,Sri Lanka,9,2321.68,4.5,2024-08-13
9482,Customer_60,Subway,Burger,Sri Lanka,10,1948.3,4.9,2025-04-28
9483,Customer_1036,Pizza Hut,Sandwich,Australia,9,4800.61,3.5,2024-06-12
9484,Customer_2859,KFC,Sandwich,Sri Lanka,1,4872.91,2.4,2024-12-24
9485,Customer_1267,Pizza Hut,Burger,India,5,2736.03,2.1,2026-01-17
9486,Customer_2623,KFC,Fast Food,Sri Lanka,1,2620.03,3.5,2024-07-06
9487,Customer_952,Burger King,Burger,Singapore,6,821.86,1.9,2026-03-19
9488,Customer_109,Dominos,Pizza,Singapore,8,4235.94,4.4,2025-11-13
9489,Customer_1321,KFC,Pizza,Singapore,3,1926.25,3.3,2026-05-09
9490,Customer_321,Dominos,Fast Food,India,8,942.92,1.7,2025-08-01
9491,Customer_1854,KFC,Sandwich,India,3,4598.42,1.8,2024-05-22
9492,Customer_2163,Dominos,Fast Food,Singapore,2,2211.4,1.3,2026-02-19
9493,Customer_2247,KFC,Burger,Sri Lanka,8,2781.06,1.1,2026-02-13
9494,Customer_629,Burger King,Burger,Sri Lanka,4,1913.14,4.8,2025-01-02
9495,Customer_867,Burger King,Burger,India,2,3878.42,4.7,2025-07-02
9496,Customer_820,Burger King,Sandwich,Singapore,2,1894.75,2.0,2026-06-14
9497,Customer_248,Burger King,Sandwich,Singapore,10,2968.77,1.9,2024-01-24
9498,Customer_703,KFC,Sandwich,Sri Lanka,2,558.46,2.9,2024-12-15
9499,Customer_1438,Burger King,Fast Food,Singapore,6,3934.89,1.9,2025-03-21
9500,Customer_2680,Pizza Hut,Fast Food,Singapore,9,3870.4,4.2,2024-07-02
9501,Customer_667,KFC,Pizza,Sri Lanka,5,1111.72,1.1,2025-10-29
9502,Customer_655,KFC,Burger,Singapore,1,1677.24,3.1,2024-10-22
9503,Customer_2053,Burger King,Fast Food,Sri Lanka,4,2315.64,1.6,2024-10-30
9504,Customer_82,Subway,Pizza,India,1,4307.15,3.1,2024-12-10
9505,Customer_2824,Subway,Sandwich,Australia,3,792.04,3.3,2026-01-29
9506,Customer_1570,Subway,Burger,Australia,7,1878.82,1.4,2024-06-12
9507,Customer_2411,Pizza Hut,Pizza,Sri Lanka,10,2702.19,3.6,2024-05-08
9508,Customer_877,Burger King,Sandwich,Sri Lanka,8,4504.22,4.1,2025-06-16
9509,Customer_53,Subway,Pizza,Singapore,10,3095.95,3.5,2024-05-19
9510,Customer_2279,KFC,Pizza,Australia,9,574.22,2.1,2024-09-13
9511,Customer_2060,Subway,Fast Food,Sri Lanka,8,2084.89,1.4,2025-02-15
9512,Customer_1427,Burger King,Sandwich,Australia,1,1491.95,1.3,2025-05-04
9513,Customer_2592,Subway,Fast Food,Australia,8,1360.75,2.7,2025-03-04
9514,Customer_58,Subway,Sandwich,Sri Lanka,2,1290.16,1.1,2026-01-13
9515,Customer_85,Subway,Fast Food,Singapore,1,3519.49,2.8,2025-08-02
9516,Customer_2550,Burger King,Burger,Australia,1,3013.89,3.2,2024-12-12
9517,Customer_45,KFC,Sandwich,India,2,4625.46,3.3,2024-12-09
9518,Customer_1258,Pizza Hut,Fast Food,Australia,9,1096.35,4.1,2024-01-28
9519,Customer_2922,Burger King,Sandwich,India,1,4154.31,3.2,2024-01-18
9520,Customer_2255,Burger King,Pizza,India,3,948.71,4.1,2024-08-25
9521,Customer_1215,KFC,Sandwich,Singapore,9,1141.84,2.4,2024-08-24
9522,Customer_1000,Subway,Fast Food,Australia,5,2629.8,4.7,2026-04-22
9523,Customer_701,Subway,Burger,Australia,8,2092.17,2.0,2025-12-21
9524,Customer_2168,KFC,Burger,Sri Lanka,7,4595.82,3.8,2026-05-12
9525,Customer_295,KFC,Fast Food,Singapore,5,4422.67,2.0,2024-09-15
9526,Customer_1987,Subway,Pizza,Sri Lanka,3,4522.41,4.9,2025-08-07
9527,Customer_506,KFC,Pizza,Singapore,1,3457.88,1.6,2024-07-09
9528,Customer_2665,KFC,Sandwich,Sri Lanka,3,4979.51,3.9,2026-04-14
9529,Customer_238,Burger King,Pizza,Sri Lanka,7,4309.73,1.5,2024-02-01
9530,Customer_2148,Burger King,Fast Food,Sri Lanka,7,3924.62,4.6,2026-02-11
9531,Customer_2031,Dominos,Sandwich,Australia,4,4521.93,2.0,2025-12-08
9532,Customer_786,Dominos,Sandwich,India,7,3790.26,1.6,2025-02-06
9533,Customer_2239,Burger King,Sandwich,India,3,2816.67,3.7,2025-03-28
9534,Customer_2963,Burger King,Pizza,Singapore,10,903.96,4.9,2024-01-20
9535,Customer_767,KFC,Fast Food,Singapore,10,4473.09,3.3,2024-10-28
9536,Customer_2141,Pizza Hut,Fast Food,Singapore,5,1936.02,3.8,2024-03-25
9537,Customer_1842,Burger King,Pizza,Singapore,1,4500.96,2.0,2026-01-01
9538,Customer_139,KFC,Pizza,India,7,3978.95,3.2,2024-04-23
9539,Customer_323,Pizza Hut,Sandwich,India,8,2621.7,1.2,2024-10-20
9540,Customer_2436,KFC,Fast Food,India,7,3451.51,3.3,2025-07-19
9541,Customer_999,Dominos,Burger,Singapore,2,2405.47,3.1,2026-04-04
9542,Customer_605,Subway,Pizza,Sri Lanka,10,635.18,1.2,2025-05-16
9543,Customer_2221,Burger King,Burger,Australia,1,2186.93,2.9,2024-03-26
9544,Customer_1174,Subway,Sandwich,Sri Lanka,4,4531.54,1.3,2024-09-22
9545,Customer_400,Dominos,Burger,Singapore,5,3204.62,4.6,2025-05-23
9546,Customer_1943,Subway,Pizza,India,3,2866.59,1.8,2026-03-26
9547,Customer_1018,Dominos,Pizza,India,1,3617.82,4.0,2025-05-10
9548,Customer_619,Pizza Hut,Sandwich,India,7,4616.98,4.3,2025-02-14
9549,Customer_994,Pizza Hut,Burger,Australia,3,4780.28,3.6,2025-09-09
9550,Customer_1784,KFC,Burger,India,10,2111.54,2.6,2025-06-17
9551,Customer_1081,Subway,Sandwich,Australia,3,1101.97,1.8,2025-08-17
9552,Customer_2399,Pizza Hut,Pizza,Australia,3,2237.73,4.1,2024-10-26
9553,Customer_641,Dominos,Pizza,Australia,5,1847.8,1.8,2026-03-04
9554,Customer_457,Pizza Hut,Burger,Australia,6,3450.55,4.8,2024-09-14
9555,Customer_2503,Dominos,Fast Food,Sri Lanka,10,1514.52,2.8,2025-06-26
9556,Customer_693,Subway,Sandwich,Singapore,6,3389.03,2.7,2026-03-14
9557,Customer_2201,Pizza Hut,Sandwich,India,5,2023.06,3.8,2026-01-27
9558,Customer_510,Pizza Hut,Sandwich,Sri Lanka,8,2807.67,2.6,2025-04-15
9559,Customer_1326,Pizza Hut,Pizza,Singapore,5,2643.44,1.5,2024-12-26
9560,Customer_1071,Dominos,Burger,India,1,1182.58,4.7,2024-03-19
9561,Customer_1468,Dominos,Sandwich,Singapore,8,2070.74,1.3,2025-02-08
9562,Customer_1227,KFC,Burger,Australia,8,4720.57,2.8,2024-07-30
9563,Customer_1558,KFC,Pizza,Singapore,10,2231.59,3.7,2026-01-28
9564,Customer_2252,Dominos,Fast Food,India,1,4277.25,4.8,2025-04-02
9565,Customer_2022,Dominos,Sandwich,Singapore,5,756.59,3.5,2025-09-29
9566,Customer_125,Dominos,Pizza,Australia,2,3872.12,3.4,2026-04-05
9567,Customer_510,Pizza Hut,Burger,Australia,7,2045.18,4.2,2025-11-13
9568,Customer_2525,KFC,Sandwich,Sri Lanka,4,2323.68,2.0,2024-06-30
9569,Customer_45,Burger King,Sandwich,Singapore,8,4636.76,1.9,2025-07-16
9570,Customer_2278,KFC,Burger,Sri Lanka,3,3313.81,2.9,2024-07-22
9571,Customer_2710,KFC,Sandwich,India,2,1689.01,1.4,2025-01-30
9572,Customer_140,KFC,Sandwich,Australia,2,1848.96,1.3,2024-11-20
9573,Customer_274,Pizza Hut,Fast Food,Singapore,8,4771.04,1.9,2024-01-17
9574,Customer_2231,Burger King,Pizza,India,8,4693.99,3.6,2025-03-03
9575,Customer_1902,Dominos,Fast Food,Sri Lanka,6,2040.18,3.9,2024-11-13
9576,Customer_2734,Dominos,Pizza,Australia,1,514.44,1.4,2025-08-21
9577,Customer_255,Burger King,Pizza,Sri Lanka,3,1690.35,3.7,2026-04-28
9578,Customer_1734,Dominos,Sandwich,Singapore,2,3262.51,2.6,2025-05-05
9579,Customer_1187,Burger King,Pizza,India,9,1397.43,1.9,2025-01-25
9580,Customer_188,Dominos,Burger,Singapore,7,613.08,1.8,2024-05-05
9581,Customer_1924,Dominos,Sandwich,India,6,1609.35,3.3,2024-02-10
9582,Customer_325,Burger King,Burger,Sri Lanka,3,2663.79,4.0,2024-09-27
9583,Customer_2330,Subway,Fast Food,India,8,3891.2,1.2,2025-05-06
9584,Customer_2804,KFC,Burger,India,6,823.27,1.0,2025-09-15
9585,Customer_2173,Dominos,Burger,Australia,5,4699.56,2.6,2025-09-24
9586,Customer_2942,Pizza Hut,Fast Food,Australia,8,2092.08,3.2,2026-06-10
9587,Customer_407,KFC,Fast Food,Singapore,1,1362.28,1.4,2024-02-14
9588,Customer_1606,KFC,Sandwich,Sri Lanka,1,909.74,3.1,2024-05-03
9589,Customer_424,Burger King,Pizza,Australia,3,4392.5,2.8,2024-02-24
9590,Customer_90,Pizza Hut,Burger,Singapore,1,2789.64,2.6,2025-07-23
9591,Customer_2285,Burger King,Fast Food,Singapore,3,4410.31,2.2,2026-03-16
9592,Customer_2453,Burger King,Burger,Singapore,5,2250.77,1.1,2024-04-18
9593,Customer_2030,Subway,Pizza,India,3,3481.76,1.3,2025-01-03
9594,Customer_811,Subway,Burger,Singapore,7,3669.31,4.6,2025-07-09
9595,Customer_805,Subway,Pizza,India,6,2188.25,3.8,2024-12-18
9596,Customer_2492,Burger King,Fast Food,Singapore,9,2307.6,1.4,2024-04-25
9597,Customer_2386,KFC,Sandwich,Singapore,10,3953.29,3.6,2025-10-27
9598,Customer_2100,Dominos,Sandwich,Singapore,4,2593.21,3.4,2025-02-26
9599,Customer_2511,Burger King,Sandwich,Sri Lanka,9,1950.62,3.8,2026-05-07
9600,Customer_1672,Dominos,Burger,India,2,4717.78,4.4,2025-11-05
9601,Customer_2819,Burger King,Sandwich,Singapore,5,4997.23,4.7,2024-08-11
9602,Customer_98,Pizza Hut,Fast Food,Australia,2,3424.22,3.0,2025-06-17
9603,Customer_569,Dominos,Burger,Sri Lanka,1,1206.34,4.2,2026-03-30
9604,Customer_1498,Subway,Pizza,Australia,10,4273.85,2.3,2024-02-21
9605,Customer_2265,Subway,Fast Food,India,6,1103.31,4.4,2025-05-02
9606,Customer_1834,KFC,Pizza,Singapore,7,4870.61,1.1,2026-01-13
9607,Customer_2845,Dominos,Fast Food,Singapore,3,2147.72,1.0,2025-12-28
9608,Customer_330,Dominos,Pizza,Singapore,2,923.71,4.8,2025-09-25
9609,Customer_2903,Pizza Hut,Burger,Singapore,1,4042.08,3.6,2025-07-05
9610,Customer_973,KFC,Pizza,India,4,2440.62,3.8,2025-09-16
9611,Customer_1638,Burger King,Burger,Sri Lanka,2,3880.41,5.0,2024-09-02
9612,Customer_877,Pizza Hut,Fast Food,Sri Lanka,3,601.63,3.9,2025-05-03
9613,Customer_1902,KFC,Pizza,Sri Lanka,7,1589.33,1.3,2026-06-11
9614,Customer_2740,Pizza Hut,Pizza,India,8,1591.53,4.9,2024-10-29
9615,Customer_65,Subway,Burger,Singapore,4,1940.97,2.7,2026-04-21
9616,Customer_1023,KFC,Sandwich,Singapore,3,1660.0,3.3,2024-07-08
9617,Customer_1740,Dominos,Pizza,Sri Lanka,8,1747.51,3.6,2025-08-30
9618,Customer_835,KFC,Fast Food,India,3,2874.83,5.0,2025-03-09
9619,Customer_759,KFC,Sandwich,Sri Lanka,7,596.06,4.2,2024-01-10
9620,Customer_2808,KFC,Fast Food,Australia,2,2562.18,2.0,2026-03-09
9621,Customer_1020,Dominos,Fast Food,India,4,3149.28,1.8,2026-06-03
9622,Customer_2245,Subway,Burger,Australia,5,3504.77,4.6,2024-04-03
9623,Customer_1439,Pizza Hut,Burger,India,4,3977.87,3.7,2025-03-28
9624,Customer_2355,Dominos,Pizza,Australia,1,4824.26,4.1,2025-07-28
9625,Customer_1872,Pizza Hut,Pizza,India,3,4401.72,4.0,2025-01-26
9626,Customer_2884,Pizza Hut,Fast Food,India,2,1579.2,4.7,2025-04-06
9627,Customer_1195,KFC,Fast Food,Sri Lanka,6,3541.76,1.9,2024-11-15
9628,Customer_1374,Subway,Pizza,India,3,4159.35,2.7,2025-08-14
9629,Customer_2513,Pizza Hut,Fast Food,India,9,817.61,2.2,2024-02-10
9630,Customer_2185,Subway,Pizza,Singapore,5,2000.77,4.5,2026-03-16
9631,Customer_1012,Pizza Hut,Fast Food,Singapore,8,4679.91,4.8,2024-03-04
9632,Customer_2428,Pizza Hut,Pizza,Australia,7,3015.24,1.2,2025-08-12
9633,Customer_113,Dominos,Burger,Singapore,2,1151.31,3.7,2025-10-04
9634,Customer_1275,Dominos,Pizza,Singapore,8,1309.39,2.2,2025-05-19
9635,Customer_1779,Subway,Sandwich,Singapore,3,2666.32,4.5,2024-02-09
9636,Customer_813,Subway,Sandwich,Singapore,9,3178.38,2.9,2025-10-17
9637,Customer_1822,KFC,Burger,India,2,2918.35,5.0,2024-02-26
9638,Customer_2091,Subway,Pizza,Sri Lanka,7,4646.02,3.4,2026-01-14
9639,Customer_817,Dominos,Burger,India,5,1102.03,3.5,2024-05-18
9640,Customer_1350,Dominos,Sandwich,Sri Lanka,8,1508.93,2.4,2024-01-30
9641,Customer_704,Dominos,Sandwich,Australia,7,2086.47,1.7,2026-04-26
9642,Customer_2777,Subway,Fast Food,Australia,4,3425.29,4.7,2026-05-19
9643,Customer_797,Dominos,Fast Food,Sri Lanka,1,4515.13,3.5,2026-03-29
9644,Customer_83,Burger King,Fast Food,Sri Lanka,1,937.42,3.3,2025-10-09
9645,Customer_1400,Pizza Hut,Fast Food,Singapore,3,2278.73,4.5,2025-09-29
9646,Customer_1842,Pizza Hut,Sandwich,Singapore,6,4101.51,4.4,2024-05-26
9647,Customer_2350,KFC,Burger,Australia,2,2161.51,3.0,2025-01-04
9648,Customer_963,Subway,Sandwich,Australia,3,1633.0,2.9,2024-06-10
9649,Customer_611,Burger King,Fast Food,Australia,10,4507.45,3.0,2024-10-16
9650,Customer_1756,Burger King,Fast Food,Australia,7,3565.71,2.5,2024-11-12
9651,Customer_452,Dominos,Fast Food,India,3,3393.28,3.6,2024-08-04
9652,Customer_2414,Burger King,Sandwich,Australia,2,3622.9,4.7,2025-06-07
9653,Customer_1764,KFC,Burger,India,9,2978.56,4.5,2024-05-09
9654,Customer_43,Subway,Pizza,India,2,1904.06,5.0,2025-05-29
9655,Customer_2930,Pizza Hut,Pizza,Australia,3,678.41,3.6,2026-06-12
9656,Customer_2356,Subway,Fast Food,Australia,3,3516.1,3.3,2026-03-05
9657,Customer_186,Subway,Sandwich,India,6,1564.22,2.5,2025-07-14
9658,Customer_2,Subway,Sandwich,Australia,1,3894.51,1.3,2025-11-03
9659,Customer_1021,Pizza Hut,Pizza,Sri Lanka,8,4666.1,3.1,2024-03-09
9660,Customer_2191,Subway,Fast Food,Singapore,3,2265.46,4.7,2026-01-09
9661,Customer_2081,Dominos,Burger,India,3,4457.79,4.5,2025-09-18
9662,Customer_933,Subway,Burger,Australia,5,2298.88,1.4,2026-05-26
9663,Customer_2990,Burger King,Burger,Australia,8,4174.8,3.7,2025-08-04
9664,Customer_342,Dominos,Fast Food,Australia,10,4763.18,3.6,2026-04-23
9665,Customer_2663,Pizza Hut,Burger,India,7,4990.53,2.0,2024-11-12
9666,Customer_295,Subway,Pizza,Sri Lanka,4,1180.07,4.4,2026-05-25
9667,Customer_450,Dominos,Sandwich,Sri Lanka,5,4216.18,1.4,2025-06-23
9668,Customer_1611,Pizza Hut,Fast Food,Sri Lanka,8,1075.61,1.2,2025-01-03
9669,Customer_2100,Burger King,Fast Food,Singapore,5,4981.21,4.5,2025-01-24
9670,Customer_2625,Dominos,Burger,Sri Lanka,1,2014.33,4.1,2024-02-28
9671,Customer_2925,Burger King,Burger,Australia,2,3754.27,1.5,2026-01-31
9672,Customer_702,Dominos,Pizza,Australia,3,4521.14,3.5,2026-06-16
9673,Customer_452,Dominos,Sandwich,Australia,10,2640.64,3.7,2024-03-18
9674,Customer_1010,KFC,Burger,Australia,8,1850.24,3.2,2025-06-21
9675,Customer_445,KFC,Pizza,Singapore,6,3114.52,4.1,2025-09-28
9676,Customer_1048,Burger King,Pizza,India,9,2899.08,3.0,2024-08-16
9677,Customer_1628,Subway,Burger,Singapore,8,3947.21,2.7,2024-04-24
9678,Customer_2512,KFC,Pizza,Australia,8,2329.33,1.1,2026-03-09
9679,Customer_1351,Dominos,Sandwich,Australia,2,1353.88,2.3,2024-05-19
9680,Customer_1714,KFC,Sandwich,Singapore,7,4798.71,1.4,2024-10-12
9681,Customer_1778,Pizza Hut,Sandwich,India,10,1783.18,3.8,2025-12-03
9682,Customer_1092,Dominos,Pizza,Singapore,3,1901.14,2.3,2024-10-09
9683,Customer_1597,Subway,Sandwich,Australia,2,971.09,2.1,2025-05-13
9684,Customer_1023,KFC,Pizza,Singapore,4,3276.51,4.3,2025-08-29
9685,Customer_124,Pizza Hut,Burger,Australia,8,1009.8,4.8,2025-03-17
9686,Customer_2367,Subway,Sandwich,Singapore,2,3089.22,4.7,2026-01-27
9687,Customer_1345,Subway,Burger,Singapore,2,1685.4,4.5,2024-10-06
9688,Customer_1861,Dominos,Burger,Sri Lanka,9,1766.74,4.3,2026-05-28
9689,Customer_1559,Burger King,Fast Food,Australia,4,4836.22,1.5,2024-05-25
9690,Customer_906,KFC,Pizza,Singapore,7,3141.47,2.9,2025-09-04
9691,Customer_2693,Pizza Hut,Burger,Singapore,3,1036.42,2.7,2025-12-13
9692,Customer_2781,KFC,Pizza,Singapore,2,4221.24,3.5,2024-12-11
9693,Customer_1056,Subway,Pizza,Australia,6,3391.82,1.7,2025-04-24
9694,Customer_2432,Pizza Hut,Fast Food,Australia,6,4037.18,4.4,2025-12-27
9695,Customer_228,Dominos,Sandwich,India,1,3313.49,4.2,2024-02-22
9696,Customer_2675,KFC,Fast Food,Australia,7,3413.72,1.9,2025-03-03
9697,Customer_1061,Pizza Hut,Sandwich,Singapore,3,3885.82,4.5,2025-02-04
9698,Customer_349,KFC,Pizza,Singapore,4,1052.37,3.9,2025-03-29
9699,Customer_2237,Dominos,Pizza,Australia,5,709.36,3.0,2025-02-19
9700,Customer_1034,Subway,Fast Food,Singapore,9,1182.73,1.0,2026-01-22
9701,Customer_669,Subway,Fast Food,India,8,2684.04,1.5,2024-08-09
9702,Customer_1900,Burger King,Pizza,Singapore,9,3220.15,3.6,2025-04-11
9703,Customer_776,Dominos,Sandwich,India,5,1123.55,2.4,2024-09-28
9704,Customer_332,Burger King,Fast Food,Singapore,6,4246.85,3.9,2026-03-11
9705,Customer_33,Subway,Burger,India,2,2424.29,2.2,2025-07-13
9706,Customer_1532,Subway,Burger,Singapore,6,1359.23,2.1,2024-02-18
9707,Customer_2643,KFC,Pizza,Australia,6,2192.33,3.2,2025-05-09
9708,Customer_2351,KFC,Pizza,India,9,793.54,4.6,2025-11-21
9709,Customer_145,Subway,Pizza,India,9,1038.78,2.1,2024-03-30
9710,Customer_832,Burger King,Sandwich,Singapore,6,4939.43,3.5,2024-08-07
9711,Customer_1016,KFC,Sandwich,Singapore,9,1541.85,3.1,2026-03-22
9712,Customer_1156,Burger King,Burger,Sri Lanka,9,2345.67,3.5,2026-05-20
9713,Customer_387,KFC,Pizza,India,2,4402.63,3.9,2025-06-21
9714,Customer_1669,Dominos,Sandwich,Australia,8,1919.37,3.1,2025-09-18
9715,Customer_1022,KFC,Burger,Singapore,7,1608.02,3.1,2026-05-29
9716,Customer_682,Subway,Pizza,India,8,539.64,2.6,2026-06-18
9717,Customer_2585,Subway,Sandwich,Singapore,8,2685.75,1.1,2025-11-25
9718,Customer_1280,KFC,Burger,Sri Lanka,8,4238.5,1.2,2026-04-13
9719,Customer_870,Dominos,Fast Food,Sri Lanka,5,4413.76,4.1,2024-05-23
9720,Customer_2735,KFC,Pizza,Sri Lanka,2,4488.67,2.4,2025-01-31
9721,Customer_1539,Pizza Hut,Pizza,Sri Lanka,5,3790.96,4.4,2024-11-02
9722,Customer_373,KFC,Pizza,Singapore,8,1351.76,3.7,2026-06-01
9723,Customer_2990,Pizza Hut,Burger,India,7,4644.28,3.7,2024-09-23
9724,Customer_425,Pizza Hut,Burger,Sri Lanka,3,528.27,3.6,2025-11-26
9725,Customer_1328,KFC,Fast Food,Sri Lanka,10,4712.61,1.3,2024-04-04
9726,Customer_2505,KFC,Fast Food,Sri Lanka,9,3741.62,4.6,2024-11-13
9727,Customer_948,Burger King,Sandwich,India,1,3974.51,3.1,2026-01-31
9728,Customer_1309,Dominos,Pizza,Singapore,4,2838.62,1.4,2025-02-23
9729,Customer_1386,Subway,Burger,Australia,7,1374.22,3.7,2025-12-15
9730,Customer_1418,Burger King,Fast Food,Australia,4,2444.56,2.6,2026-05-03
9731,Customer_2075,Pizza Hut,Burger,Australia,1,4237.08,3.1,2025-03-08
9732,Customer_1494,KFC,Fast Food,Singapore,8,1318.63,4.4,2026-03-07
9733,Customer_533,KFC,Pizza,India,5,3861.64,2.6,2025-03-23
9734,Customer_2210,Burger King,Burger,Singapore,2,3459.53,1.8,2024-04-19
9735,Customer_1220,KFC,Fast Food,Singapore,7,3767.14,3.5,2025-04-08
9736,Customer_1573,Dominos,Burger,Sri Lanka,1,947.88,3.1,2025-12-22
9737,Customer_1229,Dominos,Sandwich,Singapore,10,3192.06,4.0,2026-01-01
9738,Customer_1411,Subway,Sandwich,Sri Lanka,8,4823.41,1.6,2024-07-14
9739,Customer_219,Subway,Burger,Singapore,7,2114.0,1.6,2026-05-15
9740,Customer_2768,Burger King,Sandwich,India,3,3588.16,4.0,2024-01-30
9741,Customer_2182,Pizza Hut,Pizza,Sri Lanka,5,3342.93,2.0,2024-05-07
9742,Customer_247,Burger King,Burger,India,7,769.87,2.6,2024-04-15
9743,Customer_108,Dominos,Burger,Sri Lanka,8,3612.91,3.3,2024-02-06
9744,Customer_594,KFC,Fast Food,Singapore,9,540.17,2.6,2024-12-10
9745,Customer_1247,Subway,Fast Food,India,1,3681.24,1.3,2025-03-30
9746,Customer_2825,Dominos,Burger,India,7,4457.04,5.0,2024-07-26
9747,Customer_1791,Pizza Hut,Fast Food,India,6,2033.08,3.4,2024-08-04
9748,Customer_2960,Dominos,Burger,Singapore,3,2594.17,3.2,2026-02-11
9749,Customer_2262,Pizza Hut,Burger,Sri Lanka,5,4349.1,2.5,2026-04-28
9750,Customer_2763,KFC,Fast Food,India,7,4160.73,3.0,2026-04-06
9751,Customer_2435,Burger King,Sandwich,Sri Lanka,9,2416.25,3.7,2026-03-13
9752,Customer_1668,Burger King,Fast Food,Sri Lanka,5,4639.59,1.2,2024-03-30
9753,Customer_2758,Subway,Fast Food,India,10,3474.08,1.9,2025-11-08
9754,Customer_595,KFC,Fast Food,India,10,2515.67,4.2,2024-07-23
9755,Customer_300,KFC,Burger,Singapore,3,3863.84,1.2,2024-01-05
9756,Customer_1778,Dominos,Pizza,Singapore,7,2672.67,1.3,2025-08-01
9757,Customer_1534,KFC,Sandwich,Singapore,8,4967.17,2.0,2025-03-17
9758,Customer_2955,KFC,Sandwich,Australia,10,4798.68,1.3,2025-10-01
9759,Customer_2231,KFC,Sandwich,Australia,1,2042.53,1.9,2024-08-25
9760,Customer_2561,KFC,Pizza,Singapore,1,4572.15,2.2,2025-07-17
9761,Customer_2007,Pizza Hut,Burger,Sri Lanka,2,4808.29,3.2,2026-05-05
9762,Customer_2115,Subway,Pizza,Singapore,1,1583.76,4.0,2025-07-28
9763,Customer_1216,Subway,Fast Food,India,7,675.47,4.6,2024-06-22
9764,Customer_1097,Burger King,Burger,Singapore,7,2463.33,5.0,2025-04-04
9765,Customer_1013,Subway,Burger,Sri Lanka,9,883.04,4.9,2026-01-12
9766,Customer_1359,Subway,Burger,India,8,2483.19,3.4,2025-05-23
9767,Customer_1851,Subway,Pizza,India,8,3516.08,4.2,2026-04-29
9768,Customer_2421,KFC,Burger,Singapore,8,2097.56,2.3,2024-03-26
9769,Customer_2523,Dominos,Pizza,India,8,1039.54,4.7,2026-05-04
9770,Customer_293,Subway,Pizza,Australia,2,4402.74,1.1,2025-12-06
9771,Customer_1867,Pizza Hut,Sandwich,Australia,1,2877.31,4.9,2025-07-19
9772,Customer_203,KFC,Sandwich,Singapore,2,1476.26,1.7,2025-04-23
9773,Customer_2258,Pizza Hut,Sandwich,Australia,6,1581.44,3.8,2024-06-05
9774,Customer_1061,Burger King,Burger,Australia,3,3359.85,4.2,2025-07-10
9775,Customer_547,Burger King,Burger,Singapore,6,3918.81,4.2,2025-04-20
9776,Customer_2572,Subway,Sandwich,India,1,904.18,4.6,2026-05-06
9777,Customer_607,Subway,Pizza,India,8,3246.63,4.3,2025-06-14
9778,Customer_1504,Subway,Sandwich,Singapore,6,537.45,2.7,2024-07-03
9779,Customer_351,Dominos,Burger,Australia,9,4706.16,2.6,2024-05-03
9780,Customer_335,Burger King,Fast Food,India,6,2138.88,3.2,2024-04-06
9781,Customer_2228,Pizza Hut,Fast Food,Singapore,7,3444.63,2.4,2026-03-31
9782,Customer_2802,Dominos,Sandwich,India,2,1345.1,2.7,2026-05-19
9783,Customer_2202,Burger King,Pizza,Sri Lanka,1,4569.68,2.7,2024-02-11
9784,Customer_2952,Subway,Pizza,Singapore,9,1120.73,4.8,2024-09-08
9785,Customer_1729,Subway,Fast Food,Sri Lanka,10,3556.75,3.9,2024-09-06
9786,Customer_2714,Subway,Sandwich,India,2,3094.09,4.2,2025-05-26
9787,Customer_2744,Pizza Hut,Fast Food,Singapore,6,911.0,3.2,2024-07-21
9788,Customer_1106,Dominos,Pizza,Sri Lanka,6,1395.89,2.9,2024-02-01
9789,Customer_131,Pizza Hut,Pizza,Australia,9,2524.79,1.3,2025-11-12
9790,Customer_763,Pizza Hut,Fast Food,Australia,6,4734.71,2.5,2024-03-01
9791,Customer_445,Subway,Sandwich,Sri Lanka,1,3436.08,4.7,2025-10-30
9792,Customer_2482,Burger King,Pizza,India,3,2098.76,3.7,2025-08-26
9793,Customer_828,KFC,Burger,India,4,1283.58,4.1,2026-06-19
9794,Customer_2774,Burger King,Pizza,Sri Lanka,3,1989.72,3.6,2024-06-26
9795,Customer_1009,Pizza Hut,Pizza,Singapore,2,1574.98,1.6,2024-07-26
9796,Customer_1731,Subway,Fast Food,Australia,8,4765.21,2.1,2025-05-18
9797,Customer_2681,KFC,Fast Food,Sri Lanka,2,4274.07,4.4,2025-05-23
9798,Customer_2623,Subway,Fast Food,Singapore,7,4212.13,2.9,2025-03-31
9799,Customer_1391,KFC,Pizza,Australia,4,3781.07,2.4,2024-11-08
9800,Customer_1885,Subway,Burger,India,8,677.28,1.3,2026-03-05
9801,Customer_2079,Pizza Hut,Pizza,India,7,4403.99,1.8,2024-03-16
9802,Customer_1970,Burger King,Fast Food,Singapore,1,1907.87,1.9,2024-08-05
9803,Customer_1533,Pizza Hut,Fast Food,Singapore,4,4098.08,3.9,2026-01-08
9804,Customer_1961,Subway,Burger,Australia,8,3313.31,1.9,2026-03-01
9805,Customer_689,Burger King,Pizza,Sri Lanka,4,1703.25,3.6,2026-04-11
9806,Customer_1774,Pizza Hut,Pizza,Singapore,4,1339.47,1.5,2026-04-06
9807,Customer_2494,KFC,Sandwich,India,9,2587.94,1.5,2025-09-23
9808,Customer_1239,Pizza Hut,Fast Food,Singapore,6,865.84,4.6,2025-09-10
9809,Customer_764,Subway,Pizza,Australia,1,3086.44,4.2,2024-01-04
9810,Customer_1442,Dominos,Sandwich,Australia,7,1735.82,4.0,2025-02-26
9811,Customer_2763,Subway,Fast Food,Singapore,2,1449.0,4.6,2025-09-12
9812,Customer_660,Subway,Pizza,Australia,5,1281.68,1.7,2024-08-15
9813,Customer_2232,Burger King,Pizza,India,3,920.07,2.0,2024-08-05
9814,Customer_944,Pizza Hut,Fast Food,Sri Lanka,5,3793.95,1.7,2026-04-28
9815,Customer_1538,Pizza Hut,Pizza,Sri Lanka,3,3183.05,3.7,2024-12-04
9816,Customer_1386,Subway,Sandwich,India,1,1264.08,4.1,2025-08-18
9817,Customer_628,Pizza Hut,Fast Food,India,6,2107.37,3.4,2024-12-30
9818,Customer_2095,Dominos,Fast Food,Singapore,3,1502.65,3.6,2024-03-26
9819,Customer_1089,KFC,Sandwich,Australia,5,1539.53,4.4,2024-04-29
9820,Customer_1436,KFC,Burger,Singapore,3,4747.12,2.7,2024-01-08
9821,Customer_144,Subway,Sandwich,Singapore,4,4686.25,3.5,2024-01-15
9822,Customer_562,Dominos,Pizza,Singapore,7,2686.02,4.1,2024-11-29
9823,Customer_2246,Pizza Hut,Pizza,Sri Lanka,5,1158.22,1.0,2025-07-16
9824,Customer_1485,Dominos,Burger,Sri Lanka,5,1616.96,4.3,2025-05-25
9825,Customer_417,KFC,Sandwich,Australia,3,4852.53,2.5,2024-01-30
9826,Customer_828,Dominos,Fast Food,Australia,3,2910.59,2.1,2025-12-28
9827,Customer_2199,Subway,Burger,Singapore,4,2757.72,1.7,2026-03-22
9828,Customer_1375,KFC,Fast Food,India,1,719.83,2.1,2025-07-12
9829,Customer_1656,Burger King,Burger,Sri Lanka,6,2083.79,4.4,2024-04-02
9830,Customer_2214,Dominos,Fast Food,India,3,4690.98,3.1,2024-09-24
9831,Customer_979,Subway,Burger,Sri Lanka,9,4017.44,3.2,2024-01-16
9832,Customer_1145,KFC,Pizza,Australia,10,1692.79,1.5,2025-06-13
9833,Customer_284,Dominos,Fast Food,Singapore,9,812.43,2.4,2026-03-30
9834,Customer_836,Dominos,Pizza,India,5,3582.65,2.7,2025-02-02
9835,Customer_1757,Burger King,Burger,Singapore,2,2142.19,3.0,2024-07-07
9836,Customer_526,KFC,Burger,Australia,2,4891.65,1.5,2025-04-06
9837,Customer_2821,Subway,Burger,Singapore,10,3569.56,2.9,2024-10-14
9838,Customer_2372,Subway,Burger,Australia,7,943.82,1.9,2024-12-27
9839,Customer_1645,Pizza Hut,Sandwich,Australia,5,2743.02,3.7,2024-08-19
9840,Customer_2964,Dominos,Burger,Sri Lanka,10,3831.84,3.7,2025-03-08
9841,Customer_123,KFC,Sandwich,Sri Lanka,1,3765.96,4.6,2025-01-29
9842,Customer_267,Pizza Hut,Fast Food,Singapore,5,2789.04,4.6,2026-02-13
9843,Customer_797,KFC,Burger,Singapore,10,3296.03,3.5,2024-05-28
9844,Customer_66,Pizza Hut,Fast Food,Australia,9,1853.29,3.5,2025-06-06
9845,Customer_1587,Burger King,Burger,Sri Lanka,2,1311.32,5.0,2024-11-14
9846,Customer_592,Subway,Sandwich,Sri Lanka,7,3946.62,1.3,2024-06-27
9847,Customer_2279,KFC,Fast Food,Singapore,3,3838.28,3.5,2026-03-16
9848,Customer_591,Pizza Hut,Sandwich,Singapore,8,2827.11,1.6,2026-04-22
9849,Customer_2702,Subway,Sandwich,Singapore,6,2434.92,2.8,2026-03-28
9850,Customer_1520,Subway,Burger,Singapore,4,2524.51,2.9,2025-12-26
9851,Customer_2705,Subway,Burger,Australia,10,3757.01,4.7,2025-10-18
9852,Customer_330,Subway,Sandwich,India,5,3721.24,4.6,2026-04-13
9853,Customer_2998,Dominos,Fast Food,Singapore,4,1479.44,3.5,2025-06-26
9854,Customer_1867,Burger King,Sandwich,India,7,3953.98,2.8,2026-05-08
9855,Customer_673,Dominos,Fast Food,India,7,795.33,4.8,2024-08-04
9856,Customer_2522,KFC,Sandwich,Australia,1,2674.14,2.6,2026-01-19
9857,Customer_2863,KFC,Pizza,Sri Lanka,8,1883.55,5.0,2024-02-17
9858,Customer_2909,Subway,Sandwich,India,5,900.96,2.0,2024-11-25
9859,Customer_586,Burger King,Burger,Sri Lanka,3,1580.62,4.3,2026-03-10
9860,Customer_2705,Pizza Hut,Burger,India,2,4152.07,3.1,2024-10-19
9861,Customer_1046,Burger King,Fast Food,Australia,4,1876.76,3.2,2024-12-16
9862,Customer_1415,Pizza Hut,Fast Food,Singapore,10,4549.52,3.4,2024-05-31
9863,Customer_1429,Pizza Hut,Fast Food,India,5,3619.43,1.3,2024-02-06
9864,Customer_1243,Subway,Pizza,India,5,3109.37,1.6,2025-08-29
9865,Customer_1445,KFC,Sandwich,Sri Lanka,7,548.68,2.9,2024-09-09
9866,Customer_2659,Pizza Hut,Burger,Singapore,7,1811.57,1.9,2026-01-14
9867,Customer_438,Dominos,Fast Food,India,3,1906.17,1.7,2025-09-19
9868,Customer_285,Dominos,Sandwich,India,2,4813.08,1.4,2024-10-16
9869,Customer_148,Burger King,Pizza,Australia,6,4368.76,2.6,2024-03-01
9870,Customer_99,Pizza Hut,Pizza,Singapore,2,2666.28,4.4,2025-09-28
9871,Customer_2754,Subway,Burger,Sri Lanka,3,2501.52,1.1,2025-07-30
9872,Customer_1111,KFC,Fast Food,Australia,3,1027.1,4.0,2025-08-11
9873,Customer_2532,Dominos,Fast Food,Singapore,9,4165.69,3.9,2025-09-14
9874,Customer_2673,Dominos,Fast Food,Australia,7,1583.4,3.2,2024-12-19
9875,Customer_1117,Dominos,Burger,Sri Lanka,5,3917.19,2.5,2025-02-12
9876,Customer_22,Dominos,Pizza,Australia,4,2237.76,4.3,2025-01-31
9877,Customer_2703,Dominos,Burger,India,9,3331.95,1.3,2025-10-08
9878,Customer_313,Pizza Hut,Pizza,Singapore,4,2078.33,2.2,2025-04-26
9879,Customer_953,KFC,Fast Food,Sri Lanka,3,3590.58,3.0,2024-04-30
9880,Customer_1790,Burger King,Burger,Australia,8,4477.02,3.1,2024-02-23
9881,Customer_2340,Subway,Fast Food,Australia,10,2632.54,3.9,2024-07-28
9882,Customer_980,Pizza Hut,Pizza,India,8,3145.46,1.5,2024-01-19
9883,Customer_2103,Burger King,Fast Food,India,10,2582.71,2.8,2024-03-13
9884,Customer_1756,Burger King,Burger,Sri Lanka,10,1443.98,1.1,2026-03-10
9885,Customer_1312,Dominos,Sandwich,Singapore,2,1809.46,1.0,2026-02-11
9886,Customer_629,Dominos,Fast Food,Sri Lanka,6,1778.95,3.2,2025-08-22
9887,Customer_1424,Dominos,Burger,Sri Lanka,9,2766.11,3.6,2024-08-08
9888,Customer_1816,Burger King,Burger,Australia,5,4825.83,2.0,2024-04-19
9889,Customer_2159,Subway,Pizza,Australia,9,3419.6,3.9,2026-02-19
9890,Customer_2708,Burger King,Burger,India,7,1526.31,1.8,2026-03-05
9891,Customer_242,Dominos,Fast Food,Singapore,8,3279.59,3.0,2025-07-02
9892,Customer_1157,KFC,Fast Food,Sri Lanka,1,2284.91,1.4,2024-02-15
9893,Customer_2442,Burger King,Fast Food,Singapore,7,1059.9,1.0,2024-11-18
9894,Customer_2108,Dominos,Sandwich,Sri Lanka,7,3182.61,2.9,2024-09-26
9895,Customer_989,KFC,Pizza,Sri Lanka,1,3200.83,1.2,2026-03-14
9896,Customer_441,Pizza Hut,Burger,India,2,3588.16,3.2,2025-09-28
9897,Customer_2351,Subway,Burger,Singapore,10,1368.18,3.1,2024-01-24
9898,Customer_901,Dominos,Burger,Singapore,10,550.26,5.0,2025-10-18
9899,Customer_463,Pizza Hut,Sandwich,Sri Lanka,4,4532.17,3.1,2025-10-11
9900,Customer_605,KFC,Pizza,India,4,2183.02,2.8,2024-06-07
9901,Customer_2782,Dominos,Pizza,Singapore,1,1999.39,1.5,2024-11-29
9902,Customer_1299,Pizza Hut,Fast Food,Singapore,3,708.36,3.5,2025-10-15
9903,Customer_1808,Dominos,Sandwich,Singapore,8,2960.47,4.1,2025-01-03
9904,Customer_504,KFC,Fast Food,Australia,9,1449.08,3.0,2025-04-27
9905,Customer_162,Dominos,Sandwich,India,3,3277.61,2.7,2024-01-02
9906,Customer_2216,Dominos,Burger,Singapore,5,2756.21,4.1,2025-07-30
9907,Customer_993,Dominos,Sandwich,Sri Lanka,7,3871.8,3.3,2026-02-18
9908,Customer_2025,Burger King,Fast Food,Sri Lanka,4,2857.94,4.2,2026-05-19
9909,Customer_2655,Pizza Hut,Burger,India,9,2933.96,1.4,2024-11-01
9910,Customer_838,Pizza Hut,Burger,Sri Lanka,1,3884.47,3.8,2026-05-20
9911,Customer_1520,KFC,Burger,Australia,9,1819.99,1.7,2024-08-03
9912,Customer_1629,Pizza Hut,Burger,Sri Lanka,8,4759.19,2.2,2024-12-02
9913,Customer_1849,Dominos,Fast Food,Sri Lanka,9,3850.12,1.8,2026-06-03
9914,Customer_1471,Dominos,Fast Food,Singapore,10,2097.96,3.7,2026-03-08
9915,Customer_2641,Burger King,Pizza,Australia,7,3922.11,3.4,2024-08-24
9916,Customer_2816,Dominos,Fast Food,Australia,3,1976.28,4.7,2026-02-13
9917,Customer_1058,Pizza Hut,Fast Food,India,10,4077.81,3.9,2024-01-22
9918,Customer_2354,Subway,Fast Food,Australia,4,3718.4,2.1,2025-07-27
9919,Customer_1483,Dominos,Burger,India,5,3421.27,2.3,2024-11-10
9920,Customer_2582,Pizza Hut,Pizza,India,9,2313.17,3.3,2024-12-29
9921,Customer_2394,KFC,Pizza,Sri Lanka,1,2458.56,3.2,2024-05-25
9922,Customer_1419,KFC,Fast Food,Sri Lanka,1,3665.52,1.9,2025-07-19
9923,Customer_133,Pizza Hut,Pizza,India,6,4319.29,2.8,2025-09-02
9924,Customer_1247,Burger King,Fast Food,Australia,9,1144.62,2.1,2025-10-23
9925,Customer_75,KFC,Burger,Australia,9,2849.78,2.5,2024-08-02
9926,Customer_1335,Dominos,Pizza,India,10,2697.41,1.7,2026-04-26
9927,Customer_31,Subway,Burger,Australia,1,1109.8,3.7,2025-02-12
9928,Customer_1535,Subway,Fast Food,Australia,4,4291.53,2.3,2024-06-10
9929,Customer_2342,Burger King,Burger,Singapore,10,4282.03,2.9,2026-03-19
9930,Customer_60,Dominos,Fast Food,India,7,3660.22,3.5,2024-06-14
9931,Customer_2063,Subway,Pizza,Singapore,4,2249.88,4.6,2026-04-21
9932,Customer_395,Burger King,Pizza,Singapore,8,4896.05,2.9,2024-02-19
9933,Customer_2222,Pizza Hut,Fast Food,Australia,5,2958.19,3.1,2026-01-04
9934,Customer_70,Burger King,Pizza,Sri Lanka,9,4321.99,2.2,2026-05-22
9935,Customer_93,Pizza Hut,Pizza,Australia,6,4680.18,2.8,2025-08-05
9936,Customer_1328,Dominos,Pizza,Sri Lanka,4,600.01,1.6,2024-06-05
9937,Customer_128,KFC,Sandwich,India,6,1856.67,4.4,2026-04-09
9938,Customer_2622,KFC,Pizza,Australia,1,4110.67,1.4,2025-01-09
9939,Customer_2806,Dominos,Burger,Sri Lanka,7,4706.56,3.5,2024-10-11
9940,Customer_938,KFC,Sandwich,Sri Lanka,10,2912.71,2.4,2026-01-07
9941,Customer_291,Pizza Hut,Pizza,Sri Lanka,5,2303.16,2.0,2024-11-23
9942,Customer_2310,KFC,Pizza,India,1,4057.22,2.6,2024-04-17
9943,Customer_1446,KFC,Burger,Sri Lanka,2,3198.55,1.3,2024-03-09
9944,Customer_2466,Subway,Sandwich,Australia,1,4310.85,2.2,2025-05-08
9945,Customer_2872,Pizza Hut,Fast Food,Singapore,3,1131.86,4.3,2025-10-17
9946,Customer_312,Dominos,Sandwich,Australia,10,849.54,3.7,2024-02-15
9947,Customer_2239,Subway,Fast Food,India,4,4312.02,4.1,2026-04-02
9948,Customer_1675,Pizza Hut,Burger,Australia,8,580.67,4.9,2024-08-14
9949,Customer_2581,Pizza Hut,Sandwich,Singapore,1,3773.05,3.0,2026-02-09
9950,Customer_1316,KFC,Sandwich,India,10,4309.4,4.2,2025-01-24
9951,Customer_2284,KFC,Fast Food,Sri Lanka,3,3792.0,2.3,2026-06-03
9952,Customer_651,KFC,Fast Food,Singapore,1,994.68,4.8,2025-05-30
9953,Customer_1193,Burger King,Burger,Australia,2,2281.04,4.8,2025-11-30
9954,Customer_882,Dominos,Fast Food,India,5,633.16,3.2,2024-03-25
9955,Customer_2481,Dominos,Burger,India,2,1929.84,1.2,2024-10-15
9956,Customer_569,Dominos,Burger,India,10,1597.24,3.4,2026-06-13
9957,Customer_475,Subway,Fast Food,Singapore,6,1748.34,3.4,2026-06-17
9958,Customer_98,Dominos,Pizza,Sri Lanka,10,3521.76,4.2,2025-07-06
9959,Customer_2027,Subway,Burger,Singapore,1,2521.48,2.4,2026-01-25
9960,Customer_2438,KFC,Pizza,India,1,1167.96,4.2,2026-05-11
9961,Customer_2241,KFC,Pizza,Sri Lanka,6,1465.98,4.2,2026-02-27
9962,Customer_1158,Burger King,Pizza,Sri Lanka,4,1626.2,2.9,2025-06-06
9963,Customer_1831,Burger King,Pizza,India,3,2197.46,1.3,2024-11-20
9964,Customer_860,Subway,Pizza,Sri Lanka,2,2860.1,1.7,2024-02-03
9965,Customer_1309,Pizza Hut,Pizza,Australia,6,796.2,1.2,2026-02-21
9966,Customer_2579,Subway,Sandwich,India,10,1837.14,4.1,2025-07-31
9967,Customer_1669,Burger King,Sandwich,Singapore,1,2637.22,1.9,2025-11-12
9968,Customer_1548,KFC,Fast Food,Australia,6,1987.31,2.9,2024-12-11
9969,Customer_628,Pizza Hut,Sandwich,Sri Lanka,10,4466.31,4.0,2024-09-19
9970,Customer_2324,Burger King,Fast Food,Sri Lanka,5,1952.38,4.4,2024-12-29
9971,Customer_1781,Burger King,Burger,Singapore,9,3842.85,1.6,2024-02-20
9972,Customer_1232,Pizza Hut,Sandwich,Singapore,7,832.13,4.5,2024-05-30
9973,Customer_2164,Dominos,Fast Food,Sri Lanka,8,1712.39,4.1,2024-04-20
9974,Customer_2488,Pizza Hut,Fast Food,Singapore,2,2976.82,1.6,2025-07-21
9975,Customer_777,Pizza Hut,Burger,Australia,7,4551.71,2.8,2024-02-03
9976,Customer_1299,KFC,Fast Food,Singapore,4,2153.51,4.2,2026-03-30
9977,Customer_2564,Burger King,Burger,Australia,6,4563.85,1.1,2024-06-10
9978,Customer_1324,Burger King,Sandwich,Sri Lanka,6,4068.69,3.5,2025-03-20
9979,Customer_2193,Subway,Sandwich,Singapore,6,4741.11,3.7,2025-09-29
9980,Customer_482,Burger King,Pizza,Australia,9,594.72,4.0,2025-11-13
9981,Customer_650,Pizza Hut,Pizza,Sri Lanka,4,4952.48,4.1,2024-05-28
9982,Customer_875,Dominos,Fast Food,Sri Lanka,2,1858.9,1.7,2026-01-31
9983,Customer_725,KFC,Pizza,Sri Lanka,5,1101.83,4.6,2024-09-04
9984,Customer_412,Dominos,Pizza,Australia,4,2799.67,1.8,2024-09-27
9985,Customer_1981,Pizza Hut,Burger,Singapore,7,552.3,1.1,2026-06-17
9986,Customer_1354,Pizza Hut,Burger,Sri Lanka,4,1482.84,1.9,2026-01-02
9987,Customer_1013,Subway,Pizza,Singapore,1,4583.19,2.4,2024-04-09
9988,Customer_608,Pizza Hut,Sandwich,India,2,819.89,4.4,2025-04-29
9989,Customer_2940,Dominos,Sandwich,Singapore,3,4699.74,3.0,2026-02-19
9990,Customer_1471,Subway,Pizza,Singapore,4,4761.3,4.2,2025-03-13
9991,Customer_1543,Pizza Hut,Fast Food,India,1,4900.01,3.7,2025-12-25
9992,Customer_1794,Subway,Burger,India,7,1450.31,4.7,2025-06-20
9993,Customer_2999,Burger King,Burger,Singapore,6,2176.17,2.3,2024-01-08
9994,Customer_2713,Dominos,Pizza,India,3,3240.63,3.3,2026-02-14
9995,Customer_2243,Pizza Hut,Pizza,Sri Lanka,10,4863.07,4.2,2025-12-20
9996,Customer_347,Dominos,Sandwich,Sri Lanka,2,3089.21,3.8,2025-07-31
9997,Customer_1997,Dominos,Fast Food,Singapore,10,2012.22,3.0,2024-07-10
9998,Customer_2596,Subway,Sandwich,Singapore,7,1052.97,1.3,2024-12-03
9999,Customer_2005,Burger King,Burger,Australia,2,2054.92,2.5,2025-04-06
10000,Customer_1172,KFC,Sandwich,Australia,10,2875.63,2.2,2025-04-05
10001,Customer_306,KFC,Pizza,Sri Lanka,9,4835.47,4.1,2025-06-29
10002,Customer_2523,Burger King,Burger,Australia,5,1925.89,4.7,2024-07-04
10003,Customer_681,Dominos,Burger,Sri Lanka,8,986.45,3.9,2024-11-28
10004,Customer_2570,Subway,Fast Food,India,2,686.8,2.7,2024-11-07
10005,Customer_1523,KFC,Sandwich,Australia,1,4874.71,2.0,2026-01-12
10006,Customer_1030,Burger King,Burger,India,2,3351.15,3.3,2025-03-18
10007,Customer_2164,KFC,Sandwich,Australia,2,1188.91,3.3,2024-08-31
10008,Customer_760,Subway,Pizza,Singapore,4,1377.87,1.1,2025-04-06
10009,Customer_138,Subway,Burger,Sri Lanka,2,1482.29,3.7,2025-11-01
10010,Customer_341,KFC,Pizza,India,8,3739.22,5.0,2026-06-03
10011,Customer_1439,Subway,Burger,India,6,3641.21,1.3,2024-04-11
10012,Customer_1942,Burger King,Pizza,India,4,1040.47,2.3,2025-07-08
10013,Customer_359,KFC,Pizza,Singapore,6,2709.09,1.8,2024-08-09
10014,Customer_2552,Dominos,Fast Food,Sri Lanka,5,4220.11,2.5,2024-01-30
10015,Customer_1647,KFC,Sandwich,Australia,9,4300.15,3.9,2024-08-22
10016,Customer_1903,KFC,Fast Food,Singapore,9,4435.23,2.3,2025-07-28
10017,Customer_1963,Dominos,Burger,India,9,1639.18,4.4,2025-08-29
10018,Customer_2253,Burger King,Fast Food,India,7,795.99,3.8,2025-02-03
10019,Customer_1443,Subway,Sandwich,India,8,3658.26,2.1,2025-11-12
10020,Customer_2507,Pizza Hut,Fast Food,India,10,4327.73,2.6,2025-11-04
10021,Customer_566,Subway,Fast Food,Sri Lanka,2,4755.26,3.0,2024-02-12
10022,Customer_84,Burger King,Sandwich,Singapore,4,2642.27,3.0,2024-11-03
10023,Customer_556,Pizza Hut,Sandwich,Sri Lanka,3,709.22,4.7,2025-01-17
10024,Customer_1979,Pizza Hut,Fast Food,Singapore,4,4846.7,2.7,2025-08-01
10025,Customer_1293,Subway,Fast Food,Sri Lanka,8,2654.16,3.3,2025-08-15
10026,Customer_2031,Dominos,Sandwich,Australia,2,3587.45,2.5,2025-11-03
10027,Customer_209,Dominos,Burger,Australia,9,4908.27,4.3,2026-04-28
10028,Customer_2145,Subway,Burger,Australia,5,3495.88,2.1,2026-02-19
10029,Customer_1117,Subway,Sandwich,Australia,6,1499.66,2.7,2024-02-29
10030,Customer_1200,Burger King,Fast Food,India,7,1984.54,1.7,2026-02-04
10031,Customer_1727,Dominos,Pizza,Sri Lanka,6,2159.83,2.3,2025-03-01
10032,Customer_377,Dominos,Pizza,India,2,853.9,2.5,2024-10-03
10033,Customer_448,Subway,Sandwich,Australia,1,4313.53,2.6,2025-07-05
10034,Customer_1335,Subway,Burger,Singapore,10,2712.15,2.9,2024-11-01
10035,Customer_1184,Burger King,Sandwich,India,7,4626.82,1.9,2024-01-02
10036,Customer_1245,KFC,Pizza,Australia,10,1331.65,4.5,2024-06-29
10037,Customer_1944,Pizza Hut,Fast Food,Australia,3,2071.55,4.2,2025-10-15
10038,Customer_746,Dominos,Pizza,Australia,9,4750.66,2.6,2025-02-07
10039,Customer_754,Pizza Hut,Fast Food,Australia,1,3691.13,2.1,2025-06-02
10040,Customer_2055,Dominos,Burger,India,7,1011.49,3.5,2026-01-14
10041,Customer_1916,Pizza Hut,Pizza,Sri Lanka,7,4725.48,2.9,2024-11-15
10042,Customer_2584,KFC,Pizza,India,1,610.38,1.4,2025-04-10
10043,Customer_2643,Subway,Pizza,Singapore,9,3243.82,4.7,2026-06-05
10044,Customer_2846,Dominos,Burger,Sri Lanka,3,4391.91,1.8,2025-09-20
10045,Customer_1470,KFC,Pizza,Australia,9,3334.94,3.7,2025-10-12
10046,Customer_1775,KFC,Pizza,Australia,7,780.51,2.2,2025-09-03
10047,Customer_1611,Subway,Fast Food,Australia,6,1954.96,1.4,2024-03-13
10048,Customer_2493,Dominos,Fast Food,Australia,8,3407.25,4.6,2026-03-21
10049,Customer_2596,Pizza Hut,Burger,India,5,4065.88,2.3,2024-04-29
10050,Customer_1065,Dominos,Burger,India,4,1599.1,4.2,2025-07-23
10051,Customer_379,Dominos,Sandwich,Australia,4,2785.05,4.5,2025-05-03
10052,Customer_2418,Subway,Burger,Sri Lanka,9,3809.05,2.1,2024-10-04
10053,Customer_1904,KFC,Sandwich,Singapore,3,2800.06,3.5,2025-04-08
10054,Customer_2038,Dominos,Fast Food,Australia,1,4959.53,4.8,2024-05-22
10055,Customer_1168,Dominos,Burger,Sri Lanka,9,2737.52,3.2,2025-12-01
10056,Customer_967,Dominos,Fast Food,Australia,8,3865.07,1.6,2025-04-30
10057,Customer_661,Pizza Hut,Sandwich,Australia,3,3418.96,3.8,2025-01-07
10058,Customer_455,Subway,Fast Food,India,10,1967.0,3.5,2024-04-05
10059,Customer_1306,KFC,Fast Food,Sri Lanka,3,1006.25,4.2,2025-10-26
10060,Customer_2362,Burger King,Sandwich,India,4,1612.74,1.4,2025-01-08
10061,Customer_1938,Subway,Burger,India,8,4894.67,4.6,2026-02-01
10062,Customer_415,Dominos,Sandwich,Sri Lanka,7,3297.45,1.2,2024-02-16
10063,Customer_1351,KFC,Pizza,Singapore,1,3584.56,3.4,2026-03-28
10064,Customer_1554,KFC,Sandwich,Australia,2,4516.17,3.6,2024-08-29
10065,Customer_1672,Burger King,Sandwich,India,10,2214.65,3.8,2024-08-09
10066,Customer_1413,Burger King,Burger,India,2,3150.77,4.1,2024-02-26
10067,Customer_1621,Dominos,Fast Food,India,6,2916.74,4.3,2024-06-19
10068,Customer_47,Burger King,Sandwich,Singapore,1,2782.94,3.6,2024-10-08
10069,Customer_111,Dominos,Pizza,Australia,5,2391.35,1.1,2026-04-10
10070,Customer_2381,Dominos,Burger,Sri Lanka,8,4049.84,2.7,2025-05-14
10071,Customer_1565,Burger King,Burger,India,6,4074.69,4.9,2024-12-24
10072,Customer_1012,Burger King,Sandwich,Australia,5,2329.42,1.2,2024-08-24
10073,Customer_726,Pizza Hut,Sandwich,Singapore,5,2255.6,1.8,2024-05-08
10074,Customer_2978,Dominos,Burger,Australia,10,2385.14,3.7,2025-12-26
10075,Customer_1940,Burger King,Pizza,India,4,1852.41,3.6,2025-10-07
10076,Customer_627,Subway,Pizza,Australia,4,3365.58,2.9,2026-05-13
10077,Customer_1890,Burger King,Pizza,Singapore,10,4142.73,3.1,2024-09-03
10078,Customer_1460,KFC,Fast Food,Singapore,10,966.73,3.5,2025-05-04
10079,Customer_2257,Subway,Pizza,India,3,2679.43,2.6,2025-01-23
10080,Customer_362,Dominos,Pizza,Australia,9,968.38,1.5,2026-04-16
10081,Customer_610,Burger King,Fast Food,India,6,2664.11,3.1,2024-06-04
10082,Customer_1431,KFC,Pizza,Australia,7,3352.59,3.5,2026-05-31
10083,Customer_930,Subway,Fast Food,Sri Lanka,9,1988.76,2.1,2026-05-26
10084,Customer_1604,Pizza Hut,Pizza,Singapore,1,748.08,2.9,2024-02-05
10085,Customer_1057,Subway,Pizza,Australia,1,2305.72,4.5,2025-08-09
10086,Customer_741,KFC,Pizza,Sri Lanka,8,2081.46,1.5,2025-04-09
10087,Customer_2292,Dominos,Burger,Singapore,10,2384.64,4.9,2024-11-03
10088,Customer_50,KFC,Pizza,Sri Lanka,3,1234.48,1.0,2024-04-25
10089,Customer_911,KFC,Fast Food,Australia,10,3595.88,3.5,2025-05-13
10090,Customer_2853,Burger King,Pizza,Sri Lanka,3,1669.59,2.6,2024-11-25
10091,Customer_39,Pizza Hut,Burger,Sri Lanka,5,1598.37,3.2,2024-09-13
10092,Customer_1167,Pizza Hut,Fast Food,Australia,9,2601.85,4.7,2026-06-07
10093,Customer_1718,Pizza Hut,Sandwich,India,5,679.99,4.9,2024-08-17
10094,Customer_828,Pizza Hut,Fast Food,Australia,8,1337.64,3.3,2024-03-22
10095,Customer_767,Dominos,Fast Food,India,4,1492.24,1.5,2024-07-29
10096,Customer_487,Dominos,Pizza,Singapore,9,794.69,2.9,2025-05-12
10097,Customer_1261,Subway,Fast Food,Australia,5,4177.36,3.6,2024-12-07
10098,Customer_900,Burger King,Pizza,Sri Lanka,6,2324.81,1.6,2024-09-09
10099,Customer_2597,KFC,Burger,Singapore,5,4638.74,4.8,2025-11-18
10100,Customer_1967,Subway,Pizza,Singapore,2,2978.84,2.4,2025-06-23
10101,Customer_942,Dominos,Fast Food,India,6,3697.12,3.9,2024-03-14
10102,Customer_2456,Dominos,Fast Food,Singapore,9,3353.43,2.2,2025-04-07
10103,Customer_2098,Dominos,Sandwich,India,10,3946.96,1.9,2025-04-13
10104,Customer_902,Subway,Burger,Australia,8,1333.29,1.5,2025-09-02
10105,Customer_1297,KFC,Fast Food,Sri Lanka,5,2931.68,4.7,2024-07-29
10106,Customer_1063,Dominos,Fast Food,India,9,4315.18,4.2,2024-05-01
10107,Customer_2976,KFC,Pizza,Sri Lanka,4,2856.18,1.8,2025-08-24
10108,Customer_1184,Subway,Pizza,India,6,3628.81,3.8,2025-11-06
10109,Customer_1142,Subway,Pizza,Singapore,2,699.8,2.1,2024-05-17
10110,Customer_1630,KFC,Burger,Sri Lanka,1,1624.93,1.0,2025-04-20
10111,Customer_290,Dominos,Burger,Sri Lanka,5,614.38,4.9,2026-03-15
10112,Customer_1918,Dominos,Pizza,Sri Lanka,2,2877.32,3.2,2025-12-16
10113,Customer_2512,Pizza Hut,Burger,India,9,3146.26,1.4,2025-03-23
10114,Customer_2100,KFC,Fast Food,Sri Lanka,3,500.36,1.6,2025-10-24
10115,Customer_1177,Pizza Hut,Burger,Sri Lanka,2,3507.36,2.7,2024-09-16
10116,Customer_2997,Burger King,Fast Food,Australia,1,3223.6,2.5,2025-03-05
10117,Customer_1353,Dominos,Fast Food,Sri Lanka,4,1637.14,1.3,2025-05-21
10118,Customer_754,Subway,Pizza,Sri Lanka,5,3131.86,3.4,2024-08-16
10119,Customer_2119,KFC,Pizza,India,6,3668.48,4.4,2026-01-22
10120,Customer_1136,Dominos,Pizza,Singapore,3,3786.58,4.3,2024-09-05
10121,Customer_2434,KFC,Fast Food,Singapore,6,4513.64,1.7,2024-04-16
10122,Customer_1812,KFC,Fast Food,Singapore,3,3539.26,4.5,2025-11-21
10123,Customer_1623,Burger King,Fast Food,Sri Lanka,3,3490.57,2.4,2024-08-27
10124,Customer_1177,Pizza Hut,Sandwich,Australia,7,3511.74,2.8,2025-11-08
10125,Customer_265,Dominos,Pizza,Singapore,8,4617.79,2.3,2025-01-09
10126,Customer_644,Subway,Fast Food,India,4,3362.67,2.3,2024-08-12
10127,Customer_1784,Burger King,Burger,Sri Lanka,5,3139.73,1.0,2024-12-06
10128,Customer_1508,Subway,Fast Food,India,9,1320.84,4.8,2024-03-15
10129,Customer_194,Subway,Pizza,India,9,1507.58,2.2,2024-08-31
10130,Customer_1114,Burger King,Burger,Singapore,7,1401.72,3.4,2025-01-30
10131,Customer_2663,Pizza Hut,Sandwich,Singapore,10,1907.8,1.2,2026-05-12
10132,Customer_1176,Subway,Burger,Sri Lanka,7,4832.5,4.4,2026-02-06
10133,Customer_1276,Dominos,Burger,Sri Lanka,6,2583.85,2.9,2024-11-04
10134,Customer_624,KFC,Fast Food,Sri Lanka,3,2865.83,1.8,2025-08-14
10135,Customer_1138,Subway,Pizza,Australia,5,1992.58,4.0,2026-03-20
10136,Customer_170,Dominos,Burger,India,10,3551.7,1.6,2026-06-15
10137,Customer_83,KFC,Sandwich,Australia,5,635.55,1.2,2025-07-11
10138,Customer_16,Burger King,Sandwich,Singapore,8,3187.32,1.9,2024-03-07
10139,Customer_1771,Burger King,Sandwich,Australia,5,1104.55,3.7,2026-01-10
10140,Customer_472,Dominos,Sandwich,India,9,2446.07,2.9,2026-05-05
10141,Customer_1859,Subway,Pizza,Australia,9,4411.35,2.3,2026-04-09
10142,Customer_769,Burger King,Sandwich,India,3,4122.83,3.7,2025-03-18
10143,Customer_348,Burger King,Pizza,Singapore,1,2120.72,5.0,2026-01-12
10144,Customer_1171,Subway,Fast Food,Australia,8,1935.4,1.5,2025-08-30
10145,Customer_147,Pizza Hut,Burger,Australia,5,2567.54,1.3,2024-01-25
10146,Customer_1521,Dominos,Pizza,Singapore,10,3637.56,2.1,2024-09-24
10147,Customer_156,Pizza Hut,Pizza,Sri Lanka,4,1256.36,4.9,2026-04-19
10148,Customer_2636,Pizza Hut,Sandwich,Singapore,2,2653.89,3.9,2025-05-21
10149,Customer_961,KFC,Pizza,Australia,1,3191.85,1.4,2026-02-17
10150,Customer_2950,Burger King,Sandwich,India,3,1299.82,1.6,2025-01-12
10151,Customer_2879,KFC,Sandwich,Sri Lanka,2,2540.57,2.4,2024-09-05
10152,Customer_1612,Subway,Pizza,India,1,4611.88,3.5,2024-05-27
10153,Customer_2585,Pizza Hut,Pizza,Australia,3,1437.24,3.2,2026-04-25
10154,Customer_2544,Pizza Hut,Sandwich,Sri Lanka,9,1718.14,2.3,2025-10-31
10155,Customer_2881,Dominos,Pizza,Singapore,9,2075.94,1.8,2025-12-13
10156,Customer_2897,KFC,Burger,Australia,8,3637.85,1.3,2024-05-17
10157,Customer_1929,KFC,Pizza,Sri Lanka,10,1192.59,2.0,2025-02-07
10158,Customer_163,Pizza Hut,Pizza,India,8,1680.11,4.6,2025-03-29
10159,Customer_794,Pizza Hut,Sandwich,Australia,8,4092.43,2.0,2026-04-01
10160,Customer_2205,Subway,Fast Food,Australia,8,3432.5,4.3,2024-03-28
10161,Customer_1521,Pizza Hut,Burger,Sri Lanka,3,935.43,2.6,2026-02-20
10162,Customer_1396,Subway,Pizza,Sri Lanka,10,1862.8,2.5,2024-09-23
10163,Customer_1673,KFC,Sandwich,Sri Lanka,9,3443.72,1.1,2025-05-01
10164,Customer_1234,Pizza Hut,Pizza,Sri Lanka,4,1145.64,2.4,2024-12-24
10165,Customer_1322,Burger King,Burger,India,10,2520.92,1.0,2025-01-13
10166,Customer_2860,Burger King,Sandwich,Sri Lanka,1,3361.65,3.8,2025-12-24
10167,Customer_574,Pizza Hut,Pizza,India,6,3055.34,4.2,2024-10-27
10168,Customer_1699,Dominos,Fast Food,Singapore,2,692.14,3.8,2025-09-24
10169,Customer_409,Pizza Hut,Pizza,Sri Lanka,4,1110.93,1.8,2024-01-23
10170,Customer_654,KFC,Burger,Australia,4,1394.68,3.0,2025-11-13
10171,Customer_1306,KFC,Sandwich,Australia,7,669.28,1.6,2024-09-22
10172,Customer_2887,Burger King,Fast Food,India,2,4318.84,1.9,2025-05-01
10173,Customer_678,Burger King,Burger,Singapore,3,1254.59,4.8,2025-06-04
10174,Customer_2607,Dominos,Pizza,Australia,9,4175.25,1.9,2025-09-27
10175,Customer_2964,Pizza Hut,Sandwich,Sri Lanka,8,3120.7,3.3,2025-03-13
10176,Customer_17,Burger King,Fast Food,Australia,1,3836.44,1.3,2024-03-22
10177,Customer_245,Subway,Fast Food,Singapore,6,1400.29,4.4,2026-06-02
10178,Customer_2891,Subway,Burger,Sri Lanka,6,3395.18,1.8,2025-08-11
10179,Customer_635,Pizza Hut,Pizza,India,6,1569.18,1.6,2026-05-23
10180,Customer_2620,Subway,Burger,Sri Lanka,2,1936.58,4.9,2024-10-08
10181,Customer_2984,Subway,Fast Food,Sri Lanka,7,1683.64,3.1,2026-01-03
10182,Customer_501,Burger King,Sandwich,Singapore,10,3118.65,4.6,2025-02-22
10183,Customer_758,Burger King,Sandwich,Singapore,5,3222.9,1.7,2025-11-23
10184,Customer_2414,Dominos,Pizza,Singapore,9,548.81,1.7,2025-06-19
10185,Customer_1545,Subway,Pizza,Sri Lanka,1,1941.0,2.8,2025-03-07
10186,Customer_692,Burger King,Burger,Australia,3,3838.84,1.7,2024-10-13
10187,Customer_371,Subway,Pizza,India,6,2135.8,4.3,2025-07-07
10188,Customer_1620,Subway,Fast Food,Singapore,9,1318.89,2.8,2025-01-19
10189,Customer_1879,KFC,Fast Food,India,7,3270.74,1.1,2025-09-12
10190,Customer_1754,Pizza Hut,Pizza,India,10,2310.41,1.3,2025-02-07
10191,Customer_197,Pizza Hut,Pizza,Australia,1,1831.29,3.7,2024-12-30
10192,Customer_2778,KFC,Burger,Sri Lanka,8,2379.75,3.7,2026-02-06
10193,Customer_2000,Pizza Hut,Pizza,Singapore,8,2661.52,3.5,2025-09-23
10194,Customer_1552,Burger King,Fast Food,Australia,8,4195.91,2.1,2025-06-16
10195,Customer_178,Subway,Sandwich,Singapore,5,2721.28,3.1,2024-06-04
10196,Customer_1491,Subway,Burger,India,1,3661.46,1.3,2024-07-12
10197,Customer_531,Dominos,Burger,Sri Lanka,6,1598.03,2.3,2024-06-01
10198,Customer_812,Pizza Hut,Sandwich,Sri Lanka,6,3886.27,3.5,2026-04-12
10199,Customer_665,KFC,Fast Food,Singapore,3,3755.11,4.6,2026-04-18
10200,Customer_910,KFC,Pizza,Australia,1,3678.91,4.5,2026-06-05
10201,Customer_1208,Pizza Hut,Sandwich,Australia,10,1395.58,2.0,2025-06-17
10202,Customer_1668,KFC,Pizza,India,6,3409.41,1.5,2024-03-22
10203,Customer_1132,Burger King,Fast Food,India,10,1005.45,1.8,2025-05-26
10204,Customer_622,Dominos,Sandwich,Sri Lanka,4,3138.25,1.7,2024-05-19
10205,Customer_2305,Pizza Hut,Sandwich,Australia,9,3891.17,2.6,2024-05-06
10206,Customer_2563,Subway,Burger,Australia,2,1124.72,3.3,2024-08-06
10207,Customer_1653,KFC,Fast Food,Sri Lanka,6,2788.22,2.0,2025-03-10
10208,Customer_35,Subway,Sandwich,Singapore,10,630.24,3.6,2026-05-19
10209,Customer_820,Burger King,Fast Food,Singapore,8,1546.77,4.0,2025-01-19
10210,Customer_2197,Burger King,Pizza,Singapore,8,2128.02,1.9,2025-07-14
10211,Customer_2741,Burger King,Fast Food,Australia,4,4988.02,4.3,2025-09-01
10212,Customer_2642,Burger King,Pizza,India,6,4427.72,2.6,2024-06-22
10213,Customer_2156,Burger King,Burger,India,4,3791.0,3.5,2026-02-07
10214,Customer_1327,Burger King,Sandwich,Sri Lanka,3,2630.02,3.2,2024-06-13
10215,Customer_1613,Dominos,Burger,Australia,9,2142.26,3.6,2026-04-27
10216,Customer_1978,Subway,Sandwich,India,7,3869.98,3.0,2025-02-20
10217,Customer_1295,Pizza Hut,Pizza,Singapore,1,3829.86,1.4,2026-01-02
10218,Customer_835,Dominos,Fast Food,Singapore,4,4096.39,4.5,2026-01-02
10219,Customer_2035,Pizza Hut,Burger,Australia,5,2107.57,3.8,2026-01-11
10220,Customer_1370,Burger King,Fast Food,Australia,3,4647.43,3.8,2024-04-16
10221,Customer_1713,Pizza Hut,Burger,Australia,1,3235.3,1.5,2025-07-05
10222,Customer_2673,Subway,Pizza,India,6,3974.65,1.3,2025-10-15
10223,Customer_139,Pizza Hut,Fast Food,Sri Lanka,2,3097.02,2.4,2025-12-29
10224,Customer_1240,Burger King,Pizza,Sri Lanka,7,1872.72,2.3,2025-11-10
10225,Customer_2946,Pizza Hut,Fast Food,Sri Lanka,7,3651.19,4.6,2025-12-05
10226,Customer_414,Subway,Sandwich,India,7,1356.75,3.8,2024-12-31
10227,Customer_1305,Dominos,Burger,India,5,2723.42,3.2,2024-12-31
10228,Customer_2945,Burger King,Burger,Australia,10,2744.73,1.6,2025-12-07
10229,Customer_178,Pizza Hut,Fast Food,Singapore,1,600.89,1.6,2025-01-14
10230,Customer_1236,Subway,Sandwich,Singapore,8,4450.57,2.7,2025-06-14
10231,Customer_2393,KFC,Fast Food,India,10,4174.4,2.6,2024-05-04
10232,Customer_1829,Burger King,Burger,Australia,8,3302.69,2.2,2025-03-26
10233,Customer_425,Subway,Pizza,Singapore,7,2500.64,1.4,2024-08-25
10234,Customer_673,Burger King,Pizza,Australia,3,1108.48,3.4,2025-02-13
10235,Customer_2289,Dominos,Pizza,Sri Lanka,9,2643.49,3.3,2024-08-20
10236,Customer_2628,Dominos,Burger,India,8,3356.34,2.9,2025-11-05
10237,Customer_888,Pizza Hut,Burger,Singapore,3,4382.88,2.9,2024-04-11
10238,Customer_2148,Subway,Burger,Singapore,8,4884.75,3.2,2024-07-29
10239,Customer_2608,Pizza Hut,Sandwich,Australia,6,1607.52,1.8,2024-11-02
10240,Customer_423,KFC,Pizza,Singapore,5,4203.04,3.8,2024-03-27
10241,Customer_2225,Burger King,Fast Food,Singapore,10,2295.81,3.8,2025-10-24
10242,Customer_26,Dominos,Burger,Singapore,5,524.25,2.4,2026-01-07
10243,Customer_67,KFC,Sandwich,Australia,1,1058.26,4.6,2025-12-26
10244,Customer_1,Burger King,Burger,Singapore,1,1749.3,2.9,2025-02-23
10245,Customer_1827,Pizza Hut,Pizza,India,8,3783.83,1.7,2026-05-26
10246,Customer_2899,KFC,Burger,Singapore,7,4246.28,3.1,2025-04-25
10247,Customer_1038,KFC,Sandwich,Australia,4,3907.78,3.5,2025-03-20
10248,Customer_2682,Subway,Fast Food,Australia,5,2621.53,3.0,2025-08-16
10249,Customer_1040,Pizza Hut,Sandwich,Singapore,8,1772.29,2.1,2025-03-25
10250,Customer_2538,Dominos,Fast Food,Australia,2,3457.67,2.7,2025-08-01
10251,Customer_2280,Pizza Hut,Burger,Australia,4,2136.75,3.1,2024-01-18
10252,Customer_1407,Pizza Hut,Fast Food,Sri Lanka,7,3511.62,2.9,2026-06-02
10253,Customer_2958,Dominos,Sandwich,Sri Lanka,4,4564.59,3.7,2026-03-20
10254,Customer_1501,KFC,Fast Food,Sri Lanka,8,3365.0,2.1,2026-02-15
10255,Customer_635,Dominos,Burger,India,2,4950.14,3.1,2025-01-03
10256,Customer_823,Pizza Hut,Burger,India,9,746.49,4.0,2024-09-08
10257,Customer_225,Subway,Sandwich,Australia,4,2542.72,2.2,2026-06-05
10258,Customer_713,Dominos,Fast Food,Sri Lanka,3,4863.7,2.7,2026-06-19
10259,Customer_1800,Burger King,Burger,Singapore,2,4205.12,3.3,2026-06-13
10260,Customer_1056,KFC,Fast Food,Singapore,3,4387.2,2.2,2025-11-06
10261,Customer_1872,Subway,Pizza,Sri Lanka,3,3877.14,1.6,2025-07-01
10262,Customer_1760,Burger King,Burger,India,3,597.94,1.8,2024-07-18
10263,Customer_1176,Subway,Fast Food,India,1,1283.3,2.4,2025-07-05
10264,Customer_1909,Pizza Hut,Sandwich,Sri Lanka,10,2025.93,2.2,2024-12-18
10265,Customer_621,KFC,Fast Food,Australia,5,978.3,2.5,2025-04-13
10266,Customer_1820,Pizza Hut,Fast Food,India,9,4874.01,4.4,2024-02-08
10267,Customer_1413,Pizza Hut,Burger,Singapore,4,2123.91,5.0,2025-11-17
10268,Customer_1506,Subway,Burger,Australia,5,3968.02,3.9,2025-02-13
10269,Customer_730,Pizza Hut,Sandwich,India,5,4008.54,4.5,2025-02-22
10270,Customer_869,Dominos,Fast Food,India,2,3680.97,2.9,2025-05-11
10271,Customer_495,Dominos,Burger,India,3,4067.95,2.2,2026-03-25
10272,Customer_1969,KFC,Pizza,Australia,6,1039.71,2.4,2024-03-26
10273,Customer_2083,Burger King,Fast Food,Sri Lanka,9,1316.6,3.3,2026-04-08
10274,Customer_2505,Pizza Hut,Fast Food,Sri Lanka,1,1267.87,2.0,2024-01-16
10275,Customer_2788,Pizza Hut,Fast Food,Sri Lanka,10,3121.41,2.8,2025-08-19
10276,Customer_2325,Burger King,Pizza,Australia,1,4378.65,3.4,2024-08-26
10277,Customer_2773,Pizza Hut,Sandwich,Singapore,2,4570.53,4.7,2025-03-09
10278,Customer_721,Subway,Sandwich,Sri Lanka,4,1669.18,1.2,2025-04-17
10279,Customer_2234,Subway,Pizza,Sri Lanka,3,1625.91,4.6,2025-01-16
10280,Customer_2415,Burger King,Pizza,Singapore,5,1312.92,2.3,2025-11-17
10281,Customer_2432,Subway,Pizza,Sri Lanka,5,4355.03,1.5,2025-05-18
10282,Customer_1316,KFC,Pizza,India,4,1258.43,1.9,2024-10-08
10283,Customer_281,Subway,Pizza,Singapore,9,3987.2,1.5,2024-02-07
10284,Customer_709,KFC,Burger,Singapore,2,787.5,4.5,2025-04-22
10285,Customer_1682,Pizza Hut,Burger,Singapore,6,2246.42,3.3,2024-07-15
10286,Customer_2225,KFC,Pizza,Australia,6,4750.87,1.8,2025-07-25
10287,Customer_2179,Burger King,Burger,Australia,7,3198.54,2.2,2024-03-13
10288,Customer_823,Burger King,Sandwich,India,5,2699.01,4.3,2025-06-22
10289,Customer_2266,Subway,Fast Food,Sri Lanka,8,2559.51,1.2,2025-03-16
10290,Customer_1770,Subway,Sandwich,Australia,5,678.53,2.4,2025-07-12
10291,Customer_212,KFC,Pizza,Australia,7,3757.57,4.1,2024-01-28
10292,Customer_139,Dominos,Sandwich,Sri Lanka,5,4353.1,1.3,2024-11-01
10293,Customer_1302,Burger King,Pizza,Australia,2,1360.71,1.4,2024-01-24
10294,Customer_2907,Burger King,Sandwich,India,3,3250.34,1.2,2024-08-27
10295,Customer_174,Dominos,Sandwich,Australia,9,4767.98,5.0,2025-07-13
10296,Customer_2573,Subway,Fast Food,India,9,3150.86,3.7,2025-09-16
10297,Customer_1893,Dominos,Sandwich,Sri Lanka,4,4866.76,4.5,2024-04-30
10298,Customer_2012,Subway,Sandwich,India,7,1734.89,4.1,2024-09-24
10299,Customer_1623,Pizza Hut,Burger,Sri Lanka,2,2894.97,1.1,2026-01-08
10300,Customer_972,Burger King,Fast Food,Sri Lanka,8,2904.03,2.6,2024-01-14
10301,Customer_396,Burger King,Fast Food,Singapore,7,2533.55,1.9,2026-05-15
10302,Customer_1904,Pizza Hut,Fast Food,India,7,4949.32,2.9,2025-11-03
10303,Customer_2754,Dominos,Burger,Singapore,3,1110.93,4.9,2024-11-03
10304,Customer_2629,Dominos,Burger,Singapore,7,1255.32,3.3,2024-02-14
10305,Customer_2352,KFC,Pizza,Australia,10,1532.85,1.3,2026-05-07
10306,Customer_1044,Subway,Sandwich,Sri Lanka,8,797.22,3.3,2025-06-03
10307,Customer_1980,Burger King,Fast Food,Sri Lanka,8,848.69,2.2,2025-01-05
10308,Customer_103,KFC,Burger,India,9,4164.85,2.3,2025-12-09
10309,Customer_1658,Dominos,Pizza,Sri Lanka,2,3945.61,1.5,2025-10-09
10310,Customer_1580,Pizza Hut,Pizza,Singapore,10,912.6,1.5,2025-01-28
10311,Customer_310,Burger King,Burger,Sri Lanka,10,2809.57,4.6,2025-02-28
10312,Customer_1642,Subway,Fast Food,Sri Lanka,4,3154.43,1.8,2025-01-10
10313,Customer_500,Pizza Hut,Fast Food,India,4,1904.5,2.4,2025-07-26
10314,Customer_2352,KFC,Fast Food,Singapore,5,3745.79,1.6,2026-02-26
10315,Customer_1483,Subway,Fast Food,Sri Lanka,6,3811.01,4.1,2025-03-19
10316,Customer_2313,Pizza Hut,Pizza,Singapore,8,3497.02,3.1,2026-03-05
10317,Customer_1400,KFC,Sandwich,India,9,767.73,4.6,2025-09-05
10318,Customer_1566,Subway,Pizza,Australia,9,834.96,4.2,2025-09-24
10319,Customer_763,Subway,Sandwich,Sri Lanka,4,804.82,3.7,2025-10-13
10320,Customer_2110,KFC,Burger,Sri Lanka,9,1812.11,1.9,2026-01-31
10321,Customer_754,Pizza Hut,Fast Food,India,2,3616.06,4.4,2025-11-12
10322,Customer_750,Subway,Pizza,Sri Lanka,5,2073.86,4.5,2026-01-19
10323,Customer_180,Burger King,Burger,India,4,1299.44,1.6,2025-04-24
10324,Customer_2877,Burger King,Burger,India,3,4602.94,2.1,2025-08-26
10325,Customer_882,Subway,Pizza,India,1,4951.88,3.1,2025-12-26
10326,Customer_2625,Pizza Hut,Fast Food,Australia,1,4273.54,3.3,2025-10-28
10327,Customer_2713,Subway,Burger,Sri Lanka,9,3595.67,1.3,2025-12-10
10328,Customer_1890,KFC,Pizza,India,7,3131.84,2.5,2025-10-05
10329,Customer_180,Dominos,Pizza,Australia,2,1927.99,5.0,2026-01-25
10330,Customer_2575,KFC,Burger,Singapore,8,4500.5,3.4,2024-10-22
10331,Customer_1413,Burger King,Fast Food,Australia,7,929.86,2.1,2024-03-14
10332,Customer_1679,KFC,Sandwich,Sri Lanka,2,2841.33,4.9,2024-11-22
10333,Customer_1336,Pizza Hut,Pizza,Sri Lanka,1,2282.17,2.2,2026-01-05
10334,Customer_1713,Pizza Hut,Pizza,India,7,4111.06,3.7,2025-08-29
10335,Customer_934,Dominos,Fast Food,Sri Lanka,6,2475.9,2.9,2026-03-19
10336,Customer_1177,KFC,Pizza,Singapore,9,3716.71,2.3,2025-02-20
10337,Customer_2308,Pizza Hut,Burger,Singapore,6,2066.88,1.8,2025-04-08
10338,Customer_39,KFC,Pizza,Australia,1,974.1,1.9,2026-03-12
10339,Customer_24,Pizza Hut,Fast Food,Sri Lanka,3,4130.44,3.5,2025-08-05
10340,Customer_435,Burger King,Pizza,India,2,4395.99,4.5,2024-10-13
10341,Customer_1519,Pizza Hut,Fast Food,Sri Lanka,9,2932.04,4.3,2026-02-10
10342,Customer_2475,Subway,Burger,Sri Lanka,7,2332.25,2.5,2025-12-18
10343,Customer_2886,KFC,Burger,Singapore,2,3698.83,4.5,2026-03-17
10344,Customer_2247,Pizza Hut,Burger,Australia,3,4508.29,4.6,2024-01-25
10345,Customer_2259,Dominos,Fast Food,Singapore,9,3167.01,4.2,2026-04-11
10346,Customer_1258,Burger King,Sandwich,Sri Lanka,8,1631.75,3.7,2025-05-10
10347,Customer_709,KFC,Burger,Australia,10,3412.89,3.3,2024-12-06
10348,Customer_939,Subway,Fast Food,Singapore,1,713.12,2.6,2025-02-12
10349,Customer_338,Dominos,Burger,Singapore,1,3868.01,1.3,2024-10-22
10350,Customer_2542,Burger King,Fast Food,Singapore,4,3906.43,2.3,2024-05-09
10351,Customer_2600,Dominos,Sandwich,Australia,4,617.82,2.2,2024-04-22
10352,Customer_1906,Burger King,Fast Food,Singapore,4,4284.82,3.6,2025-01-31
10353,Customer_2949,KFC,Pizza,Australia,1,4818.91,4.7,2026-02-14
10354,Customer_368,Pizza Hut,Pizza,Singapore,5,4575.9,4.7,2024-12-27
10355,Customer_410,Dominos,Pizza,Singapore,10,2885.68,1.7,2025-12-29
10356,Customer_1392,Dominos,Sandwich,Sri Lanka,6,3622.93,3.3,2024-01-26
10357,Customer_793,KFC,Fast Food,Singapore,5,2306.3,4.9,2026-01-19
10358,Customer_2585,Subway,Pizza,Australia,7,3195.84,1.6,2024-07-30
10359,Customer_1818,Dominos,Fast Food,Singapore,7,4068.3,1.4,2025-06-22
10360,Customer_2309,Pizza Hut,Fast Food,India,1,2951.59,3.9,2025-06-02
10361,Customer_718,Subway,Pizza,Singapore,6,3400.56,1.1,2024-02-03
10362,Customer_2736,KFC,Fast Food,Sri Lanka,9,1922.34,3.2,2026-01-24
10363,Customer_2278,KFC,Burger,Australia,3,1329.07,3.0,2026-05-28
10364,Customer_1545,Burger King,Pizza,Sri Lanka,8,2742.66,4.3,2025-10-17
10365,Customer_198,KFC,Burger,Singapore,4,2637.83,3.0,2025-02-02
10366,Customer_368,Dominos,Fast Food,Singapore,3,4345.68,2.0,2024-04-05
10367,Customer_2050,Burger King,Burger,Singapore,8,3153.18,2.9,2025-11-02
10368,Customer_1043,Pizza Hut,Burger,India,3,2858.05,1.3,2025-07-23
10369,Customer_2163,KFC,Sandwich,India,7,4017.92,4.3,2025-09-07
10370,Customer_1389,Dominos,Sandwich,India,10,4581.12,4.1,2025-01-21
10371,Customer_602,Subway,Pizza,Australia,2,4180.56,4.8,2025-04-26
10372,Customer_2557,Dominos,Sandwich,Sri Lanka,5,1258.26,3.2,2025-12-16
10373,Customer_2794,Subway,Pizza,Australia,10,2862.25,4.6,2025-06-07
10374,Customer_633,Burger King,Fast Food,Australia,5,4677.18,3.5,2025-12-08
10375,Customer_285,Dominos,Sandwich,India,7,3062.71,2.9,2025-04-29
10376,Customer_2189,Subway,Pizza,Australia,8,2426.23,4.1,2024-06-28
10377,Customer_1377,Pizza Hut,Burger,Singapore,6,3229.76,3.0,2024-12-06
10378,Customer_1101,KFC,Fast Food,Australia,4,1212.34,3.2,2024-03-07
10379,Customer_971,Pizza Hut,Burger,India,1,1971.9,3.0,2026-06-13
10380,Customer_1510,Burger King,Pizza,India,9,3027.86,2.7,2025-01-24
10381,Customer_2474,Pizza Hut,Sandwich,Australia,3,2136.58,1.3,2024-04-21
10382,Customer_2700,Dominos,Sandwich,Australia,7,2201.32,4.7,2026-05-28
10383,Customer_415,Dominos,Burger,India,5,4350.08,3.7,2025-04-30
10384,Customer_1872,Burger King,Sandwich,Sri Lanka,4,3445.9,4.1,2025-09-20
10385,Customer_943,Burger King,Sandwich,Australia,10,2138.14,4.6,2025-07-31
10386,Customer_1217,Burger King,Fast Food,Australia,1,543.67,4.0,2024-02-19
10387,Customer_794,Pizza Hut,Sandwich,Australia,4,3902.56,1.9,2024-02-07
10388,Customer_2156,Dominos,Fast Food,Australia,7,1939.53,3.0,2024-10-10
10389,Customer_2467,KFC,Burger,Sri Lanka,5,2993.29,3.4,2025-04-29
10390,Customer_1017,Subway,Burger,Sri Lanka,4,4909.77,2.9,2026-01-25
10391,Customer_2137,Dominos,Fast Food,India,4,4192.58,4.1,2025-03-29
10392,Customer_1146,Pizza Hut,Fast Food,India,7,3341.92,2.7,2024-03-30
10393,Customer_1592,Subway,Pizza,Sri Lanka,8,3286.19,4.6,2024-02-14
10394,Customer_2638,Dominos,Sandwich,Sri Lanka,6,4451.22,4.2,2024-10-06
10395,Customer_1,Burger King,Fast Food,Sri Lanka,9,669.18,1.0,2024-06-21
10396,Customer_257,Subway,Pizza,Singapore,1,3600.76,1.7,2024-02-07
10397,Customer_499,Subway,Fast Food,Singapore,9,3011.3,4.5,2024-04-30
10398,Customer_2996,Subway,Fast Food,Sri Lanka,5,1234.56,1.6,2026-02-06
10399,Customer_2613,Dominos,Pizza,Australia,6,2304.11,2.4,2025-02-22
10400,Customer_2562,Burger King,Fast Food,Singapore,10,3561.07,4.2,2025-10-11
10401,Customer_1439,Subway,Pizza,India,1,1249.35,4.8,2025-10-21
10402,Customer_2634,Burger King,Pizza,Sri Lanka,8,4193.25,4.6,2025-10-01
10403,Customer_1018,Burger King,Pizza,India,6,2390.57,1.5,2025-11-28
10404,Customer_2088,KFC,Sandwich,Sri Lanka,2,4027.72,2.8,2025-10-21
10405,Customer_1968,Burger King,Burger,Sri Lanka,7,4617.87,2.7,2026-04-11
10406,Customer_1173,Burger King,Burger,Australia,8,3406.65,2.7,2024-04-29
10407,Customer_2650,Subway,Pizza,Singapore,2,2722.1,2.3,2026-02-10
10408,Customer_700,Dominos,Fast Food,Australia,2,4735.27,2.3,2025-07-20
10409,Customer_353,Burger King,Burger,Singapore,1,554.16,3.7,2024-01-31
10410,Customer_385,Dominos,Pizza,India,8,2003.46,4.8,2026-05-31
10411,Customer_2609,KFC,Sandwich,Sri Lanka,4,1038.51,4.5,2024-04-15
10412,Customer_861,Subway,Burger,Australia,8,661.28,2.7,2025-06-12
10413,Customer_1750,Pizza Hut,Burger,Australia,3,2063.77,2.0,2024-04-09
10414,Customer_563,Burger King,Pizza,Singapore,1,3259.16,1.6,2026-02-08
10415,Customer_2900,Dominos,Burger,Australia,5,4818.09,1.0,2026-05-02
10416,Customer_2995,Subway,Burger,India,9,1130.53,1.5,2024-01-13
10417,Customer_1256,Subway,Sandwich,India,1,2771.0,3.4,2024-12-08
10418,Customer_1961,Dominos,Pizza,Australia,2,4998.72,4.6,2025-12-12
10419,Customer_793,Subway,Burger,India,5,4176.57,4.9,2024-08-22
10420,Customer_731,Dominos,Pizza,Singapore,5,3164.85,2.5,2024-02-04
10421,Customer_2430,Subway,Sandwich,Sri Lanka,8,2026.13,2.3,2024-09-21
10422,Customer_781,Subway,Pizza,India,4,3413.33,2.1,2025-01-05
10423,Customer_495,Dominos,Fast Food,Australia,8,4947.6,2.2,2025-08-01
10424,Customer_2156,KFC,Sandwich,Singapore,9,1174.51,1.6,2024-08-05
10425,Customer_2378,Subway,Sandwich,Singapore,9,4453.72,2.9,2024-12-27
10426,Customer_281,Pizza Hut,Burger,Sri Lanka,4,990.37,2.7,2025-07-21
10427,Customer_647,Subway,Pizza,India,9,2195.26,3.7,2026-04-12
10428,Customer_1467,Subway,Sandwich,India,4,2230.79,2.0,2024-09-28
10429,Customer_615,Subway,Burger,Australia,10,2951.71,1.4,2025-01-19
10430,Customer_1057,Burger King,Sandwich,Australia,9,3736.76,1.9,2025-10-17
10431,Customer_1674,Subway,Fast Food,Australia,1,3617.0,2.2,2025-06-28
10432,Customer_505,Burger King,Pizza,Australia,8,4170.75,4.9,2024-04-08
10433,Customer_1801,Pizza Hut,Fast Food,Sri Lanka,1,3914.12,1.0,2026-01-28
10434,Customer_1006,Burger King,Pizza,Singapore,6,4870.06,2.9,2024-02-23
10435,Customer_2171,Dominos,Pizza,India,5,3309.81,4.2,2024-06-25
10436,Customer_2017,Subway,Pizza,Singapore,1,3729.47,1.2,2025-07-17
10437,Customer_2490,Subway,Burger,Australia,6,3798.3,1.7,2024-05-31
10438,Customer_290,Burger King,Sandwich,Sri Lanka,8,4432.84,3.9,2025-05-31
10439,Customer_1924,Pizza Hut,Fast Food,Sri Lanka,4,2813.5,3.0,2026-05-09
10440,Customer_465,Dominos,Pizza,India,7,509.23,3.4,2024-05-08
10441,Customer_2208,Subway,Burger,Australia,9,2718.22,2.2,2025-03-08
10442,Customer_357,Dominos,Pizza,India,3,1084.73,2.6,2024-09-05
10443,Customer_1142,Subway,Fast Food,Singapore,3,4440.74,2.1,2024-06-28
10444,Customer_2089,Burger King,Sandwich,India,3,2762.07,3.0,2024-12-09
10445,Customer_2878,KFC,Burger,India,1,4844.13,2.3,2024-09-28
10446,Customer_1173,Pizza Hut,Fast Food,Australia,1,3016.53,1.8,2024-06-15
10447,Customer_2869,Burger King,Burger,Sri Lanka,4,4350.12,2.8,2026-05-23
10448,Customer_1528,Pizza Hut,Pizza,Singapore,10,1276.46,3.8,2024-08-26
10449,Customer_2961,KFC,Sandwich,Sri Lanka,8,2171.79,2.5,2025-12-04
10450,Customer_356,Subway,Pizza,India,9,2531.99,1.2,2024-09-18
10451,Customer_892,Dominos,Fast Food,India,10,3103.59,4.1,2024-03-10
10452,Customer_635,KFC,Sandwich,Australia,5,1977.21,4.7,2024-08-01
10453,Customer_600,Dominos,Sandwich,Sri Lanka,8,4157.76,2.7,2024-06-13
10454,Customer_1831,Dominos,Burger,Australia,3,3928.37,4.7,2024-01-08
10455,Customer_2023,Dominos,Fast Food,India,6,3536.41,3.4,2024-02-08
10456,Customer_962,KFC,Fast Food,India,9,3292.54,3.0,2026-01-07
10457,Customer_364,Subway,Sandwich,Sri Lanka,6,1709.93,1.8,2024-04-29
10458,Customer_415,KFC,Sandwich,India,6,4001.15,2.1,2024-03-18
10459,Customer_2442,Burger King,Sandwich,Singapore,8,1874.61,3.9,2025-06-09
10460,Customer_99,Burger King,Sandwich,Australia,2,3059.65,1.9,2024-12-16
10461,Customer_1378,Burger King,Pizza,Australia,1,4758.97,2.5,2024-05-10
10462,Customer_258,Pizza Hut,Burger,Australia,10,4630.9,2.8,2026-02-07
10463,Customer_1531,Pizza Hut,Burger,Singapore,6,1470.08,4.4,2026-04-30
10464,Customer_1231,KFC,Pizza,Sri Lanka,4,3676.62,2.7,2024-12-15
10465,Customer_2334,Dominos,Burger,Sri Lanka,6,2552.32,2.7,2024-06-23
10466,Customer_2607,Subway,Sandwich,India,4,3913.74,1.7,2026-04-23
10467,Customer_2129,Subway,Sandwich,Singapore,2,883.12,3.7,2024-04-12
10468,Customer_1831,Dominos,Pizza,Sri Lanka,3,4205.03,4.6,2025-09-05
10469,Customer_1740,Burger King,Pizza,Australia,9,844.83,4.3,2025-03-08
10470,Customer_2252,Burger King,Sandwich,Sri Lanka,8,1212.07,2.1,2025-08-15
10471,Customer_2282,Subway,Pizza,India,9,3683.95,2.4,2025-02-13
10472,Customer_2742,Burger King,Fast Food,Sri Lanka,10,1602.83,2.0,2024-05-03
10473,Customer_1795,KFC,Fast Food,Sri Lanka,5,2943.33,1.0,2025-03-09
10474,Customer_707,Dominos,Pizza,Singapore,5,2437.57,1.2,2024-04-04
10475,Customer_500,Pizza Hut,Burger,Singapore,7,1559.54,3.5,2026-02-11
10476,Customer_267,Pizza Hut,Burger,Australia,6,2553.49,3.4,2026-01-24
10477,Customer_2469,KFC,Fast Food,India,5,586.83,4.2,2024-07-15
10478,Customer_1663,Dominos,Sandwich,Australia,9,1689.49,1.3,2025-05-17
10479,Customer_2519,Pizza Hut,Fast Food,Sri Lanka,5,1940.25,4.7,2024-12-05
10480,Customer_2688,Pizza Hut,Sandwich,India,1,1731.16,3.7,2025-03-29
10481,Customer_286,KFC,Sandwich,Australia,1,4584.02,1.8,2024-04-10
10482,Customer_12,Dominos,Fast Food,Singapore,4,2033.76,2.4,2025-10-13
10483,Customer_2527,Dominos,Fast Food,Singapore,8,2487.59,4.5,2025-09-25
10484,Customer_1566,Burger King,Fast Food,Sri Lanka,7,4873.73,2.3,2025-03-15
10485,Customer_803,Burger King,Burger,Australia,8,3253.8,2.9,2024-12-16
10486,Customer_2770,Pizza Hut,Pizza,Singapore,3,1943.56,2.4,2025-06-30
10487,Customer_1758,Pizza Hut,Sandwich,India,8,3514.48,1.1,2026-04-15
10488,Customer_2268,Pizza Hut,Fast Food,India,8,624.02,3.7,2024-11-09
10489,Customer_1134,Dominos,Burger,Singapore,7,804.29,3.5,2025-02-10
10490,Customer_1475,KFC,Sandwich,India,4,3574.46,3.0,2024-02-14
10491,Customer_1272,KFC,Burger,Australia,8,2669.83,4.8,2024-12-19
10492,Customer_488,Burger King,Pizza,Singapore,1,2705.86,3.1,2024-02-27
10493,Customer_2927,Subway,Pizza,Australia,9,4601.22,1.8,2025-08-02
10494,Customer_2946,Subway,Burger,Singapore,10,1004.62,4.8,2025-05-11
10495,Customer_1654,Dominos,Burger,Sri Lanka,5,1855.99,2.4,2025-12-01
10496,Customer_928,KFC,Pizza,Sri Lanka,3,1683.6,3.0,2026-05-27
10497,Customer_2987,Subway,Fast Food,Australia,3,2698.47,1.5,2025-10-20
10498,Customer_1345,Subway,Fast Food,Australia,10,2210.01,2.2,2025-11-27
10499,Customer_2221,KFC,Sandwich,India,8,3659.23,1.1,2025-11-26
10500,Customer_1787,Subway,Pizza,Australia,3,1697.56,3.1,2024-04-27
101,Customer_245,KFC,Burger,,8,1059.59,3.8,2024-03-14
102,Customer_1649,Burger King,Sandwich,Singapore,2,3191.16,4.6,2025-12-17
103,Customer_1321,Subway,Burger,Sri Lanka,2,1530.16,3.7,2026-01-22
104,Customer_2357,Subway,Fast Food,Australia,10,681.04,4.0,2026-05-31
105,Customer_2126,Dominos,Burger,India,10,2461.48,4.3,2025-04-26
106,Customer_1926,Burger King,Sandwich,Australia,6,3515.6,4.4,2024-04-03
107,Customer_1687,Dominos,Burger,Singapore,9,665.14,1.4,2024-12-03
108,Customer_1325,Pizza Hut,Sandwich,Sri Lanka,9,2578.89,1.2,2024-09-15
109,Customer_1482,Subway,Sandwich,Singapore,1,1416.01,3.2,2025-06-14
110,Customer_1795,Dominos,Fast Food,Sri Lanka,10,4096.91,3.8,2024-10-21
111,Customer_2257,Pizza Hut,Sandwich,Sri Lanka,4,4965.16,4.7,2024-11-14
112,Customer_482,KFC,Sandwich,Australia,9,3674.35,2.7,2025-04-17
113,Customer_1935,KFC,Sandwich,India,7,1357.75,3.4,2025-05-09
114,Customer_560,Pizza Hut,Burger,Singapore,6,4704.12,3.0,2026-02-03
115,Customer_11,Burger King,Burger,Singapore,3,2509.46,2.9,2026-04-20
116,Customer_2261,Subway,Sandwich,Singapore,6,4413.21,4.9,2024-12-06
117,Customer_2343,Dominos,Pizza,Singapore,1,1931.79,2.9,2024-09-01
118,Customer_1562,Dominos,Pizza,Singapore,1,1068.11,4.9,2026-04-10
119,Customer_412,Dominos,Fast Food,Singapore,1,3751.0,2.6,2024-12-05
120,Customer_633,Pizza Hut,Sandwich,Australia,6,3304.67,2.6,2025-11-01
